{
"type": "FeatureCollection",
"name": "kwamashu",
"crs": { "type": "name", "properties": { "name": "urn:ogc:def:crs:OGC:1.3:CRS84" } },
"features": [
{ "type": "Feature", "properties": { "EA_CODE": "59914235", "EA_TYPE": "Informal residential", "White": 0.0, "Black_African": 571.0, "Coloured": 0.0, "Indian_Asian": 0.0, "Other": 0.0, "area_km2": 0.025312, "sal2023_est": 595.010977, "walk_typology": "Artifact zone", "walk_dist_k1_km": 3.8232509803101111, "exceeds_walk_k1_3km": true, "econ_status": "Non_Wealthy", "Ai_walk": 0.075024, "walk_snap_flag": false, "drive_typology": "Well-served", "walk_dist_k3_km": 7.8761982229008813, "PR_NAME": "KwaZulu-Natal", "MN_NAME": "Ethekwini", "SP_NAME": "Besters" }, "geometry": { "type": "Polygon", "coordinates": [ [ [ 30.978282690872156, -29.715367402288628 ], [ 30.978272092872306, -29.715386196040406 ], [ 30.978273699809506, -29.715408164061547 ], [ 30.978228786990162, -29.715447409015084 ], [ 30.97812369842217, -29.715488620697922 ], [ 30.978051577788627, -29.715497893839427 ], [ 30.977941336858279, -29.715486559919899 ], [ 30.977906307124567, -29.715493773148943 ], [ 30.977857595788308, -29.715488842621323 ], [ 30.977863853986914, -29.715299532449869 ], [ 30.977863854584452, -29.715247901870406 ], [ 30.977851337657647, -29.715188448917708 ], [ 30.977893579964803, -29.715013220037289 ], [ 30.977934259240445, -29.714861458926624 ], [ 30.977826560259967, -29.714809852814181 ], [ 30.977878569778483, -29.714733256410952 ], [ 30.977897483348354, -29.71468219159657 ], [ 30.977904101636046, -29.714636802305243 ], [ 30.977900319991519, -29.714606541143787 ], [ 30.977880461540749, -29.714569661691627 ], [ 30.977843582214682, -29.714536564610171 ], [ 30.977761312061869, -29.714489283424296 ], [ 30.977655401519414, -29.714448621156951 ], [ 30.977562729389643, -29.714433490712864 ], [ 30.977729160623795, -29.714358786153671 ], [ 30.977806702306246, -29.714329470928799 ], [ 30.977888026357519, -29.714305829660752 ], [ 30.977972188566547, -29.714273678579723 ], [ 30.978020415263614, -29.714243418202514 ], [ 30.978046892997167, -29.714212212281705 ], [ 30.97806013202781, -29.714182898313435 ], [ 30.978063914272472, -29.714146964276775 ], [ 30.978057294761534, -29.714103465108082 ], [ 30.978006230744164, -29.713977695099633 ], [ 30.977975024830165, -29.713868947861705 ], [ 30.977931300071116, -29.713380318925729 ], [ 30.977971426604981, -29.713367551263261 ], [ 30.977998785571152, -29.713358431681851 ], [ 30.978037088276746, -29.713332896643795 ], [ 30.978066269767197, -29.713323777194706 ], [ 30.97809727661328, -29.713323777134015 ], [ 30.978137404378071, -29.713323776635598 ], [ 30.978183002587556, -29.713296417563704 ], [ 30.978221303959856, -29.713280002752153 ], [ 30.97826143094348, -29.713278178734203 ], [ 30.978322071962669, -29.713279817980833 ], [ 30.978372190940561, -29.713295894060451 ], [ 30.978406233621794, -29.713290220282051 ], [ 30.978462025701013, -29.713311970202312 ], [ 30.978506470030439, -29.713342229957881 ], [ 30.978555643186976, -29.713358305582151 ], [ 30.978705998854668, -29.713330881914331 ], [ 30.978706277569593, -29.713331402640602 ], [ 30.978976256556777, -29.713838491159397 ], [ 30.979375205986642, -29.714587036300056 ], [ 30.97958642738713, -29.714980607133061 ], [ 30.979287414341304, -29.714980606577011 ], [ 30.978976092216776, -29.714966456281378 ], [ 30.978853449198311, -29.714994758073857 ], [ 30.978636467275823, -29.715178721874899 ], [ 30.978452504303057, -29.715244760174119 ], [ 30.978282690872156, -29.715367402288628 ] ] ] } },
{ "type": "Feature", "properties": { "EA_CODE": "59914951", "EA_TYPE": "Informal residential", "White": 0.0, "Black_African": 602.0, "Coloured": 0.0, "Indian_Asian": 0.0, "Other": 0.0, "area_km2": 0.022701, "sal2023_est": 627.31455, "walk_typology": "Artifact zone", "walk_dist_k1_km": 3.8713583616130909, "exceeds_walk_k1_3km": true, "econ_status": "Non_Wealthy", "Ai_walk": 0.066195, "walk_snap_flag": false, "drive_typology": "Well-served", "walk_dist_k3_km": 7.9378230795201192, "PR_NAME": "KwaZulu-Natal", "MN_NAME": "Ethekwini", "SP_NAME": "Besters" }, "geometry": { "type": "Polygon", "coordinates": [ [ [ 30.978976092216776, -29.714966456281378 ], [ 30.979287414341304, -29.714980606577011 ], [ 30.97958642738713, -29.714980607133061 ], [ 30.979836971075347, -29.715447450034965 ], [ 30.980279582804766, -29.716272176426951 ], [ 30.980351794152217, -29.716406281849199 ], [ 30.980411046259302, -29.716516321019185 ], [ 30.980221781475933, -29.716613658075197 ], [ 30.980134074795085, -29.716600664205622 ], [ 30.980065859194422, -29.716633147885222 ], [ 30.979942421182646, -29.716561684089658 ], [ 30.979796245435914, -29.716542193557235 ], [ 30.979627329746229, -29.716425252600487 ], [ 30.979500644161394, -29.716383024330085 ], [ 30.979283003524706, -29.716350540276451 ], [ 30.97912058500189, -29.716344043724128 ], [ 30.978958166804478, -29.716366781631056 ], [ 30.978863964423606, -29.716217357425162 ], [ 30.978753520394317, -29.716084173688241 ], [ 30.978630082392101, -29.716019206654149 ], [ 30.978592707950231, -29.716000105245516 ], [ 30.978483905404048, -29.715944494772469 ], [ 30.978431931993484, -29.715899018207221 ], [ 30.978311742258171, -29.715824304645771 ], [ 30.978335936804381, -29.71575031542222 ], [ 30.978318422651562, -29.715704981715216 ], [ 30.978307088823204, -29.715621528048949 ], [ 30.978315332269524, -29.715534983890496 ], [ 30.978320718900836, -29.715481108138391 ], [ 30.978273699809506, -29.715408164061547 ], [ 30.978272092872306, -29.715386196040406 ], [ 30.978282690872156, -29.715367402288628 ], [ 30.978452504303057, -29.715244760174119 ], [ 30.978636467275823, -29.715178721874899 ], [ 30.978853449198311, -29.714994758073857 ], [ 30.978976092216776, -29.714966456281378 ] ] ] } },
{ "type": "Feature", "properties": { "EA_CODE": "59914230", "EA_TYPE": "Township", "White": 0.0, "Black_African": 638.0, "Coloured": 0.0, "Indian_Asian": 0.0, "Other": 0.0, "area_km2": 0.029601, "sal2023_est": 844.711353, "walk_typology": "Artifact zone", "walk_dist_k1_km": 3.9133618007370941, "exceeds_walk_k1_3km": true, "econ_status": "Non_Wealthy", "Ai_walk": 0.064247, "walk_snap_flag": false, "drive_typology": "Well-served", "walk_dist_k3_km": 7.9798265186441268, "PR_NAME": "KwaZulu-Natal", "MN_NAME": "Ethekwini", "SP_NAME": "Besters" }, "geometry": { "type": "Polygon", "coordinates": [ [ [ 30.975236977714907, -29.718064088456263 ], [ 30.975424724118643, -29.718098508348838 ], [ 30.975634373553806, -29.718145444839173 ], [ 30.975887829844702, -29.718203333134486 ], [ 30.976233595017831, -29.71826904381372 ], [ 30.976291484431304, -29.718276867170236 ], [ 30.976454197327762, -29.718308158063056 ], [ 30.976491746612883, -29.718315980229828 ], [ 30.976573102449297, -29.718345707072537 ], [ 30.976735815537868, -29.718411417988367 ], [ 30.976792138665104, -29.718417675652759 ], [ 30.976865672794816, -29.7184520958698 ], [ 30.976950157652432, -29.718473999834757 ], [ 30.976847654433115, -29.718663715868011 ], [ 30.97677727989274, -29.718699175321962 ], [ 30.976572190940697, -29.718758215841369 ], [ 30.976202409073615, -29.718811041784125 ], [ 30.975857485291399, -29.718857653049653 ], [ 30.97562753680419, -29.718894942086237 ], [ 30.975425554873333, -29.718873189743508 ], [ 30.975372728997339, -29.718904263696704 ], [ 30.975180068835961, -29.719081387024048 ], [ 30.975089953648141, -29.7191621796796 ], [ 30.975012269524512, -29.719255401799117 ], [ 30.974847576435046, -29.719423202563043 ], [ 30.974657757713032, -29.719553077334261 ], [ 30.974554537206124, -29.719480865372581 ], [ 30.974409268517849, -29.719352197104595 ], [ 30.97427333708805, -29.719210039876558 ], [ 30.974129103712492, -29.719020152028925 ], [ 30.97408652230239, -29.718933242962617 ], [ 30.974002512111458, -29.718761778803643 ], [ 30.973955818264422, -29.718642451355731 ], [ 30.973873847922061, -29.718354484293126 ], [ 30.973789772231026, -29.718095378919525 ], [ 30.973796263073613, -29.718093719945816 ], [ 30.973930581422216, -29.718059394628281 ], [ 30.974024454079327, -29.718054701364014 ], [ 30.974088599678566, -29.718029667685137 ], [ 30.974121456511568, -29.718015587241023 ], [ 30.974163698783322, -29.717960827977599 ], [ 30.974194988894379, -29.717926407899665 ], [ 30.974232538900861, -29.717891988010841 ], [ 30.974279475240483, -29.717838793024214 ], [ 30.974337363478153, -29.717830970990583 ], [ 30.974392122171043, -29.717784034401113 ], [ 30.974462527608125, -29.71774335623796 ], [ 30.974554834747803, -29.717685468242898 ], [ 30.974681563727859, -29.717790292441453 ], [ 30.974764485078342, -29.717857567617866 ], [ 30.974863050639652, -29.717913891891673 ], [ 30.975132154029371, -29.717992118878723 ], [ 30.975236977714907, -29.718064088456263 ] ] ] } },
{ "type": "Feature", "properties": { "EA_CODE": "59914222", "EA_TYPE": "Informal residential", "White": 0.0, "Black_African": 701.0, "Coloured": 12.0, "Indian_Asian": 5.0, "Other": 0.0, "area_km2": 0.025378, "sal2023_est": 748.192437, "walk_typology": "Artifact zone", "walk_dist_k1_km": 3.376834936490388, "exceeds_walk_k1_3km": true, "econ_status": "Non_Wealthy", "Ai_walk": 0.09039, "walk_snap_flag": false, "drive_typology": "Well-served", "walk_dist_k3_km": 7.4432996543974177, "PR_NAME": "KwaZulu-Natal", "MN_NAME": "Ethekwini", "SP_NAME": "Besters" }, "geometry": { "type": "Polygon", "coordinates": [ [ [ 30.979606813295746, -29.722111284993524 ], [ 30.979451166326648, -29.722066666961556 ], [ 30.979219772165088, -29.722010634295557 ], [ 30.979138835908802, -29.721987805826615 ], [ 30.978947681004456, -29.721936538408048 ], [ 30.978868011844554, -29.721915170627952 ], [ 30.978638693129113, -29.721817633184113 ], [ 30.978466444913536, -29.721727358122855 ], [ 30.978337776972083, -29.721638121098383 ], [ 30.978149964425892, -29.721491814206541 ], [ 30.977970061485735, -29.721336847321489 ], [ 30.978213544720212, -29.721224013278093 ], [ 30.978431702992275, -29.721156141427105 ], [ 30.978586838588701, -29.721134325967984 ], [ 30.978804995837393, -29.721025245777678 ], [ 30.978986794399113, -29.720887080399606 ], [ 30.979195256184099, -29.72060589776153 ], [ 30.979304334622853, -29.720450763926316 ], [ 30.979573397609766, -29.720210789534864 ], [ 30.979675203871139, -29.720106559312711 ], [ 30.979767315341775, -29.719941727781904 ], [ 30.97980974865229, -29.719849035291642 ], [ 30.979885493888428, -29.719786561152198 ], [ 30.980044232590188, -29.719882432333716 ], [ 30.980094525802215, -29.71995158578509 ], [ 30.980140103894009, -29.719998735940806 ], [ 30.980187254131376, -29.720093035292198 ], [ 30.980245405219353, -29.720141757426529 ], [ 30.980309844502916, -29.720182620296949 ], [ 30.980399427998346, -29.720262774553575 ], [ 30.980376157850355, -29.720278504060396 ], [ 30.980106973367025, -29.720426407099765 ], [ 30.979979775891632, -29.720568395019125 ], [ 30.979905824480522, -29.720781376398538 ], [ 30.979935405157839, -29.721044644963058 ], [ 30.979947237012645, -29.721257626881968 ], [ 30.979973860541602, -29.721361158857661 ], [ 30.9800980992799, -29.721435111181144 ], [ 30.980030283152466, -29.721546635427291 ], [ 30.979912322465321, -29.721746654080636 ], [ 30.979768719360504, -29.721880000317185 ], [ 30.979671274357003, -29.722003088891412 ], [ 30.979606813295746, -29.722111284993524 ] ] ] } },
{ "type": "Feature", "properties": { "EA_CODE": "59914226", "EA_TYPE": "Informal residential", "White": 0.0, "Black_African": 796.0, "Coloured": 0.0, "Indian_Asian": 1.0, "Other": 0.0, "area_km2": 0.028464, "sal2023_est": 1055.227192, "walk_typology": "Artifact zone", "walk_dist_k1_km": 3.7598225542846144, "exceeds_walk_k1_3km": true, "econ_status": "Non_Wealthy", "Ai_walk": 0.067078, "walk_snap_flag": false, "drive_typology": "Well-served", "walk_dist_k3_km": 7.826287272191645, "PR_NAME": "KwaZulu-Natal", "MN_NAME": "Ethekwini", "SP_NAME": "Besters" }, "geometry": { "type": "Polygon", "coordinates": [ [ [ 30.974657757713032, -29.719553077334261 ], [ 30.974847576435046, -29.719423202563043 ], [ 30.975012269524512, -29.719255401799117 ], [ 30.975089953648141, -29.7191621796796 ], [ 30.975180068835961, -29.719081387024048 ], [ 30.975372728997339, -29.718904263696704 ], [ 30.975425554873333, -29.718873189743508 ], [ 30.97562753680419, -29.718894942086237 ], [ 30.975857485291399, -29.718857653049653 ], [ 30.976202409073615, -29.718811041784125 ], [ 30.976572190940697, -29.718758215841369 ], [ 30.97677727989274, -29.718699175321962 ], [ 30.976847654433115, -29.718663715868011 ], [ 30.976926646428517, -29.718900693902533 ], [ 30.977126452140489, -29.719481522816434 ], [ 30.977098572050974, -29.719588396336249 ], [ 30.977024225874136, -29.719727795448339 ], [ 30.976968466025873, -29.719974066311082 ], [ 30.977001131344178, -29.720054639279791 ], [ 30.976880707668364, -29.720157859294797 ], [ 30.976560486749275, -29.720389128690073 ], [ 30.976500288598217, -29.720337535993174 ], [ 30.976413352970869, -29.720309230888905 ], [ 30.976391114134739, -29.720286992000286 ], [ 30.976346635070417, -29.720260708763789 ], [ 30.976286046479537, -29.720236782279276 ], [ 30.976229290616278, -29.720247681873808 ], [ 30.976175332885482, -29.720246644026854 ], [ 30.976103735742331, -29.72022485406988 ], [ 30.975942901428365, -29.720171934412672 ], [ 30.975751975621648, -29.720108637825437 ], [ 30.975653399114499, -29.72008062101467 ], [ 30.975525768789719, -29.720085809811348 ], [ 30.975479076315537, -29.720080621315816 ], [ 30.975430306579401, -29.720046378630517 ], [ 30.975380499897241, -29.719988271305226 ], [ 30.975320316644687, -29.71993120072991 ], [ 30.975172970712705, -29.719851303307458 ], [ 30.975029777605169, -29.719776592708552 ], [ 30.9748710177482, -29.7196915063214 ], [ 30.97480668407356, -29.719657263558158 ], [ 30.974657757713032, -29.719553077334261 ] ] ] } },
{ "type": "Feature", "properties": { "EA_CODE": "59914229", "EA_TYPE": "Informal residential", "White": 0.0, "Black_African": 806.0, "Coloured": 0.0, "Indian_Asian": 1.0, "Other": 1.0, "area_km2": 0.029769, "sal2023_est": 841.977005, "walk_typology": "Artifact zone", "walk_dist_k1_km": 3.6170830424821689, "exceeds_walk_k1_3km": true, "econ_status": "Non_Wealthy", "Ai_walk": 0.066067, "walk_snap_flag": false, "drive_typology": "Well-served", "walk_dist_k3_km": 7.6835477603892013, "PR_NAME": "KwaZulu-Natal", "MN_NAME": "Ethekwini", "SP_NAME": "Besters" }, "geometry": { "type": "Polygon", "coordinates": [ [ [ 30.977001131344178, -29.720054639279791 ], [ 30.976968466025873, -29.719974066311082 ], [ 30.977024225874136, -29.719727795448339 ], [ 30.977098572050974, -29.719588396336249 ], [ 30.977126452140489, -29.719481522816434 ], [ 30.976926646428517, -29.718900693902533 ], [ 30.976847654433115, -29.718663715868011 ], [ 30.976950157652432, -29.718473999834757 ], [ 30.977053418106504, -29.718372303986076 ], [ 30.977209872883272, -29.718237752943082 ], [ 30.977374150901785, -29.718109459950636 ], [ 30.97769644715116, -29.717906068755298 ], [ 30.977827869440603, -29.717805938001714 ], [ 30.977927781373072, -29.717790367094015 ], [ 30.978139170425546, -29.717661928350722 ], [ 30.978339855350811, -29.717554895776104 ], [ 30.97848167265629, -29.717474621932904 ], [ 30.978731096766502, -29.717430733358171 ], [ 30.979174052648972, -29.717365252852517 ], [ 30.979384112653516, -29.717228462159451 ], [ 30.979462155472113, -29.717393029767269 ], [ 30.979429920346615, -29.71754741787851 ], [ 30.979418044236091, -29.717560990606508 ], [ 30.979394292531552, -29.717633942690824 ], [ 30.979380718819687, -29.71783244173977 ], [ 30.979399382079968, -29.717846014562191 ], [ 30.979404470955245, -29.717864676908786 ], [ 30.979397685126656, -29.717927450906554 ], [ 30.979389202236444, -29.7179596856461 ], [ 30.97936036047393, -29.717997010427464 ], [ 30.979362056826655, -29.71805808687067 ], [ 30.979360360188728, -29.718132735767469 ], [ 30.979328126239711, -29.718149702092507 ], [ 30.979282318191576, -29.718202295984604 ], [ 30.979292497447659, -29.718249799995689 ], [ 30.979293582734986, -29.718423459049355 ], [ 30.978904689595232, -29.718410537398086 ], [ 30.978351370571946, -29.718527024804864 ], [ 30.977972783701016, -29.718730879380871 ], [ 30.977623320067249, -29.719167709818933 ], [ 30.977186489492084, -29.719895760824603 ], [ 30.977001131344178, -29.720054639279791 ] ] ] } },
{ "type": "Feature", "properties": { "EA_CODE": "59914219", "EA_TYPE": "Township", "White": 0.0, "Black_African": 816.0, "Coloured": 0.0, "Indian_Asian": 0.0, "Other": 0.0, "area_km2": 0.078848, "sal2023_est": 850.31341, "walk_typology": "Well-served", "walk_dist_k1_km": 2.9000138691310893, "exceeds_walk_k1_3km": false, "econ_status": "Non_Wealthy", "Ai_walk": 0.13523, "walk_snap_flag": false, "drive_typology": "Well-served", "walk_dist_k3_km": 6.9664785870381198, "PR_NAME": "KwaZulu-Natal", "MN_NAME": "Ethekwini", "SP_NAME": "Besters" }, "geometry": { "type": "Polygon", "coordinates": [ [ [ 30.984696982513729, -29.722165485033031 ], [ 30.984539764647554, -29.722596973362915 ], [ 30.984398354516838, -29.722941348633402 ], [ 30.984351771937604, -29.723049487381459 ], [ 30.984293543800639, -29.723149305848015 ], [ 30.984233651756163, -29.723237479905126 ], [ 30.984098896033718, -29.723383880982379 ], [ 30.983741211357518, -29.723801458825832 ], [ 30.983621427314912, -29.723954514765691 ], [ 30.9834467440113, -29.724164134729822 ], [ 30.982713867785641, -29.723923326568972 ], [ 30.982633612307573, -29.723889802093208 ], [ 30.982486267560557, -29.723836882993968 ], [ 30.982193652471118, -29.723741419802995 ], [ 30.982168373938443, -29.723731364772323 ], [ 30.982005839225913, -29.723666709711505 ], [ 30.981838779435645, -29.723576434594136 ], [ 30.981630213283971, -29.723430126566335 ], [ 30.981439286685337, -29.723255803616983 ], [ 30.981358950517215, -29.723144387567746 ], [ 30.981297129897616, -29.723058652172931 ], [ 30.981192328341574, -29.722850086112832 ], [ 30.981140446004726, -29.722699628404918 ], [ 30.981081301524256, -29.722472384973951 ], [ 30.981058602080164, -29.722183285087691 ], [ 30.981067564523801, -29.722048823266842 ], [ 30.981202484867325, -29.722057180742514 ], [ 30.981239499623456, -29.722052405362284 ], [ 30.981289646316689, -29.722038077272831 ], [ 30.981374419029944, -29.722035688866608 ], [ 30.981394717150817, -29.721934199896467 ], [ 30.981405463451697, -29.721921065731202 ], [ 30.981540383827401, -29.721862560851442 ], [ 30.981637096942851, -29.721815995409887 ], [ 30.98169440775489, -29.721799279040109 ], [ 30.981762466332121, -29.721763460344039 ], [ 30.981812613207236, -29.721734803653138 ], [ 30.981890223520896, -29.72169659603653 ], [ 30.981966638479904, -29.721622569113478 ], [ 30.982004846069145, -29.721553317617325 ], [ 30.982033501544809, -29.721512722244256 ], [ 30.982040665108251, -29.721437501335604 ], [ 30.982096783114997, -29.721339593380215 ], [ 30.982213794603656, -29.721365860863507 ], [ 30.982294984967403, -29.721339593083741 ], [ 30.982379758104887, -29.721285863907518 ], [ 30.98256602002623, -29.721285864178334 ], [ 30.982620944567291, -29.72124884984818 ], [ 30.982746313524181, -29.721101990391329 ], [ 30.98287406985845, -29.721014827876584 ], [ 30.98315097727987, -29.720910987833054 ], [ 30.983163622923573, -29.720925623835008 ], [ 30.983667714647765, -29.721386008338566 ], [ 30.98404359796638, -29.721694873570971 ], [ 30.984503982248196, -29.722041619230939 ], [ 30.984668567396671, -29.722147247627408 ], [ 30.984696982513729, -29.722165485033031 ] ] ] } },
{ "type": "Feature", "properties": { "EA_CODE": "59914849", "EA_TYPE": "Informal residential", "White": 0.0, "Black_African": 812.0, "Coloured": 1.0, "Indian_Asian": 2.0, "Other": 1.0, "area_km2": 0.033028, "sal2023_est": 850.31341, "walk_typology": "Artifact zone", "walk_dist_k1_km": 3.0038041652899201, "exceeds_walk_k1_3km": true, "econ_status": "Non_Wealthy", "Ai_walk": 0.119377, "walk_snap_flag": false, "drive_typology": "Well-served", "walk_dist_k3_km": 7.0702688831969498, "PR_NAME": "KwaZulu-Natal", "MN_NAME": "Ethekwini", "SP_NAME": "Besters" }, "geometry": { "type": "Polygon", "coordinates": [ [ [ 30.981067564523801, -29.722048823266842 ], [ 30.980900167012177, -29.719920799937558 ], [ 30.981133128020197, -29.719932954658088 ], [ 30.981339864465724, -29.719962792575643 ], [ 30.981472005536641, -29.719981974560302 ], [ 30.981561519090462, -29.720007551232317 ], [ 30.981680872222615, -29.719992632098688 ], [ 30.982140676016233, -29.719690024600361 ], [ 30.982330268697606, -29.719961148028034 ], [ 30.98315097727987, -29.720910987833054 ], [ 30.98287406985845, -29.721014827876584 ], [ 30.982746313524181, -29.721101990391329 ], [ 30.982620944567291, -29.72124884984818 ], [ 30.98256602002623, -29.721285864178334 ], [ 30.982379758104887, -29.721285863907518 ], [ 30.982294984967403, -29.721339593083741 ], [ 30.982213794603656, -29.721365860863507 ], [ 30.982096783114997, -29.721339593380215 ], [ 30.982040665108251, -29.721437501335604 ], [ 30.982033501544809, -29.721512722244256 ], [ 30.982004846069145, -29.721553317617325 ], [ 30.981966638479904, -29.721622569113478 ], [ 30.981890223520896, -29.72169659603653 ], [ 30.981812613207236, -29.721734803653138 ], [ 30.981762466332121, -29.721763460344039 ], [ 30.98169440775489, -29.721799279040109 ], [ 30.981637096942851, -29.721815995409887 ], [ 30.981540383827401, -29.721862560851442 ], [ 30.981405463451697, -29.721921065731202 ], [ 30.981394717150817, -29.721934199896467 ], [ 30.981374419029944, -29.722035688866608 ], [ 30.981289646316689, -29.722038077272831 ], [ 30.981239499623456, -29.722052405362284 ], [ 30.981202484867325, -29.722057180742514 ], [ 30.981067564523801, -29.722048823266842 ] ] ] } },
{ "type": "Feature", "properties": { "EA_CODE": "59914227", "EA_TYPE": "Informal residential", "White": 0.0, "Black_African": 826.0, "Coloured": 0.0, "Indian_Asian": 2.0, "Other": 0.0, "area_km2": 0.039188, "sal2023_est": 862.818019, "walk_typology": "Artifact zone", "walk_dist_k1_km": 3.479174653782509, "exceeds_walk_k1_3km": true, "econ_status": "Non_Wealthy", "Ai_walk": 0.068815, "walk_snap_flag": false, "drive_typology": "Well-served", "walk_dist_k3_km": 7.5456393716895409, "PR_NAME": "KwaZulu-Natal", "MN_NAME": "Ethekwini", "SP_NAME": "Besters" }, "geometry": { "type": "Polygon", "coordinates": [ [ [ 30.979293582734986, -29.718423459049355 ], [ 30.979490333614208, -29.718429996998527 ], [ 30.979728481119505, -29.718487152332806 ], [ 30.980285746224069, -29.718763403067069 ], [ 30.980714411828366, -29.719253986564667 ], [ 30.980575455090911, -29.719410933289833 ], [ 30.980478012314162, -29.719442365723623 ], [ 30.980419860039763, -29.719514662829422 ], [ 30.980327131743653, -29.719561813079242 ], [ 30.980249431640143, -29.719594459966366 ], [ 30.980106400350305, -29.719383383195886 ], [ 30.980051390861188, -29.719365541596598 ], [ 30.979966647305833, -29.719344728265796 ], [ 30.979887850711044, -29.719325400690234 ], [ 30.979780807181523, -29.719288233250907 ], [ 30.97974222222274, -29.719254057873968 ], [ 30.979728770936152, -29.719242143599729 ], [ 30.979684168935275, -29.719196056358999 ], [ 30.97961726693277, -29.71914699434339 ], [ 30.979553337679747, -29.719127666054675 ], [ 30.979435886603859, -29.719099418063898 ], [ 30.979327354967271, -29.719080091094391 ], [ 30.979263426341408, -29.719054817096051 ], [ 30.979184317246837, -29.719010999705343 ], [ 30.97885459826071, -29.719109098083006 ], [ 30.978790095592831, -29.719155031729585 ], [ 30.978873040506663, -29.719239197140755 ], [ 30.978917378902068, -29.71933142196341 ], [ 30.978959944047102, -29.719498136626886 ], [ 30.978964017910613, -29.719588578091432 ], [ 30.978963039611255, -29.719588202816333 ], [ 30.97890940771293, -29.719591664097006 ], [ 30.9788229054518, -29.71959858363951 ], [ 30.978722561046148, -29.719621074768899 ], [ 30.978670659064804, -29.71963664539221 ], [ 30.978514954329729, -29.719724877679386 ], [ 30.978414609745315, -29.719776779935867 ], [ 30.978386949314768, -29.719807432089361 ], [ 30.97833115946915, -29.719848263779735 ], [ 30.97826913879554, -29.719874149587461 ], [ 30.978227762684721, -29.719896154653089 ], [ 30.97812049911337, -29.720119332821991 ], [ 30.977905971619194, -29.720392683096961 ], [ 30.977800436743365, -29.720463616177238 ], [ 30.977385221860608, -29.720641812293749 ], [ 30.97714647320252, -29.720711014896722 ], [ 30.977123147350738, -29.720762562165508 ], [ 30.976975354343395, -29.720680378241781 ], [ 30.976757449912515, -29.720557936403079 ], [ 30.976560486749275, -29.720389128690073 ], [ 30.976880707668364, -29.720157859294797 ], [ 30.977001131344178, -29.720054639279791 ], [ 30.977186489492084, -29.719895760824603 ], [ 30.977623320067249, -29.719167709818933 ], [ 30.977972783701016, -29.718730879380871 ], [ 30.978351370571946, -29.718527024804864 ], [ 30.978904689595232, -29.718410537398086 ], [ 30.979293582734986, -29.718423459049355 ] ] ] } },
{ "type": "Feature", "properties": { "EA_CODE": "59914224", "EA_TYPE": "Informal residential", "White": 0.0, "Black_African": 907.0, "Coloured": 4.0, "Indian_Asian": 2.0, "Other": 0.0, "area_km2": 0.032007, "sal2023_est": 951.392333, "walk_typology": "Artifact zone", "walk_dist_k1_km": 3.4150390782825792, "exceeds_walk_k1_3km": true, "econ_status": "Non_Wealthy", "Ai_walk": 0.088093, "walk_snap_flag": false, "drive_typology": "Well-served", "walk_dist_k3_km": 7.4815037961896076, "PR_NAME": "KwaZulu-Natal", "MN_NAME": "Ethekwini", "SP_NAME": "Besters" }, "geometry": { "type": "Polygon", "coordinates": [ [ [ 30.980106400350305, -29.719383383195886 ], [ 30.980249431640143, -29.719594459966366 ], [ 30.980140103714511, -29.71964039637929 ], [ 30.980037946037733, -29.719700118946147 ], [ 30.979885493888428, -29.719786561152198 ], [ 30.97980974865229, -29.719849035291642 ], [ 30.979767315341775, -29.719941727781904 ], [ 30.979675203871139, -29.720106559312711 ], [ 30.979573397609766, -29.720210789534864 ], [ 30.979304334622853, -29.720450763926316 ], [ 30.979195256184099, -29.72060589776153 ], [ 30.978986794399113, -29.720887080399606 ], [ 30.978804995837393, -29.721025245777678 ], [ 30.978586838588701, -29.721134325967984 ], [ 30.978431702992275, -29.721156141427105 ], [ 30.978213544720212, -29.721224013278093 ], [ 30.977970061485735, -29.721336847321489 ], [ 30.977940361026668, -29.721311263791296 ], [ 30.977747358879959, -29.721153543119865 ], [ 30.97754086888591, -29.721001008941013 ], [ 30.977421539784217, -29.720929412173945 ], [ 30.977197410280109, -29.720803856663018 ], [ 30.977123295166848, -29.720762644251298 ], [ 30.977123147350738, -29.720762562165508 ], [ 30.97714647320252, -29.720711014896722 ], [ 30.977385221860608, -29.720641812293749 ], [ 30.977800436743365, -29.720463616177238 ], [ 30.977905971619194, -29.720392683096961 ], [ 30.97812049911337, -29.720119332821991 ], [ 30.978227762684721, -29.719896154653089 ], [ 30.97826913879554, -29.719874149587461 ], [ 30.97833115946915, -29.719848263779735 ], [ 30.978386949314768, -29.719807432089361 ], [ 30.978414609745315, -29.719776779935867 ], [ 30.978514954329729, -29.719724877679386 ], [ 30.978670659064804, -29.71963664539221 ], [ 30.978722561046148, -29.719621074768899 ], [ 30.9788229054518, -29.71959858363951 ], [ 30.97890940771293, -29.719591664097006 ], [ 30.978963039611255, -29.719588202816333 ], [ 30.978964017910613, -29.719588578091432 ], [ 30.978959944047102, -29.719498136626886 ], [ 30.978917378902068, -29.71933142196341 ], [ 30.978873040506663, -29.719239197140755 ], [ 30.978790095592831, -29.719155031729585 ], [ 30.97885459826071, -29.719109098083006 ], [ 30.979184317246837, -29.719010999705343 ], [ 30.979263426341408, -29.719054817096051 ], [ 30.979327354967271, -29.719080091094391 ], [ 30.979435886603859, -29.719099418063898 ], [ 30.979553337679747, -29.719127666054675 ], [ 30.97961726693277, -29.71914699434339 ], [ 30.979684168935275, -29.719196056358999 ], [ 30.979728770936152, -29.719242143599729 ], [ 30.97974222222274, -29.719254057873968 ], [ 30.979780807181523, -29.719288233250907 ], [ 30.979887850711044, -29.719325400690234 ], [ 30.979966647305833, -29.719344728265796 ], [ 30.980051390861188, -29.719365541596598 ], [ 30.980106400350305, -29.719383383195886 ] ] ] } },
{ "type": "Feature", "properties": { "EA_CODE": "59914225", "EA_TYPE": "Informal residential", "White": 1.0, "Black_African": 971.0, "Coloured": 2.0, "Indian_Asian": 0.0, "Other": 0.0, "area_km2": 0.031519, "sal2023_est": 1014.957429, "walk_typology": "Artifact zone", "walk_dist_k1_km": 3.3203886970722616, "exceeds_walk_k1_3km": true, "econ_status": "Non_Wealthy", "Ai_walk": 0.097479, "walk_snap_flag": false, "drive_typology": "Well-served", "walk_dist_k3_km": 7.3868534149792939, "PR_NAME": "KwaZulu-Natal", "MN_NAME": "Ethekwini", "SP_NAME": "Besters" }, "geometry": { "type": "Polygon", "coordinates": [ [ [ 30.980900167012177, -29.719920799937558 ], [ 30.981067564523801, -29.722048823266842 ], [ 30.981058602080164, -29.722183285087691 ], [ 30.981081301524256, -29.722472384973951 ], [ 30.980819815456201, -29.72262595474557 ], [ 30.980802175440342, -29.72261350425228 ], [ 30.980776234477084, -29.722605203141612 ], [ 30.980734729530088, -29.722571997658857 ], [ 30.980665207175953, -29.722588600062231 ], [ 30.980608136532592, -29.722548132120753 ], [ 30.980566631398148, -29.722515964981298 ], [ 30.980497108629478, -29.722453706911267 ], [ 30.980450415527947, -29.722453706857305 ], [ 30.98036740458851, -29.722407012584192 ], [ 30.980274016130917, -29.722349943017349 ], [ 30.980177514769768, -29.722298060840764 ], [ 30.980111106554293, -29.722273156819 ], [ 30.980004229184036, -29.722227500926572 ], [ 30.979958572913869, -29.722209860904293 ], [ 30.979859996735016, -29.722188070611232 ], [ 30.979808115050769, -29.722193258980592 ], [ 30.979692937286938, -29.722150716436161 ], [ 30.979606813295746, -29.722111284993524 ], [ 30.979671274357003, -29.722003088891412 ], [ 30.979768719360504, -29.721880000317185 ], [ 30.979912322465321, -29.721746654080636 ], [ 30.980030283152466, -29.721546635427291 ], [ 30.9800980992799, -29.721435111181144 ], [ 30.979973860541602, -29.721361158857661 ], [ 30.979947237012645, -29.721257626881968 ], [ 30.979935405157839, -29.721044644963058 ], [ 30.979905824480522, -29.720781376398538 ], [ 30.979979775891632, -29.720568395019125 ], [ 30.980106973367025, -29.720426407099765 ], [ 30.980376157850355, -29.720278504060396 ], [ 30.980399427998346, -29.720262774553575 ], [ 30.980309844502916, -29.720182620296949 ], [ 30.980245405219353, -29.720141757426529 ], [ 30.980187254131376, -29.720093035292198 ], [ 30.980140103894009, -29.719998735940806 ], [ 30.980094525802215, -29.71995158578509 ], [ 30.980044232590188, -29.719882432333716 ], [ 30.979885493888428, -29.719786561152198 ], [ 30.980037946037733, -29.719700118946147 ], [ 30.980140103714511, -29.71964039637929 ], [ 30.980249431640143, -29.719594459966366 ], [ 30.980327131743653, -29.719561813079242 ], [ 30.980419860039763, -29.719514662829422 ], [ 30.980478012314162, -29.719442365723623 ], [ 30.980575455090911, -29.719410933289833 ], [ 30.980714411828366, -29.719253986564667 ], [ 30.980833485397241, -29.719615971106897 ], [ 30.980900167012177, -29.719920799937558 ] ] ] } },
{ "type": "Feature", "properties": { "EA_CODE": "59914231", "EA_TYPE": "Informal residential", "White": 0.0, "Black_African": 973.0, "Coloured": 14.0, "Indian_Asian": 1.0, "Other": 7.0, "area_km2": 0.033494, "sal2023_est": 1036.840494, "walk_typology": "Artifact zone", "walk_dist_k1_km": 3.7192464272514929, "exceeds_walk_k1_3km": true, "econ_status": "Non_Wealthy", "Ai_walk": 0.064369, "walk_snap_flag": false, "drive_typology": "Well-served", "walk_dist_k3_km": 7.7857111451585226, "PR_NAME": "KwaZulu-Natal", "MN_NAME": "Ethekwini", "SP_NAME": "Besters" }, "geometry": { "type": "Polygon", "coordinates": [ [ [ 30.978320718900836, -29.715481108138391 ], [ 30.978315332269524, -29.715534983890496 ], [ 30.978307088823204, -29.715621528048949 ], [ 30.978318422651562, -29.715704981715216 ], [ 30.978335936804381, -29.71575031542222 ], [ 30.978311742258171, -29.715824304645771 ], [ 30.978431931993484, -29.715899018207221 ], [ 30.978483905404048, -29.715944494772469 ], [ 30.978592707950231, -29.716000105245516 ], [ 30.978630082392101, -29.716019206654149 ], [ 30.978753520394317, -29.716084173688241 ], [ 30.978863964423606, -29.716217357425162 ], [ 30.978958166804478, -29.716366781631056 ], [ 30.97912058500189, -29.716344043724128 ], [ 30.979283003524706, -29.716350540276451 ], [ 30.979500644161394, -29.716383024330085 ], [ 30.979627329746229, -29.716425252600487 ], [ 30.979796245435914, -29.716542193557235 ], [ 30.979942421182646, -29.716561684089658 ], [ 30.980065859194422, -29.716633147885222 ], [ 30.980134074795085, -29.716600664205622 ], [ 30.980221781475933, -29.716613658075197 ], [ 30.980411046259302, -29.716516321019185 ], [ 30.980615412691392, -29.71689586045315 ], [ 30.980198468393514, -29.716999423916395 ], [ 30.979972823760601, -29.717052017833829 ], [ 30.979664047080835, -29.717152115744508 ], [ 30.979384112653516, -29.717228462159451 ], [ 30.979174052648972, -29.717365252852517 ], [ 30.978731096766502, -29.717430733358171 ], [ 30.97848167265629, -29.717474621932904 ], [ 30.978339855350811, -29.717554895776104 ], [ 30.978139170425546, -29.717661928350722 ], [ 30.977927781373072, -29.717790367094015 ], [ 30.977827869440603, -29.717805938001714 ], [ 30.977782498150894, -29.717740227432298 ], [ 30.977760594029924, -29.717652611888717 ], [ 30.977699577164902, -29.717541529310328 ], [ 30.977712093507908, -29.717516497052483 ], [ 30.977755900009665, -29.717489898611653 ], [ 30.977791885350658, -29.717453914994362 ], [ 30.977780933334092, -29.717433575736425 ], [ 30.977743384319616, -29.717388203927527 ], [ 30.97771365756336, -29.717333444050691 ], [ 30.977744948480812, -29.717278685190269 ], [ 30.977801272561248, -29.717252087768934 ], [ 30.977762158549709, -29.717156651332679 ], [ 30.977769981273706, -29.717123794744548 ], [ 30.977796579593981, -29.716818707716861 ], [ 30.977809095151407, -29.716576203197217 ], [ 30.977816917965722, -29.716282067803046 ], [ 30.977763723083132, -29.716135000813829 ], [ 30.977816917720482, -29.716089628847346 ], [ 30.977830999378938, -29.71603643431931 ], [ 30.977771546172562, -29.716006708037259 ], [ 30.977804401124974, -29.715961336043023 ], [ 30.977835692638948, -29.715925351260314 ], [ 30.977843515391161, -29.715632780667733 ], [ 30.977826305297764, -29.715581150554417 ], [ 30.97782473975834, -29.715535778558777 ], [ 30.977857595788308, -29.715488842621323 ], [ 30.977906307124567, -29.715493773148943 ], [ 30.977941336858279, -29.715486559919899 ], [ 30.978051577788627, -29.715497893839427 ], [ 30.97812369842217, -29.715488620697922 ], [ 30.978228786990162, -29.715447409015084 ], [ 30.978273699809506, -29.715408164061547 ], [ 30.978320718900836, -29.715481108138391 ] ] ] } },
{ "type": "Feature", "properties": { "EA_CODE": "59914228", "EA_TYPE": "Informal residential", "White": 1.0, "Black_African": 985.0, "Coloured": 18.0, "Indian_Asian": 0.0, "Other": 2.0, "area_km2": 0.045293, "sal2023_est": 1048.303053, "walk_typology": "Artifact zone", "walk_dist_k1_km": 3.3085625994991497, "exceeds_walk_k1_3km": true, "econ_status": "Non_Wealthy", "Ai_walk": 0.094343, "walk_snap_flag": false, "drive_typology": "Well-served", "walk_dist_k3_km": 7.3750273174061798, "PR_NAME": "KwaZulu-Natal", "MN_NAME": "Ethekwini", "SP_NAME": "Besters" }, "geometry": { "type": "Polygon", "coordinates": [ [ [ 30.980945489102133, -29.717531274156947 ], [ 30.981427534860931, -29.718531520789362 ], [ 30.981932049054464, -29.719394312948054 ], [ 30.981935184092045, -29.719396164600898 ], [ 30.982140676016233, -29.719690024600361 ], [ 30.981680872222615, -29.719992632098688 ], [ 30.981561519090462, -29.720007551232317 ], [ 30.981472005536641, -29.719981974560302 ], [ 30.981339864465724, -29.719962792575643 ], [ 30.981133128020197, -29.719932954658088 ], [ 30.980900167012177, -29.719920799937558 ], [ 30.980833485397241, -29.719615971106897 ], [ 30.980714411828366, -29.719253986564667 ], [ 30.980285746224069, -29.718763403067069 ], [ 30.979728481119505, -29.718487152332806 ], [ 30.979490333614208, -29.718429996998527 ], [ 30.979293582734986, -29.718423459049355 ], [ 30.979292497447659, -29.718249799995689 ], [ 30.979282318191576, -29.718202295984604 ], [ 30.979328126239711, -29.718149702092507 ], [ 30.979360360188728, -29.718132735767469 ], [ 30.979362056826655, -29.71805808687067 ], [ 30.97936036047393, -29.717997010427464 ], [ 30.979389202236444, -29.7179596856461 ], [ 30.979397685126656, -29.717927450906554 ], [ 30.979404470955245, -29.717864676908786 ], [ 30.979399382079968, -29.717846014562191 ], [ 30.979380718819687, -29.71783244173977 ], [ 30.979394292531552, -29.717633942690824 ], [ 30.979418044236091, -29.717560990606508 ], [ 30.979429920346615, -29.71754741787851 ], [ 30.979462155472113, -29.717393029767269 ], [ 30.979384112653516, -29.717228462159451 ], [ 30.979664047080835, -29.717152115744508 ], [ 30.979972823760601, -29.717052017833829 ], [ 30.980198468393514, -29.716999423916395 ], [ 30.980615412691392, -29.71689586045315 ], [ 30.980842592108193, -29.717317762656922 ], [ 30.980945489102133, -29.717531274156947 ] ] ] } },
{ "type": "Feature", "properties": { "EA_CODE": "59914218", "EA_TYPE": "Informal residential", "White": 0.0, "Black_African": 639.0, "Coloured": 0.0, "Indian_Asian": 1.0, "Other": 0.0, "area_km2": 0.030532, "sal2023_est": 666.912479, "walk_typology": "Artifact zone", "walk_dist_k1_km": 3.4947321142184227, "exceeds_walk_k1_3km": true, "econ_status": "Non_Wealthy", "Ai_walk": 0.071467, "walk_snap_flag": false, "drive_typology": "Well-served", "walk_dist_k3_km": 7.5611968321254528, "PR_NAME": "KwaZulu-Natal", "MN_NAME": "Ethekwini", "SP_NAME": "KwaMashu Q" }, "geometry": { "type": "Polygon", "coordinates": [ [ [ 30.979606813295746, -29.722111284993524 ], [ 30.979505631896391, -29.722261480664784 ], [ 30.979427280335532, -29.722352076186329 ], [ 30.979302404974693, -29.722418186270325 ], [ 30.979128560909004, -29.722486743886758 ], [ 30.979008582844525, -29.722540612389349 ], [ 30.978895951135947, -29.722594478687817 ], [ 30.978869018201486, -29.722665485769099 ], [ 30.978837187413728, -29.722780566632249 ], [ 30.978788216352751, -29.722929925758713 ], [ 30.978736798021433, -29.723069491965884 ], [ 30.97869517345347, -29.723233543370078 ], [ 30.978653547808953, -29.723351070649517 ], [ 30.978636102116663, -29.72340417633842 ], [ 30.978627495666228, -29.723426552711068 ], [ 30.978598232924448, -29.723486798828585 ], [ 30.978531102478929, -29.723576307106519 ], [ 30.978467414317038, -29.723626224715062 ], [ 30.978245364954503, -29.72377942211951 ], [ 30.978140365483906, -29.723848273568073 ], [ 30.978069792308592, -29.72388269967556 ], [ 30.977880447686182, -29.723958437685276 ], [ 30.977725530196359, -29.724044503178991 ], [ 30.977687661538443, -29.724068601110858 ], [ 30.977541639021325, -29.723906645342606 ], [ 30.977415493229742, -29.723804400358706 ], [ 30.977285364343704, -29.723740664260692 ], [ 30.977119382645348, -29.723667631841625 ], [ 30.976950746588713, -29.723603894843944 ], [ 30.97686841894771, -29.723654352716725 ], [ 30.976715715858838, -29.723613189909809 ], [ 30.976598865167407, -29.723566715384727 ], [ 30.97655100656004, -29.723535935112967 ], [ 30.976660682170444, -29.723384477172239 ], [ 30.976681531448673, -29.723355686062806 ], [ 30.976840024871823, -29.723169222262804 ], [ 30.976948796544526, -29.723020051103521 ], [ 30.977160122440285, -29.722964110987107 ], [ 30.97734658627267, -29.722880203169563 ], [ 30.977452249212725, -29.72280250873747 ], [ 30.977517512248596, -29.722718599799045 ], [ 30.977542373852025, -29.722619153409756 ], [ 30.977539266236466, -29.722423365625474 ], [ 30.977545481018122, -29.722333240927636 ], [ 30.977654251823591, -29.722320809714429 ], [ 30.977831393166074, -29.722327025765399 ], [ 30.977992995602435, -29.72230837935134 ], [ 30.97812973526926, -29.722255547773671 ], [ 30.978257152531384, -29.722233794312256 ], [ 30.978393893014378, -29.722205823590539 ], [ 30.978539956266658, -29.72218717820083 ], [ 30.978707774247294, -29.722162316278094 ], [ 30.978807221453859, -29.722121915327605 ], [ 30.978900454172198, -29.722041113754727 ], [ 30.978947681004456, -29.721936538408048 ], [ 30.979138835908802, -29.721987805826615 ], [ 30.979219772165088, -29.722010634295557 ], [ 30.979451166326648, -29.722066666961556 ], [ 30.979606813295746, -29.722111284993524 ] ] ] } },
{ "type": "Feature", "properties": { "EA_CODE": "59914214", "EA_TYPE": "Informal residential", "White": 0.0, "Black_African": 780.0, "Coloured": 0.0, "Indian_Asian": 2.0, "Other": 0.0, "area_km2": 0.040931, "sal2023_est": 814.883685, "walk_typology": "Artifact zone", "walk_dist_k1_km": 3.1167288285759502, "exceeds_walk_k1_3km": true, "econ_status": "Non_Wealthy", "Ai_walk": 0.121524, "walk_snap_flag": false, "drive_typology": "Well-served", "walk_dist_k3_km": 7.1831935464829844, "PR_NAME": "KwaZulu-Natal", "MN_NAME": "Ethekwini", "SP_NAME": "KwaMashu Q" }, "geometry": { "type": "Polygon", "coordinates": [ [ [ 30.982713867785641, -29.723923326568972 ], [ 30.982705162949813, -29.723938727603894 ], [ 30.982623193007441, -29.724046617933116 ], [ 30.98264933364608, -29.724096196916655 ], [ 30.982758407335524, -29.724241325900508 ], [ 30.982894522495538, -29.724373835402041 ], [ 30.982900220307474, -29.724379562363339 ], [ 30.983073905393969, -29.724554120322331 ], [ 30.983186583125818, -29.724674911076768 ], [ 30.98330557087397, -29.724838068575277 ], [ 30.983502082270594, -29.725100382596789 ], [ 30.98368326852431, -29.725315823813592 ], [ 30.983857242928874, -29.725554700833715 ], [ 30.983941075381892, -29.72566467470833 ], [ 30.984160120980697, -29.725945018297899 ], [ 30.984294433003871, -29.72615414839828 ], [ 30.984292404442868, -29.726155341686376 ], [ 30.984424777580948, -29.726334459031097 ], [ 30.984630449757752, -29.726375593848903 ], [ 30.984858975397902, -29.726540131752134 ], [ 30.984945815251212, -29.726617831224338 ], [ 30.985055507147532, -29.726658964791408 ], [ 30.984374842033162, -29.726931154683808 ], [ 30.98333183346972, -29.726619091402277 ], [ 30.983332450537404, -29.726618713153062 ], [ 30.983326855603174, -29.726617600907677 ], [ 30.983307296215845, -29.726606598596831 ], [ 30.983273068631181, -29.726598042123513 ], [ 30.983244952413649, -29.726584595337251 ], [ 30.983229059665863, -29.726556478812874 ], [ 30.983225392957092, -29.726524695665624 ], [ 30.983202167176653, -29.726501470201629 ], [ 30.983160603798893, -29.726488023028896 ], [ 30.983136155345505, -29.726450127425206 ], [ 30.983130043122525, -29.726397562661031 ], [ 30.98312270856243, -29.726363334621595 ], [ 30.983103148929295, -29.726326661780568 ], [ 30.983059142201935, -29.72626431693417 ], [ 30.983011466898134, -29.726190971267396 ], [ 30.982974793841745, -29.726113958004813 ], [ 30.982907559621999, -29.725973377982964 ], [ 30.982788984632112, -29.725752118066591 ], [ 30.982601951792997, -29.725439175058394 ], [ 30.982532273432025, -29.725403723820964 ], [ 30.982513336174378, -29.725379668613151 ], [ 30.982503865379293, -29.725367638369107 ], [ 30.982487043023738, -29.725346269554965 ], [ 30.982392916299609, -29.725204467756946 ], [ 30.982331794068241, -29.725150681343237 ], [ 30.982309789644709, -29.725093225783208 ], [ 30.982298788231425, -29.725066332744404 ], [ 30.9822560027694, -29.725007656351821 ], [ 30.982211995030493, -29.724972204874845 ], [ 30.982106865981152, -29.724879299985254 ], [ 30.982046967330088, -29.724835292626832 ], [ 30.981869714139624, -29.724658040124279 ], [ 30.981800035602831, -29.724596917925201 ], [ 30.9814161909052, -29.724331650219167 ], [ 30.981369739624228, -29.724319425894151 ], [ 30.981285391044917, -29.724331650171038 ], [ 30.981312020441358, -29.724308141278726 ], [ 30.981366597488634, -29.724207383779572 ], [ 30.981431667947817, -29.724112925442576 ], [ 30.981500939617806, -29.724037357941857 ], [ 30.981584901819733, -29.724003772452619 ], [ 30.981702452262841, -29.723984879925229 ], [ 30.981857785006284, -29.723970187098306 ], [ 30.981964839343483, -29.723953394378754 ], [ 30.98203830685237, -29.723963888788557 ], [ 30.982078189617333, -29.723873627776069 ], [ 30.982168373938443, -29.723731364772323 ], [ 30.982193652471118, -29.723741419802995 ], [ 30.982486267560557, -29.723836882993968 ], [ 30.982633612307573, -29.723889802093208 ], [ 30.982713867785641, -29.723923326568972 ] ] ] } },
{ "type": "Feature", "properties": { "EA_CODE": "59914212", "EA_TYPE": "Informal residential", "White": 4.0, "Black_African": 807.0, "Coloured": 1.0, "Indian_Asian": 0.0, "Other": 0.0, "area_km2": 0.0464, "sal2023_est": 846.145208, "walk_typology": "Artifact zone", "walk_dist_k1_km": 3.5976939580591543, "exceeds_walk_k1_3km": true, "econ_status": "Non_Wealthy", "Ai_walk": 0.063576, "walk_snap_flag": false, "drive_typology": "Well-served", "walk_dist_k3_km": 8.0781901265009779, "PR_NAME": "KwaZulu-Natal", "MN_NAME": "Ethekwini", "SP_NAME": "KwaMashu Q" }, "geometry": { "type": "Polygon", "coordinates": [ [ [ 30.973918460266042, -29.724682425654478 ], [ 30.973956009144153, -29.724761696098785 ], [ 30.974133325586973, -29.724726233204937 ], [ 30.974156272243771, -29.724751266192406 ], [ 30.974254317456559, -29.724751265744413 ], [ 30.974306469521082, -29.724767954349289 ], [ 30.974369050861693, -29.724801332228029 ], [ 30.974454580187675, -29.724866000402308 ], [ 30.974515075931624, -29.724803417807166 ], [ 30.975055369147501, -29.725095468254164 ], [ 30.975078221111044, -29.72511560937069 ], [ 30.975360136588375, -29.724879296678285 ], [ 30.975550175468328, -29.724725806406614 ], [ 30.975575320004527, -29.724784841873131 ], [ 30.975617116991859, -29.724872070333749 ], [ 30.975657096367978, -29.724928405198089 ], [ 30.975700710480517, -29.724979287290697 ], [ 30.975747958315754, -29.725028352836841 ], [ 30.975809744628123, -29.725095591096949 ], [ 30.975829734132848, -29.72516828074378 ], [ 30.976011605738915, -29.725678648756542 ], [ 30.975608816878239, -29.725826074833762 ], [ 30.97509213506309, -29.72602003492872 ], [ 30.974598272332223, -29.726202584896498 ], [ 30.974506996703759, -29.726215624418863 ], [ 30.974617830900687, -29.726461739890951 ], [ 30.974461358913999, -29.726531827403679 ], [ 30.974293477634042, -29.726572574191486 ], [ 30.974177755300612, -29.726588874295508 ], [ 30.974045732360828, -29.726583984222032 ], [ 30.973835473014383, -29.726531826645189 ], [ 30.973680631853711, -29.726447071439832 ], [ 30.97357957721848, -29.726370464661144 ], [ 30.973473633129661, -29.726231923425818 ], [ 30.973410065615688, -29.726117829283989 ], [ 30.973387247703631, -29.726037964418623 ], [ 30.973361169083791, -29.72589779098395 ], [ 30.973304122043704, -29.725839113750553 ], [ 30.973225886600556, -29.725751098637247 ], [ 30.973170469415258, -29.725710350547015 ], [ 30.973136241471519, -29.725679382836194 ], [ 30.973092233794002, -29.725661453833705 ], [ 30.973036817492915, -29.725654934107155 ], [ 30.97298791904095, -29.725650044651815 ], [ 30.972948802135978, -29.725648415336092 ], [ 30.97288034463989, -29.725648415187319 ], [ 30.972816779160794, -29.72566634442251 ], [ 30.972774401200279, -29.725672863383323 ], [ 30.972749951734055, -29.725663083560075 ], [ 30.972723874061042, -29.725619076437319 ], [ 30.972681496526185, -29.725615816180568 ], [ 30.972647268486362, -29.725607667007701 ], [ 30.9726179300743, -29.725591368326707 ], [ 30.972604890599907, -29.72554735959908 ], [ 30.972484277263774, -29.725509872319897 ], [ 30.972111902877298, -29.725457046825561 ], [ 30.97210746517916, -29.725456416710923 ], [ 30.972126783440231, -29.725383011072889 ], [ 30.97218087186921, -29.725305740956045 ], [ 30.97221950682739, -29.725216880958982 ], [ 30.972289050435755, -29.725050749751503 ], [ 30.972316094410584, -29.724958026789679 ], [ 30.972389500116652, -29.724838257832428 ], [ 30.972447453229272, -29.724745534340137 ], [ 30.972508274746225, -29.724740836353487 ], [ 30.972670988994757, -29.724855569315714 ], [ 30.972764861940366, -29.724884774197729 ], [ 30.972844133517828, -29.724905634751188 ], [ 30.972898371132242, -29.724939011756433 ], [ 30.972927575748223, -29.724978647770822 ], [ 30.973029792873277, -29.725045402301909 ], [ 30.973127838216833, -29.725110070138086 ], [ 30.973294724146587, -29.724897291410361 ], [ 30.973367737387601, -29.724826363829941 ], [ 30.97345535244127, -29.724767953823093 ], [ 30.973517934058901, -29.724711631288699 ], [ 30.973486642622156, -29.724411235815836 ], [ 30.973605549201388, -29.724463387766995 ], [ 30.973688992613209, -29.724507196158093 ], [ 30.973749487779259, -29.72453848726073 ], [ 30.973791208895641, -29.724586465907866 ], [ 30.973864221877498, -29.724624015734335 ], [ 30.973918460266042, -29.724682425654478 ] ] ] } },
{ "type": "Feature", "properties": { "EA_CODE": "59914215", "EA_TYPE": "Informal residential", "White": 0.0, "Black_African": 814.0, "Coloured": 0.0, "Indian_Asian": 2.0, "Other": 0.0, "area_km2": 0.02862, "sal2023_est": 850.31341, "walk_typology": "Artifact zone", "walk_dist_k1_km": 3.6654363504124112, "exceeds_walk_k1_3km": true, "econ_status": "Non_Wealthy", "Ai_walk": 0.068398, "walk_snap_flag": false, "drive_typology": "Well-served", "walk_dist_k3_km": 7.7319010683194422, "PR_NAME": "KwaZulu-Natal", "MN_NAME": "Ethekwini", "SP_NAME": "KwaMashu Q" }, "geometry": { "type": "Polygon", "coordinates": [ [ [ 30.977687661538443, -29.724068601110858 ], [ 30.977644629574328, -29.724111633906141 ], [ 30.977610203562335, -29.724171880191246 ], [ 30.977551678223453, -29.724380158121274 ], [ 30.977520694193263, -29.724471387840232 ], [ 30.977487990400352, -29.724554009683377 ], [ 30.977465613308453, -29.724598763583334 ], [ 30.977431185861299, -29.724671058717522 ], [ 30.977386432112386, -29.724745076154502 ], [ 30.977276268766076, -29.724915484820578 ], [ 30.977221187406773, -29.72498089466011 ], [ 30.977135121287667, -29.725066960066528 ], [ 30.977064548246847, -29.725128926680679 ], [ 30.977026679222384, -29.725161631811222 ], [ 30.976988810377872, -29.725182288086053 ], [ 30.977043361912912, -29.725299639674152 ], [ 30.97700255093498, -29.725314913063801 ], [ 30.976899707228529, -29.725353401377234 ], [ 30.976356946030176, -29.725552250345146 ], [ 30.976011605738915, -29.725678648756542 ], [ 30.975829734132848, -29.72516828074378 ], [ 30.975809744628123, -29.725095591096949 ], [ 30.975747958315754, -29.725028352836841 ], [ 30.975700710480517, -29.724979287290697 ], [ 30.975657096367978, -29.724928405198089 ], [ 30.975617116991859, -29.724872070333749 ], [ 30.975575320004527, -29.724784841873131 ], [ 30.975550175468328, -29.724725806406614 ], [ 30.975579380830546, -29.72470221569877 ], [ 30.975611994141033, -29.724672111809561 ], [ 30.9757438141562, -29.724550431888606 ], [ 30.976038950142012, -29.724251080132376 ], [ 30.976178085124126, -29.724065566168942 ], [ 30.976245544770254, -29.723905348708787 ], [ 30.97634251816347, -29.723728268068236 ], [ 30.976435275233385, -29.723639726809303 ], [ 30.97655100656004, -29.723535935112967 ], [ 30.976598865167407, -29.723566715384727 ], [ 30.976715715858838, -29.723613189909809 ], [ 30.97686841894771, -29.723654352716725 ], [ 30.976950746588713, -29.723603894843944 ], [ 30.977119382645348, -29.723667631841625 ], [ 30.977285364343704, -29.723740664260692 ], [ 30.977415493229742, -29.723804400358706 ], [ 30.977541639021325, -29.723906645342606 ], [ 30.977687661538443, -29.724068601110858 ] ] ] } },
{ "type": "Feature", "properties": { "EA_CODE": "59914808", "EA_TYPE": "Township", "White": 0.0, "Black_African": 821.0, "Coloured": 1.0, "Indian_Asian": 0.0, "Other": 0.0, "area_km2": 0.065266, "sal2023_est": 856.565715, "walk_typology": "Artifact zone", "walk_dist_k1_km": 3.5944596731165945, "exceeds_walk_k1_3km": true, "econ_status": "Non_Wealthy", "Ai_walk": 0.062428, "walk_snap_flag": false, "drive_typology": "Well-served", "walk_dist_k3_km": 8.1647896808282123, "PR_NAME": "KwaZulu-Natal", "MN_NAME": "Ethekwini", "SP_NAME": "KwaMashu Q" }, "geometry": { "type": "Polygon", "coordinates": [ [ [ 30.973081699678737, -29.72242294705319 ], [ 30.973100594358566, -29.722424320714342 ], [ 30.973173854132327, -29.722427576577065 ], [ 30.973271535541279, -29.722442230106811 ], [ 30.973367587719295, -29.722492697860201 ], [ 30.973486433476957, -29.722541538393532 ], [ 30.973585742293388, -29.722554562623493 ], [ 30.97367528268958, -29.722582238665016 ], [ 30.97377621940047, -29.72262131082406 ], [ 30.973846223724031, -29.722644102624145 ], [ 30.973921112646618, -29.722611542868442 ], [ 30.973982977077622, -29.722632707128277 ], [ 30.974033445337234, -29.722658755181492 ], [ 30.974096938247552, -29.722663639114916 ], [ 30.974162058414617, -29.722681547835524 ], [ 30.974222295102368, -29.722692943891353 ], [ 30.974272763319796, -29.722725504381803 ], [ 30.97432160395179, -29.722772716285135 ], [ 30.974324860320269, -29.722819928662972 ], [ 30.974303696113459, -29.72289481690925 ], [ 30.974290672049356, -29.722987614371483 ], [ 30.974353639057796, -29.723017083130863 ], [ 30.974412890532001, -29.723041556309003 ], [ 30.97447729208222, -29.723066028740188 ], [ 30.974555863660079, -29.723075045303045 ], [ 30.97461897840093, -29.723047996029248 ], [ 30.974701413905937, -29.723020947142139 ], [ 30.974758088016156, -29.723018371277245 ], [ 30.974809609789869, -29.723026099057272 ], [ 30.97486113225084, -29.723042844285487 ], [ 30.974902350060621, -29.723046707554335 ], [ 30.974950008003759, -29.723057012260519 ], [ 30.974989938142606, -29.723055724030495 ], [ 30.975049187968349, -29.723042844330759 ], [ 30.975103286203492, -29.723022235088038 ], [ 30.975176705187156, -29.722979728745965 ], [ 30.975223075356823, -29.722946240277722 ], [ 30.975164128776385, -29.72302568926899 ], [ 30.975121681827886, -29.723105275712967 ], [ 30.974994343147369, -29.72325383930152 ], [ 30.975150863896776, -29.723373220011531 ], [ 30.975095153279035, -29.723481989376417 ], [ 30.975134947162736, -29.723505865638909 ], [ 30.975227798886706, -29.723630552009684 ], [ 30.97528048103484, -29.723667429829653 ], [ 30.975199176609198, -29.723732871262595 ], [ 30.975151100259499, -29.723910379874351 ], [ 30.975151099802236, -29.724110078831391 ], [ 30.975117817534127, -29.724232117275378 ], [ 30.974995779407532, -29.724372645200216 ], [ 30.974766495575182, -29.724587136395485 ], [ 30.974603777733513, -29.724694382170725 ], [ 30.974515075931624, -29.724803417807166 ], [ 30.974454580187675, -29.724866000402308 ], [ 30.974369050861693, -29.724801332228029 ], [ 30.974306469521082, -29.724767954349289 ], [ 30.974254317456559, -29.724751265744413 ], [ 30.974156272243771, -29.724751266192406 ], [ 30.974133325586973, -29.724726233204937 ], [ 30.973956009144153, -29.724761696098785 ], [ 30.973918460266042, -29.724682425654478 ], [ 30.973864221877498, -29.724624015734335 ], [ 30.973791208895641, -29.724586465907866 ], [ 30.973749487779259, -29.72453848726073 ], [ 30.973688992613209, -29.724507196158093 ], [ 30.973605549201388, -29.724463387766995 ], [ 30.973486642622156, -29.724411235815836 ], [ 30.973517934058901, -29.724711631288699 ], [ 30.97345535244127, -29.724767953823093 ], [ 30.973367737387601, -29.724826363829941 ], [ 30.973294724146587, -29.724897291410361 ], [ 30.973127838216833, -29.725110070138086 ], [ 30.973029792873277, -29.725045402301909 ], [ 30.972927575748223, -29.724978647770822 ], [ 30.972898371132242, -29.724939011756433 ], [ 30.972844133517828, -29.724905634751188 ], [ 30.972764861940366, -29.724884774197729 ], [ 30.972670988994757, -29.724855569315714 ], [ 30.972508274746225, -29.724740836353487 ], [ 30.972447453229272, -29.724745534340137 ], [ 30.972119056067093, -29.724579403712365 ], [ 30.971952314513675, -29.724498582324724 ], [ 30.972145764759937, -29.72425103871273 ], [ 30.972250282748064, -29.724119016116124 ], [ 30.972423563221881, -29.723888892848091 ], [ 30.972502409746287, -29.723769705807648 ], [ 30.972550084286773, -29.723669771827112 ], [ 30.972568420851303, -29.723621180269078 ], [ 30.972591341760282, -29.723539582657097 ], [ 30.972598676146557, -29.723461653424604 ], [ 30.972605094245008, -29.723335130773737 ], [ 30.972597759133787, -29.723180186915251 ], [ 30.972551917605404, -29.723018825954323 ], [ 30.972499899310655, -29.722909866304157 ], [ 30.972484072977764, -29.722876718301077 ], [ 30.972411644399688, -29.722779534812737 ], [ 30.972362135598029, -29.722725442085167 ], [ 30.972279621538434, -29.722657597171271 ], [ 30.972202608160693, -29.722610838966744 ], [ 30.971884468668033, -29.72246231323917 ], [ 30.971763448018532, -29.722395385259311 ], [ 30.971628624572777, -29.722323587935758 ], [ 30.971630497779902, -29.722320128904048 ], [ 30.971687478457991, -29.722251751797707 ], [ 30.971910516212876, -29.72188870524397 ], [ 30.97224588718742, -29.722074299358951 ], [ 30.972410315843739, -29.722139419416578 ], [ 30.972537301280454, -29.72218663171228 ], [ 30.972586142018823, -29.722243611785338 ], [ 30.972678938529103, -29.722284312211354 ], [ 30.972761966969863, -29.722342921104591 ], [ 30.972822204078366, -29.722368968998566 ], [ 30.972915000026546, -29.722395017174442 ], [ 30.973011052720523, -29.722417808924604 ], [ 30.973081699678737, -29.72242294705319 ] ] ] } },
{ "type": "Feature", "properties": { "EA_CODE": "59914220", "EA_TYPE": "Informal residential", "White": 0.0, "Black_African": 823.0, "Coloured": 0.0, "Indian_Asian": 0.0, "Other": 0.0, "area_km2": 0.039229, "sal2023_est": 857.607766, "walk_typology": "Artifact zone", "walk_dist_k1_km": 3.534818240264936, "exceeds_walk_k1_3km": true, "econ_status": "Non_Wealthy", "Ai_walk": 0.070777, "walk_snap_flag": false, "drive_typology": "Well-served", "walk_dist_k3_km": 7.6012829581719652, "PR_NAME": "KwaZulu-Natal", "MN_NAME": "Ethekwini", "SP_NAME": "KwaMashu Q" }, "geometry": { "type": "Polygon", "coordinates": [ [ [ 30.977970061485735, -29.721336847321489 ], [ 30.978149964425892, -29.721491814206541 ], [ 30.978337776972083, -29.721638121098383 ], [ 30.978466444913536, -29.721727358122855 ], [ 30.978638693129113, -29.721817633184113 ], [ 30.978868011844554, -29.721915170627952 ], [ 30.978947681004456, -29.721936538408048 ], [ 30.978900454172198, -29.722041113754727 ], [ 30.978807221453859, -29.722121915327605 ], [ 30.978707774247294, -29.722162316278094 ], [ 30.978539956266658, -29.72218717820083 ], [ 30.978393893014378, -29.722205823590539 ], [ 30.978257152531384, -29.722233794312256 ], [ 30.97812973526926, -29.722255547773671 ], [ 30.977992995602435, -29.72230837935134 ], [ 30.977831393166074, -29.722327025765399 ], [ 30.977654251823591, -29.722320809714429 ], [ 30.977545481018122, -29.722333240927636 ], [ 30.977539266236466, -29.722423365625474 ], [ 30.977542373852025, -29.722619153409756 ], [ 30.977517512248596, -29.722718599799045 ], [ 30.977452249212725, -29.72280250873747 ], [ 30.97734658627267, -29.722880203169563 ], [ 30.977160122440285, -29.722964110987107 ], [ 30.976948796544526, -29.723020051103521 ], [ 30.976840024871823, -29.723169222262804 ], [ 30.976681531448673, -29.723355686062806 ], [ 30.976660682170444, -29.723384477172239 ], [ 30.976614158742741, -29.723315171112926 ], [ 30.976534868058604, -29.72313856984939 ], [ 30.976509640019138, -29.723008822331295 ], [ 30.976490293078498, -29.722955357170306 ], [ 30.976494682333122, -29.722904889843893 ], [ 30.976492487888109, -29.722839064434996 ], [ 30.976484808459862, -29.722800664696916 ], [ 30.976404718949194, -29.722752391747012 ], [ 30.976398136337099, -29.722713993258214 ], [ 30.976347668863955, -29.722642681148407 ], [ 30.97631036830419, -29.72257136863341 ], [ 30.976297201990231, -29.722497862637599 ], [ 30.976315853019489, -29.722444104379875 ], [ 30.976291716778356, -29.722384861129939 ], [ 30.976242346830933, -29.722364015290381 ], [ 30.976147897613693, -29.722326686099436 ], [ 30.976158202429144, -29.722298349272364 ], [ 30.976126001387478, -29.721975047266511 ], [ 30.976102816148199, -29.721625984591078 ], [ 30.97615176221812, -29.721457249859515 ], [ 30.976252229760398, -29.721331020633947 ], [ 30.97640035605539, -29.721193199039316 ], [ 30.976557499019595, -29.721095307036563 ], [ 30.976846022728502, -29.720960061379401 ], [ 30.976995436662961, -29.720884066276067 ], [ 30.977090753376558, -29.720801631240509 ], [ 30.97712295457001, -29.720762988913641 ], [ 30.977123295166848, -29.720762644251298 ], [ 30.977197410280109, -29.720803856663018 ], [ 30.977421539784217, -29.720929412173945 ], [ 30.97754086888591, -29.721001008941013 ], [ 30.977747358879959, -29.721153543119865 ], [ 30.977940361026668, -29.721311263791296 ], [ 30.977970061485735, -29.721336847321489 ] ] ] } },
{ "type": "Feature", "properties": { "EA_CODE": "59914216", "EA_TYPE": "Informal residential", "White": 0.0, "Black_African": 846.0, "Coloured": 1.0, "Indian_Asian": 1.0, "Other": 1.0, "area_km2": 0.029682, "sal2023_est": 884.701085, "walk_typology": "Artifact zone", "walk_dist_k1_km": 3.7610903795287656, "exceeds_walk_k1_3km": true, "econ_status": "Non_Wealthy", "Ai_walk": 0.067359, "walk_snap_flag": false, "drive_typology": "Well-served", "walk_dist_k3_km": 7.8275550974357957, "PR_NAME": "KwaZulu-Natal", "MN_NAME": "Ethekwini", "SP_NAME": "KwaMashu Q" }, "geometry": { "type": "Polygon", "coordinates": [ [ [ 30.976398136337099, -29.722713993258214 ], [ 30.976404718949194, -29.722752391747012 ], [ 30.976484808459862, -29.722800664696916 ], [ 30.976492487888109, -29.722839064434996 ], [ 30.976494682333122, -29.722904889843893 ], [ 30.976490293078498, -29.722955357170306 ], [ 30.976509640019138, -29.723008822331295 ], [ 30.976534868058604, -29.72313856984939 ], [ 30.976614158742741, -29.723315171112926 ], [ 30.976660682170444, -29.723384477172239 ], [ 30.97655100656004, -29.723535935112967 ], [ 30.976435275233385, -29.723639726809303 ], [ 30.97634251816347, -29.723728268068236 ], [ 30.976245544770254, -29.723905348708787 ], [ 30.976178085124126, -29.724065566168942 ], [ 30.976038950142012, -29.724251080132376 ], [ 30.9757438141562, -29.724550431888606 ], [ 30.975611994141033, -29.724672111809561 ], [ 30.975579380830546, -29.72470221569877 ], [ 30.975550175468328, -29.724725806406614 ], [ 30.975360136588375, -29.724879296678285 ], [ 30.975078221111044, -29.72511560937069 ], [ 30.975055369147501, -29.725095468254164 ], [ 30.974515075931624, -29.724803417807166 ], [ 30.974603777733513, -29.724694382170725 ], [ 30.974766495575182, -29.724587136395485 ], [ 30.974995779407532, -29.724372645200216 ], [ 30.975117817534127, -29.724232117275378 ], [ 30.975151099802236, -29.724110078831391 ], [ 30.975151100259499, -29.723910379874351 ], [ 30.975199176609198, -29.723732871262595 ], [ 30.97528048103484, -29.723667429829653 ], [ 30.975227798886706, -29.723630552009684 ], [ 30.975134947162736, -29.723505865638909 ], [ 30.975095153279035, -29.723481989376417 ], [ 30.975150863896776, -29.723373220011531 ], [ 30.974994343147369, -29.72325383930152 ], [ 30.975121681827886, -29.723105275712967 ], [ 30.975164128776385, -29.72302568926899 ], [ 30.975223075356823, -29.722946240277722 ], [ 30.975272020840496, -29.722857364263241 ], [ 30.975286189990008, -29.722783944618083 ], [ 30.975304769479436, -29.722724435058911 ], [ 30.975348015832513, -29.72273113515012 ], [ 30.975393097996747, -29.722724694562537 ], [ 30.975439467926972, -29.722718253989015 ], [ 30.975481974027314, -29.722714390397847 ], [ 30.975550240909715, -29.722684764621178 ], [ 30.975670846690416, -29.722608782743766 ], [ 30.975679045804281, -29.722603617260905 ], [ 30.975760193603325, -29.722575279637127 ], [ 30.975859374642059, -29.722537927403618 ], [ 30.975917336567818, -29.722500572833919 ], [ 30.975998482970983, -29.722465795599639 ], [ 30.976061598502966, -29.72243617129249 ], [ 30.97612471304938, -29.722355022762265 ], [ 30.976147897613693, -29.722326686099436 ], [ 30.976242346830933, -29.722364015290381 ], [ 30.976291716778356, -29.722384861129939 ], [ 30.976315853019489, -29.722444104379875 ], [ 30.976297201990231, -29.722497862637599 ], [ 30.97631036830419, -29.72257136863341 ], [ 30.976347668863955, -29.722642681148407 ], [ 30.976398136337099, -29.722713993258214 ] ] ] } },
{ "type": "Feature", "properties": { "EA_CODE": "59914766", "EA_TYPE": "Township", "White": 0.0, "Black_African": 861.0, "Coloured": 2.0, "Indian_Asian": 1.0, "Other": 0.0, "area_km2": 0.102612, "sal2023_est": 900.331846, "walk_typology": "Artifact zone", "walk_dist_k1_km": 3.8933861477644784, "exceeds_walk_k1_3km": true, "econ_status": "Non_Wealthy", "Ai_walk": 0.058934, "walk_snap_flag": false, "drive_typology": "Well-served", "walk_dist_k3_km": 7.9598508656715099, "PR_NAME": "KwaZulu-Natal", "MN_NAME": "Ethekwini", "SP_NAME": "KwaMashu Q" }, "geometry": { "type": "Polygon", "coordinates": [ [ [ 30.989528857118906, -29.731824456991841 ], [ 30.989280498012636, -29.731836810940337 ], [ 30.989077605347276, -29.731691886668447 ], [ 30.988961665863275, -29.731467255987141 ], [ 30.988693557798879, -29.731119440112014 ], [ 30.988461680904923, -29.731271610106774 ], [ 30.987997925751628, -29.731307839725254 ], [ 30.98757040223088, -29.73115567120119 ], [ 30.987309540484368, -29.730880317249163 ], [ 30.986911001169343, -29.730626701217606 ], [ 30.986787816390418, -29.730271638796498 ], [ 30.986621154311141, -29.72991657618951 ], [ 30.986555939358304, -29.729699191325238 ], [ 30.986606661811098, -29.729547022445178 ], [ 30.986584923228804, -29.72946006841747 ], [ 30.986316815104761, -29.728829651047942 ], [ 30.985461766815071, -29.728865881744404 ], [ 30.98542553741477, -29.728619512424576 ], [ 30.985396552611022, -29.728467342595497 ], [ 30.985215398473532, -29.728402126871881 ], [ 30.984990766632535, -29.728344158322962 ], [ 30.984954535817078, -29.72824271218316 ], [ 30.984882073862483, -29.728003587898243 ], [ 30.984831351227882, -29.727916633901202 ], [ 30.984766135601038, -29.72784417299798 ], [ 30.984686428121215, -29.727735479828105 ], [ 30.984613965754772, -29.727576063700809 ], [ 30.984483535303681, -29.727365924722442 ], [ 30.984353103797638, -29.727105062995488 ], [ 30.984374842033162, -29.726931154683808 ], [ 30.985055507147532, -29.726658964791408 ], [ 30.985156057638349, -29.726841786367171 ], [ 30.985412006970233, -29.726969760096839 ], [ 30.985992460618721, -29.72727141256857 ], [ 30.986531781278881, -29.727861008986082 ], [ 30.986679608439879, -29.728108245419111 ], [ 30.986777302912877, -29.72817508794062 ], [ 30.98701896785143, -29.728424466157708 ], [ 30.987394320614925, -29.728830670083536 ], [ 30.987648841604532, -29.729085189935248 ], [ 30.987677121313677, -29.729118611671765 ], [ 30.987810807979383, -29.729159747019139 ], [ 30.98802419439669, -29.729234302656909 ], [ 30.988098750152851, -29.729247158228247 ], [ 30.988612931830922, -29.729599372038983 ], [ 30.988744049344049, -29.729679070138047 ], [ 30.989399631082811, -29.730118695815001 ], [ 30.989623300407743, -29.73013669215603 ], [ 30.989723564706789, -29.730177826628815 ], [ 30.989839256515925, -29.730226674386678 ], [ 30.990024361865345, -29.730319227270755 ], [ 30.990109201769158, -29.730370644931067 ], [ 30.990206896632625, -29.73042977600393 ], [ 30.99028402398816, -29.730434917935732 ], [ 30.990345726281266, -29.730437488815493 ], [ 30.990407427295644, -29.73047348194364 ], [ 30.99052049953189, -29.730460917873426 ], [ 30.990411904604525, -29.730564341884754 ], [ 30.990337779949961, -29.730719036579337 ], [ 30.990331333925685, -29.730828611773408 ], [ 30.990282992499413, -29.730980084315764 ], [ 30.990102514726164, -29.731079989895306 ], [ 30.989922039399556, -29.731173452114675 ], [ 30.989825355486399, -29.731270135251062 ], [ 30.989767343710906, -29.731357150817804 ], [ 30.989722225388782, -29.731440944081669 ], [ 30.989673883436325, -29.731566633424478 ], [ 30.989619095102015, -29.731708435728134 ], [ 30.989528857118906, -29.731824456991841 ] ] ] } },
{ "type": "Feature", "properties": { "EA_CODE": "59914217", "EA_TYPE": "Informal residential", "White": 11.0, "Black_African": 1002.0, "Coloured": 5.0, "Indian_Asian": 0.0, "Other": 0.0, "area_km2": 0.033872, "sal2023_est": 1060.807662, "walk_typology": "Artifact zone", "walk_dist_k1_km": 3.1597572624288079, "exceeds_walk_k1_3km": true, "econ_status": "Non_Wealthy", "Ai_walk": 0.120143, "walk_snap_flag": false, "drive_typology": "Well-served", "walk_dist_k3_km": 7.2262219803358381, "PR_NAME": "KwaZulu-Natal", "MN_NAME": "Ethekwini", "SP_NAME": "KwaMashu Q" }, "geometry": { "type": "Polygon", "coordinates": [ [ [ 30.98110936012419, -29.72417640124425 ], [ 30.980831402237278, -29.72396913012016 ], [ 30.980587638311079, -29.723727190679202 ], [ 30.98045525631321, -29.723623112084894 ], [ 30.98024037180377, -29.723501782807027 ], [ 30.980219428857577, -29.723486948384821 ], [ 30.98008985148898, -29.723385486374941 ], [ 30.979791577262738, -29.723197231718487 ], [ 30.979792799079714, -29.723174004982436 ], [ 30.979635106154124, -29.723084768092253 ], [ 30.979569094147116, -29.723056651973693 ], [ 30.979437071235928, -29.723077433101988 ], [ 30.97913513021803, -29.723109217286787 ], [ 30.979117724355731, -29.723109694400559 ], [ 30.979059314003333, -29.723128278941665 ], [ 30.978996319287941, -29.723183056904691 ], [ 30.97892894604761, -29.723226365807161 ], [ 30.978895891471758, -29.723328221431437 ], [ 30.978789985974458, -29.72344599540984 ], [ 30.978738516650946, -29.723439213198191 ], [ 30.978636102116663, -29.72340417633842 ], [ 30.978653547808953, -29.723351070649517 ], [ 30.97869517345347, -29.723233543370078 ], [ 30.978736798021433, -29.723069491965884 ], [ 30.978788216352751, -29.722929925758713 ], [ 30.978837187413728, -29.722780566632249 ], [ 30.978869018201486, -29.722665485769099 ], [ 30.978895951135947, -29.722594478687817 ], [ 30.979008582844525, -29.722540612389349 ], [ 30.979128560909004, -29.722486743886758 ], [ 30.979302404974693, -29.722418186270325 ], [ 30.979427280335532, -29.722352076186329 ], [ 30.979505631896391, -29.722261480664784 ], [ 30.979606813295746, -29.722111284993524 ], [ 30.979692937286938, -29.722150716436161 ], [ 30.979808115050769, -29.722193258980592 ], [ 30.979859996735016, -29.722188070611232 ], [ 30.979958572913869, -29.722209860904293 ], [ 30.980004229184036, -29.722227500926572 ], [ 30.980111106554293, -29.722273156819 ], [ 30.980177514769768, -29.722298060840764 ], [ 30.980274016130917, -29.722349943017349 ], [ 30.98036740458851, -29.722407012584192 ], [ 30.980450415527947, -29.722453706857305 ], [ 30.980497108629478, -29.722453706911267 ], [ 30.980566631398148, -29.722515964981298 ], [ 30.980608136532592, -29.722548132120753 ], [ 30.980665207175953, -29.722588600062231 ], [ 30.980734729530088, -29.722571997658857 ], [ 30.980776234477084, -29.722605203141612 ], [ 30.980802175440342, -29.72261350425228 ], [ 30.980819815456201, -29.72262595474557 ], [ 30.981081301524256, -29.722472384973951 ], [ 30.981140446004726, -29.722699628404918 ], [ 30.981192328341574, -29.722850086112832 ], [ 30.981297129897616, -29.723058652172931 ], [ 30.981358950517215, -29.723144387567746 ], [ 30.981439286685337, -29.723255803616983 ], [ 30.981630213283971, -29.723430126566335 ], [ 30.981838779435645, -29.723576434594136 ], [ 30.982005839225913, -29.723666709711505 ], [ 30.982168373938443, -29.723731364772323 ], [ 30.982078189617333, -29.723873627776069 ], [ 30.98203830685237, -29.723963888788557 ], [ 30.981964839343483, -29.723953394378754 ], [ 30.981857785006284, -29.723970187098306 ], [ 30.981702452262841, -29.723984879925229 ], [ 30.981584901819733, -29.724003772452619 ], [ 30.981500939617806, -29.724037357941857 ], [ 30.981431667947817, -29.724112925442576 ], [ 30.981366597488634, -29.724207383779572 ], [ 30.981312020441358, -29.724308141278726 ], [ 30.981285391044917, -29.724331650171038 ], [ 30.98110936012419, -29.72417640124425 ] ] ] } },
{ "type": "Feature", "properties": { "EA_CODE": "59914211", "EA_TYPE": "Township", "White": 1.0, "Black_African": 796.0, "Coloured": 0.0, "Indian_Asian": 0.0, "Other": 0.0, "area_km2": 0.054409, "sal2023_est": 830.514446, "walk_typology": "Artifact zone", "walk_dist_k1_km": 3.1684519926061538, "exceeds_walk_k1_3km": true, "econ_status": "Non_Wealthy", "Ai_walk": 0.12011, "walk_snap_flag": false, "drive_typology": "Well-served", "walk_dist_k3_km": 7.2349167105131862, "PR_NAME": "KwaZulu-Natal", "MN_NAME": "Ethekwini", "SP_NAME": "KwaMashu M" }, "geometry": { "type": "Polygon", "coordinates": [ [ [ 30.979898968930652, -29.727440699875732 ], [ 30.97908945528544, -29.726165766864547 ], [ 30.979582056861641, -29.725919466383246 ], [ 30.979802879001912, -29.725817549096433 ], [ 30.980766533333131, -29.724880921983864 ], [ 30.981069428181375, -29.724595171403816 ], [ 30.981187538696755, -29.724503730691989 ], [ 30.981285391044917, -29.724331650171038 ], [ 30.981369739624228, -29.724319425894151 ], [ 30.9814161909052, -29.724331650219167 ], [ 30.981800035602831, -29.724596917925201 ], [ 30.981869714139624, -29.724658040124279 ], [ 30.982046967330088, -29.724835292626832 ], [ 30.982106865981152, -29.724879299985254 ], [ 30.982211995030493, -29.724972204874845 ], [ 30.9822560027694, -29.725007656351821 ], [ 30.982298788231425, -29.725066332744404 ], [ 30.982309789644709, -29.725093225783208 ], [ 30.982331794068241, -29.725150681343237 ], [ 30.982392916299609, -29.725204467756946 ], [ 30.982487043023738, -29.725346269554965 ], [ 30.982503865379293, -29.725367638369107 ], [ 30.982240410546407, -29.725698644950207 ], [ 30.98101739854609, -29.726819739046235 ], [ 30.980796575800454, -29.72704056101588 ], [ 30.979898968930652, -29.727440699875732 ] ] ] } },
{ "type": "Feature", "properties": { "EA_CODE": "59914205", "EA_TYPE": "Township", "White": 1.0, "Black_African": 825.0, "Coloured": 0.0, "Indian_Asian": 0.0, "Other": 0.0, "area_km2": 0.090318, "sal2023_est": 860.733918, "walk_typology": "Access gap", "walk_dist_k1_km": 3.3322467775780948, "exceeds_walk_k1_3km": true, "econ_status": "Non_Wealthy", "Ai_walk": 0.049212, "walk_snap_flag": false, "drive_typology": "Well-served", "walk_dist_k3_km": 8.8376372606087088, "PR_NAME": "KwaZulu-Natal", "MN_NAME": "Ethekwini", "SP_NAME": "KwaMashu M" }, "geometry": { "type": "Polygon", "coordinates": [ [ [ 30.972237356630213, -29.729125647651678 ], [ 30.97198703612279, -29.729491972617993 ], [ 30.971745434253783, -29.729357750407981 ], [ 30.971602262125394, -29.729295112102427 ], [ 30.971405402558673, -29.729366697579557 ], [ 30.971414350244363, -29.729581455260753 ], [ 30.971396452908952, -29.729930435228717 ], [ 30.971432245689538, -29.730404691358039 ], [ 30.97134276381648, -29.730610500351627 ], [ 30.97119064469603, -29.730762618984006 ], [ 30.970098962598616, -29.731075807077005 ], [ 30.969830516071461, -29.730959480031064 ], [ 30.969615759424322, -29.730843153238155 ], [ 30.969365209231469, -29.730816307729889 ], [ 30.96918223379291, -29.730901697096019 ], [ 30.969056441774029, -29.731022488167312 ], [ 30.968788353915166, -29.731180187291873 ], [ 30.968567576641494, -29.731235381417207 ], [ 30.968358624591364, -29.731282690784813 ], [ 30.968011687415522, -29.731278747841738 ], [ 30.967810621631116, -29.731259036363788 ], [ 30.967704175066114, -29.731223554357204 ], [ 30.967510993120875, -29.731101337397245 ], [ 30.967211366102891, -29.730912098834079 ], [ 30.967235534598792, -29.730843153275575 ], [ 30.967548721706386, -29.730476275682573 ], [ 30.96767399762, -29.730198881928025 ], [ 30.967754531431975, -29.729930434580343 ], [ 30.967872678739297, -29.729643912689752 ], [ 30.967923250414287, -29.729501123756847 ], [ 30.967917300829516, -29.729394032247342 ], [ 30.967908377237229, -29.729266116831571 ], [ 30.967899452515645, -29.729045983651677 ], [ 30.967920275970371, -29.728873446828722 ], [ 30.968030341756528, -29.728736607449854 ], [ 30.968167182462334, -29.728638439653224 ], [ 30.968286173066751, -29.728575970069155 ], [ 30.968437885808381, -29.72849862562207 ], [ 30.968518205156144, -29.728418306642855 ], [ 30.968565800612762, -29.728317163763975 ], [ 30.968572282508497, -29.728262726093387 ], [ 30.968861853658822, -29.72838503001563 ], [ 30.969106635372572, -29.728492733636386 ], [ 30.969199651833993, -29.728536793614545 ], [ 30.969361206922606, -29.728632259311336 ], [ 30.969476253746368, -29.728710589037586 ], [ 30.969588853160182, -29.728810949141398 ], [ 30.969635362139648, -29.728857456650594 ], [ 30.969708796077818, -29.72894557758103 ], [ 30.969806708091976, -29.72907286508482 ], [ 30.969956025404635, -29.729280927895118 ], [ 30.970259552974387, -29.729721533684803 ], [ 30.970318301366003, -29.729790072774225 ], [ 30.970367257480056, -29.729824342192863 ], [ 30.970416213311672, -29.729841477069559 ], [ 30.970474959896841, -29.729853716191037 ], [ 30.970575319630637, -29.729853716248702 ], [ 30.970785831942823, -29.729839029412933 ], [ 30.970795623129682, -29.72963830842459 ], [ 30.970810310090332, -29.729515918077769 ], [ 30.97083968372203, -29.729366601824037 ], [ 30.970908223240713, -29.729097342552102 ], [ 30.970971865944172, -29.728857457063931 ], [ 30.97098899983472, -29.728732618928969 ], [ 30.970991448046437, -29.728654289381467 ], [ 30.970979208736953, -29.728522107694264 ], [ 30.970954731391302, -29.728314044198989 ], [ 30.970952282619667, -29.728262640279347 ], [ 30.970969418397651, -29.728223474721315 ], [ 30.970991447903401, -29.728186758131738 ], [ 30.971033061419597, -29.728159831732725 ], [ 30.971096703607284, -29.728128009617784 ], [ 30.971284257345157, -29.728390971321346 ], [ 30.971530557602787, -29.72864576481361 ], [ 30.971793845658738, -29.728832614283764 ], [ 30.972237356630213, -29.729125647651678 ] ] ] } },
{ "type": "Feature", "properties": { "EA_CODE": "59913916", "EA_TYPE": "Township", "White": 0.0, "Black_African": 900.0, "Coloured": 0.0, "Indian_Asian": 0.0, "Other": 1.0, "area_km2": 0.108054, "sal2023_est": 938.887724, "walk_typology": "Access gap", "walk_dist_k1_km": 3.5970456522116692, "exceeds_walk_k1_3km": true, "econ_status": "Non_Wealthy", "Ai_walk": 0.045454, "walk_snap_flag": false, "drive_typology": "Well-served", "walk_dist_k3_km": 9.102436135242284, "PR_NAME": "KwaZulu-Natal", "MN_NAME": "Ethekwini", "SP_NAME": "KwaMashu M" }, "geometry": { "type": "Polygon", "coordinates": [ [ [ 30.968572282508497, -29.728262726093387 ], [ 30.968565800612762, -29.728317163763975 ], [ 30.968518205156144, -29.728418306642855 ], [ 30.968437885808381, -29.72849862562207 ], [ 30.968286173066751, -29.728575970069155 ], [ 30.968167182462334, -29.728638439653224 ], [ 30.968030341756528, -29.728736607449854 ], [ 30.967920275970371, -29.728873446828722 ], [ 30.967899452515645, -29.729045983651677 ], [ 30.967908377237229, -29.729266116831571 ], [ 30.967917300829516, -29.729394032247342 ], [ 30.967923250414287, -29.729501123756847 ], [ 30.967872678739297, -29.729643912689752 ], [ 30.967754531431975, -29.729930434580343 ], [ 30.96767399762, -29.730198881928025 ], [ 30.967548721706386, -29.730476275682573 ], [ 30.967235534598792, -29.730843153275575 ], [ 30.967211366102891, -29.730912098834079 ], [ 30.967510993120875, -29.731101337397245 ], [ 30.967704175066114, -29.731223554357204 ], [ 30.967810621631116, -29.731259036363788 ], [ 30.968011687415522, -29.731278747841738 ], [ 30.968358624591364, -29.731282690784813 ], [ 30.968567576641494, -29.731235381417207 ], [ 30.968788353915166, -29.731180187291873 ], [ 30.969056441774029, -29.731022488167312 ], [ 30.96918223379291, -29.730901697096019 ], [ 30.969362215964438, -29.731291658686594 ], [ 30.969411339259317, -29.731386417553534 ], [ 30.969279768866365, -29.731500275844411 ], [ 30.969317721753342, -29.731588832452037 ], [ 30.969494835052554, -29.731710280772198 ], [ 30.96962050637487, -29.732274041433854 ], [ 30.969536466059729, -29.73235574663051 ], [ 30.969382393217266, -29.732432783132001 ], [ 30.969218982337985, -29.732505151295445 ], [ 30.968658715866393, -29.732619538643934 ], [ 30.968089111583623, -29.732738594738446 ], [ 30.967447139692794, -29.732871659017913 ], [ 30.967019936376083, -29.732544837205786 ], [ 30.966625415280955, -29.732239025051065 ], [ 30.966191208625261, -29.731905199256762 ], [ 30.965539409697072, -29.731407037559009 ], [ 30.965537565381087, -29.731405628135853 ], [ 30.965616936534879, -29.731050792839881 ], [ 30.965933195779545, -29.730915563791878 ], [ 30.965838853100227, -29.730685046773722 ], [ 30.96580030764661, -29.730515449868484 ], [ 30.965789685294986, -29.730345791149478 ], [ 30.965976439869724, -29.729650126632702 ], [ 30.966041805319222, -29.729657130370207 ], [ 30.966118841174669, -29.729668801908247 ], [ 30.966261242456419, -29.729636120176508 ], [ 30.966328940651241, -29.729631451037314 ], [ 30.966373296178102, -29.729405009682132 ], [ 30.966595068106731, -29.728552937778598 ], [ 30.966641757368325, -29.728431546745313 ], [ 30.966681442243889, -29.728347506902217 ], [ 30.966728131418837, -29.72827047067512 ], [ 30.966788826111539, -29.728207440869461 ], [ 30.966898544883463, -29.728111728912609 ], [ 30.96704561494305, -29.728009013284353 ], [ 30.967077173921588, -29.727994571282718 ], [ 30.967090262505295, -29.7279885807745 ], [ 30.967209583333521, -29.727944424857995 ], [ 30.96728791311245, -29.727922393550454 ], [ 30.96740295960598, -29.727907706989232 ], [ 30.967508215924575, -29.727907706747043 ], [ 30.967606128550507, -29.727915050576481 ], [ 30.96773830967533, -29.727932185888502 ], [ 30.967821535514016, -29.7279517678773 ], [ 30.967919448269399, -29.727983589664284 ], [ 30.968467757187561, -29.728218579439023 ], [ 30.968572282508497, -29.728262726093387 ] ] ] } },
{ "type": "Feature", "properties": { "EA_CODE": "59914204", "EA_TYPE": "Township", "White": 0.0, "Black_African": 899.0, "Coloured": 1.0, "Indian_Asian": 0.0, "Other": 1.0, "area_km2": 0.138893, "sal2023_est": 938.887724, "walk_typology": "Well-served", "walk_dist_k1_km": 2.729435310631346, "exceeds_walk_k1_3km": false, "econ_status": "Non_Wealthy", "Ai_walk": 0.070484, "walk_snap_flag": false, "drive_typology": "Well-served", "walk_dist_k3_km": 8.2348257936619635, "PR_NAME": "KwaZulu-Natal", "MN_NAME": "Ethekwini", "SP_NAME": "KwaMashu M" }, "geometry": { "type": "Polygon", "coordinates": [ [ [ 30.96918223379291, -29.730901697096019 ], [ 30.969365209231469, -29.730816307729889 ], [ 30.969615759424322, -29.730843153238155 ], [ 30.969830516071461, -29.730959480031064 ], [ 30.970098962598616, -29.731075807077005 ], [ 30.97119064469603, -29.730762618984006 ], [ 30.97134276381648, -29.730610500351627 ], [ 30.971432245689538, -29.730404691358039 ], [ 30.971396452908952, -29.729930435228717 ], [ 30.971414350244363, -29.729581455260753 ], [ 30.971405402558673, -29.729366697579557 ], [ 30.971602262125394, -29.729295112102427 ], [ 30.971745434253783, -29.729357750407981 ], [ 30.97198703612279, -29.729491972617993 ], [ 30.972237356630213, -29.729125647651678 ], [ 30.972269462562384, -29.729146859574751 ], [ 30.973169734734554, -29.729817817560651 ], [ 30.973560418867333, -29.730055625832676 ], [ 30.973823707359887, -29.73021699569717 ], [ 30.974367268363675, -29.730403845246503 ], [ 30.975131651419492, -29.730624667187868 ], [ 30.975547815541923, -29.730726584670364 ], [ 30.9766743977647, -29.731053227263931 ], [ 30.976637843162518, -29.73114650481784 ], [ 30.976621502412534, -29.731218873097713 ], [ 30.976621502302365, -29.731291240041887 ], [ 30.976595822793609, -29.731344933158127 ], [ 30.976551469260659, -29.731372946089337 ], [ 30.976509449517621, -29.731447648229956 ], [ 30.976446419283249, -29.731527018954036 ], [ 30.976299349391766, -29.73170910560723 ], [ 30.976198967813936, -29.731811821042228 ], [ 30.976072907713025, -29.731888857780813 ], [ 30.975925837631351, -29.731968229220577 ], [ 30.975816118637923, -29.732033594204665 ], [ 30.975711069408558, -29.732061606651044 ], [ 30.975650373956217, -29.73205927176992 ], [ 30.97554065553231, -29.732061607011097 ], [ 30.97547062176023, -29.732087285951206 ], [ 30.975318882753541, -29.732140977864205 ], [ 30.975073765644943, -29.732232021325707 ], [ 30.974856662604147, -29.732285712865618 ], [ 30.974660570348217, -29.732309057896309 ], [ 30.974473814426258, -29.73233240218774 ], [ 30.97435709238972, -29.732346409139968 ], [ 30.974217025280659, -29.732344073687951 ], [ 30.974002257071696, -29.732311392032745 ], [ 30.973782818781807, -29.732290381903994 ], [ 30.973577388380487, -29.732269372071215 ], [ 30.973441989679042, -29.732225017807558 ], [ 30.973297254781528, -29.73217132627634 ], [ 30.973189869658459, -29.732136308879486 ], [ 30.973129175011035, -29.73214331209735 ], [ 30.97304746897959, -29.732159652576112 ], [ 30.972977435779391, -29.732154984959791 ], [ 30.972818693851035, -29.732129306385662 ], [ 30.972746326079466, -29.732119968420857 ], [ 30.972662285855158, -29.732101292265064 ], [ 30.972573577459222, -29.73207094457592 ], [ 30.972543229820054, -29.732070944609791 ], [ 30.972494206312579, -29.732096623225786 ], [ 30.972407831987212, -29.732101291832922 ], [ 30.972321457477232, -29.73210362669273 ], [ 30.972228080586337, -29.732105961042894 ], [ 30.972137036346624, -29.73211529931875 ], [ 30.972064668896998, -29.732133975242878 ], [ 30.972022649475647, -29.732082616862719 ], [ 30.971966621814637, -29.732075613204778 ], [ 30.971898923628888, -29.732094289318979 ], [ 30.971838228396049, -29.732133974540652 ], [ 30.971777532199006, -29.732136308890457 ], [ 30.971656140808761, -29.732166657163006 ], [ 30.971560428945246, -29.732159653412729 ], [ 30.971357331940357, -29.732164321742637 ], [ 30.971319980795251, -29.732204008318202 ], [ 30.971219600479962, -29.732222682784194 ], [ 30.97108186805001, -29.732227352433483 ], [ 30.970988490595715, -29.732225017630281 ], [ 30.970916122158805, -29.732234356372469 ], [ 30.970857761087174, -29.732267038444576 ], [ 30.970813406874075, -29.732271707186644 ], [ 30.970736370355656, -29.732255365774641 ], [ 30.970678009090587, -29.732241359376498 ], [ 30.970656999024882, -29.732168990654223 ], [ 30.970572959508512, -29.732171326326505 ], [ 30.97039087279121, -29.73218066299459 ], [ 30.970264812670283, -29.732180663451807 ], [ 30.970117743351224, -29.732147981344859 ], [ 30.969984680444302, -29.732124636766667 ], [ 30.969907643489336, -29.732147981288119 ], [ 30.969783916731028, -29.732204008329774 ], [ 30.96962050637487, -29.732274041433854 ], [ 30.969494835052554, -29.731710280772198 ], [ 30.969317721753342, -29.731588832452037 ], [ 30.969279768866365, -29.731500275844411 ], [ 30.969411339259317, -29.731386417553534 ], [ 30.969362215964438, -29.731291658686594 ], [ 30.96918223379291, -29.730901697096019 ] ] ] } },
{ "type": "Feature", "properties": { "EA_CODE": "59914210", "EA_TYPE": "Township", "White": 0.0, "Black_African": 922.0, "Coloured": 0.0, "Indian_Asian": 0.0, "Other": 1.0, "area_km2": 0.080723, "sal2023_est": 961.812841, "walk_typology": "Artifact zone", "walk_dist_k1_km": 3.3192892522892583, "exceeds_walk_k1_3km": true, "econ_status": "Non_Wealthy", "Ai_walk": 0.066264, "walk_snap_flag": false, "drive_typology": "Well-served", "walk_dist_k3_km": 7.9255334172622423, "PR_NAME": "KwaZulu-Natal", "MN_NAME": "Ethekwini", "SP_NAME": "KwaMashu M" }, "geometry": { "type": "Polygon", "coordinates": [ [ [ 30.976218772709579, -29.727278368964853 ], [ 30.97574315671741, -29.727490698107136 ], [ 30.975343979503787, -29.727787956539174 ], [ 30.975021240078572, -29.728195628140742 ], [ 30.974924795655369, -29.728406762010138 ], [ 30.974086993672945, -29.72811069719566 ], [ 30.973951104604978, -29.727847408768653 ], [ 30.973849186557157, -29.727686040046439 ], [ 30.973662336997304, -29.727558642640993 ], [ 30.973416036184805, -29.72749919059309 ], [ 30.973169734616384, -29.727439738989307 ], [ 30.972880968330511, -29.727371794112319 ], [ 30.972694119053664, -29.727201930755509 ], [ 30.972379872777417, -29.726947136270702 ], [ 30.972235488755199, -29.726726314863313 ], [ 30.97220151729811, -29.726327136863507 ], [ 30.972371379287381, -29.725978917883413 ], [ 30.97269411951871, -29.725800562331727 ], [ 30.972774401200279, -29.725672863383323 ], [ 30.972816779160794, -29.72566634442251 ], [ 30.97288034463989, -29.725648415187319 ], [ 30.972948802135978, -29.725648415336092 ], [ 30.97298791904095, -29.725650044651815 ], [ 30.973036817492915, -29.725654934107155 ], [ 30.973092233794002, -29.725661453833705 ], [ 30.973136241471519, -29.725679382836194 ], [ 30.973170469415258, -29.725710350547015 ], [ 30.973225886600556, -29.725751098637247 ], [ 30.973304122043704, -29.725839113750553 ], [ 30.973361169083791, -29.72589779098395 ], [ 30.973387247703631, -29.726037964418623 ], [ 30.973410065615688, -29.726117829283989 ], [ 30.973473633129661, -29.726231923425818 ], [ 30.97357957721848, -29.726370464661144 ], [ 30.973680631853711, -29.726447071439832 ], [ 30.973835473014383, -29.726531826645189 ], [ 30.974045732360828, -29.726583984222032 ], [ 30.974177755300612, -29.726588874295508 ], [ 30.974293477634042, -29.726572574191486 ], [ 30.974461358913999, -29.726531827403679 ], [ 30.974617830900687, -29.726461739890951 ], [ 30.974506996703759, -29.726215624418863 ], [ 30.974598272332223, -29.726202584896498 ], [ 30.97509213506309, -29.72602003492872 ], [ 30.975608816878239, -29.725826074833762 ], [ 30.976011605738915, -29.725678648756542 ], [ 30.976356946030176, -29.725552250345146 ], [ 30.976899707228529, -29.725353401377234 ], [ 30.97700255093498, -29.725314913063801 ], [ 30.977095147675758, -29.725498483217969 ], [ 30.977127539539502, -29.725545767897849 ], [ 30.977263428856794, -29.72552878183166 ], [ 30.977373839831433, -29.725622206120025 ], [ 30.977280415757821, -29.725987410996918 ], [ 30.977119045888521, -29.726131795186667 ], [ 30.976864251827291, -29.72635261645339 ], [ 30.976626443934315, -29.726496999682414 ], [ 30.976320689907205, -29.726743301307341 ], [ 30.97620178634941, -29.727049054155884 ], [ 30.976218772709579, -29.727278368964853 ] ] ] } },
{ "type": "Feature", "properties": { "EA_CODE": "59914206", "EA_TYPE": "Township", "White": 0.0, "Black_African": 933.0, "Coloured": 6.0, "Indian_Asian": 0.0, "Other": 0.0, "area_km2": 0.139454, "sal2023_est": 978.485653, "walk_typology": "Well-served", "walk_dist_k1_km": 2.8439220933079081, "exceeds_walk_k1_3km": false, "econ_status": "Non_Wealthy", "Ai_walk": 0.076375, "walk_snap_flag": false, "drive_typology": "Well-served", "walk_dist_k3_km": 7.8081031812711643, "PR_NAME": "KwaZulu-Natal", "MN_NAME": "Ethekwini", "SP_NAME": "KwaMashu M" }, "geometry": { "type": "Polygon", "coordinates": [ [ [ 30.979898968930652, -29.727440699875732 ], [ 30.980006714199423, -29.727736999174606 ], [ 30.980083152201995, -29.727949327053221 ], [ 30.980049179984146, -29.728212615316075 ], [ 30.979887810353514, -29.728577819690159 ], [ 30.979641509092666, -29.728858092915736 ], [ 30.979259318350806, -29.728993983768554 ], [ 30.978919592432451, -29.729061928641094 ], [ 30.978614173371842, -29.729042223929014 ], [ 30.978601109944641, -29.729405010364164 ], [ 30.97853807975169, -29.729393338339449 ], [ 30.978461043804312, -29.72940734473093 ], [ 30.978346655879577, -29.729421351423358 ], [ 30.978260282454283, -29.729470374589127 ], [ 30.978155231707124, -29.729477378422899 ], [ 30.978080528815113, -29.729470375172045 ], [ 30.978008162016099, -29.729507726381357 ], [ 30.977933459338331, -29.729547411242258 ], [ 30.977793393141681, -29.729626781892595 ], [ 30.977693012494459, -29.729680474533883 ], [ 30.977541273021075, -29.729748172677006 ], [ 30.977300824791939, -29.729885906337927 ], [ 30.977195775209768, -29.729953604268069 ], [ 30.977088390896455, -29.72999328967969 ], [ 30.977041702059537, -29.72997461357485 ], [ 30.97699034429554, -29.72994893626273 ], [ 30.976892297935674, -29.729946600904555 ], [ 30.976831601771895, -29.729960607753831 ], [ 30.976731220659275, -29.729993290200699 ], [ 30.976598157823666, -29.730037643686263 ], [ 30.976455757511694, -29.730072661092674 ], [ 30.976465094784675, -29.730147362931802 ], [ 30.976476766719166, -29.730243075260621 ], [ 30.976511783370519, -29.730345791135704 ], [ 30.976553803076964, -29.730413490126466 ], [ 30.97658881971682, -29.730506867603022 ], [ 30.976619168007876, -29.730597911227239 ], [ 30.976635509210986, -29.730684285277928 ], [ 30.976698539184095, -29.730810345074108 ], [ 30.976726552274958, -29.730899054026498 ], [ 30.976705541639348, -29.730973755905524 ], [ 30.976678888988594, -29.731041767097693 ], [ 30.9766743977647, -29.731053227263931 ], [ 30.975547815541923, -29.730726584670364 ], [ 30.975744161635816, -29.730208636018666 ], [ 30.976040416588507, -29.729427133699758 ], [ 30.976184799640833, -29.729248778033995 ], [ 30.974707566678052, -29.72888231704006 ], [ 30.974924795655369, -29.728406762010138 ], [ 30.975021240078572, -29.728195628140742 ], [ 30.975343979503787, -29.727787956539174 ], [ 30.97574315671741, -29.727490698107136 ], [ 30.976218772709579, -29.727278368964853 ], [ 30.977637127467226, -29.726777273604252 ], [ 30.978588359077559, -29.726412068060672 ], [ 30.97908945528544, -29.726165766864547 ], [ 30.979898968930652, -29.727440699875732 ] ] ] } },
{ "type": "Feature", "properties": { "EA_CODE": "59914213", "EA_TYPE": "Township", "White": 0.0, "Black_African": 992.0, "Coloured": 0.0, "Indian_Asian": 0.0, "Other": 0.0, "area_km2": 0.105513, "sal2023_est": 1033.714342, "walk_typology": "Artifact zone", "walk_dist_k1_km": 3.4512812177981762, "exceeds_walk_k1_3km": true, "econ_status": "Non_Wealthy", "Ai_walk": 0.072955, "walk_snap_flag": false, "drive_typology": "Well-served", "walk_dist_k3_km": 7.5177459357052063, "PR_NAME": "KwaZulu-Natal", "MN_NAME": "Ethekwini", "SP_NAME": "KwaMashu M" }, "geometry": { "type": "Polygon", "coordinates": [ [ [ 30.98008985148898, -29.723385486374941 ], [ 30.980219428857577, -29.723486948384821 ], [ 30.98024037180377, -29.723501782807027 ], [ 30.98045525631321, -29.723623112084894 ], [ 30.980587638311079, -29.723727190679202 ], [ 30.980831402237278, -29.72396913012016 ], [ 30.98110936012419, -29.72417640124425 ], [ 30.981285391044917, -29.724331650171038 ], [ 30.981187538696755, -29.724503730691989 ], [ 30.981069428181375, -29.724595171403816 ], [ 30.980766533333131, -29.724880921983864 ], [ 30.979802879001912, -29.725817549096433 ], [ 30.979582056861641, -29.725919466383246 ], [ 30.97908945528544, -29.726165766864547 ], [ 30.978588359077559, -29.726412068060672 ], [ 30.977637127467226, -29.726777273604252 ], [ 30.976218772709579, -29.727278368964853 ], [ 30.97620178634941, -29.727049054155884 ], [ 30.976320689907205, -29.726743301307341 ], [ 30.976626443934315, -29.726496999682414 ], [ 30.976864251827291, -29.72635261645339 ], [ 30.977119045888521, -29.726131795186667 ], [ 30.977280415757821, -29.725987410996918 ], [ 30.977373839831433, -29.725622206120025 ], [ 30.977263428856794, -29.72552878183166 ], [ 30.977127539539502, -29.725545767897849 ], [ 30.977095147675758, -29.725498483217969 ], [ 30.97700255093498, -29.725314913063801 ], [ 30.977043361912912, -29.725299639674152 ], [ 30.976988810377872, -29.725182288086053 ], [ 30.977026679222384, -29.725161631811222 ], [ 30.977064548246847, -29.725128926680679 ], [ 30.977135121287667, -29.725066960066528 ], [ 30.977221187406773, -29.72498089466011 ], [ 30.977276268766076, -29.724915484820578 ], [ 30.977386432112386, -29.724745076154502 ], [ 30.977431185861299, -29.724671058717522 ], [ 30.977465613308453, -29.724598763583334 ], [ 30.977487990400352, -29.724554009683377 ], [ 30.977520694193263, -29.724471387840232 ], [ 30.977551678223453, -29.724380158121274 ], [ 30.977610203562335, -29.724171880191246 ], [ 30.977644629574328, -29.724111633906141 ], [ 30.977687661538443, -29.724068601110858 ], [ 30.977725530196359, -29.724044503178991 ], [ 30.977880447686182, -29.723958437685276 ], [ 30.978069792308592, -29.72388269967556 ], [ 30.978140365483906, -29.723848273568073 ], [ 30.978245364954503, -29.72377942211951 ], [ 30.978467414317038, -29.723626224715062 ], [ 30.978531102478929, -29.723576307106519 ], [ 30.978598232924448, -29.723486798828585 ], [ 30.978627495666228, -29.723426552711068 ], [ 30.978636102116663, -29.72340417633842 ], [ 30.978738516650946, -29.723439213198191 ], [ 30.978789985974458, -29.72344599540984 ], [ 30.978895891471758, -29.723328221431437 ], [ 30.97892894604761, -29.723226365807161 ], [ 30.978996319287941, -29.723183056904691 ], [ 30.979059314003333, -29.723128278941665 ], [ 30.979117724355731, -29.723109694400559 ], [ 30.97913513021803, -29.723109217286787 ], [ 30.979437071235928, -29.723077433101988 ], [ 30.979569094147116, -29.723056651973693 ], [ 30.979635106154124, -29.723084768092253 ], [ 30.979792799079714, -29.723174004982436 ], [ 30.979791577262738, -29.723197231718487 ], [ 30.98008985148898, -29.723385486374941 ] ] ] } },
{ "type": "Feature", "properties": { "EA_CODE": "59914208", "EA_TYPE": "Township", "White": 0.0, "Black_African": 1055.0, "Coloured": 0.0, "Indian_Asian": 3.0, "Other": 0.0, "area_km2": 0.129203, "sal2023_est": 1102.489692, "walk_typology": "Well-served", "walk_dist_k1_km": 2.9552519469096423, "exceeds_walk_k1_3km": false, "econ_status": "Non_Wealthy", "Ai_walk": 0.067405, "walk_snap_flag": false, "drive_typology": "Well-served", "walk_dist_k3_km": 8.0090091573836677, "PR_NAME": "KwaZulu-Natal", "MN_NAME": "Ethekwini", "SP_NAME": "KwaMashu M" }, "geometry": { "type": "Polygon", "coordinates": [ [ [ 30.97210746517916, -29.725456416710923 ], [ 30.972111902877298, -29.725457046825561 ], [ 30.972484277263774, -29.725509872319897 ], [ 30.972604890599907, -29.72554735959908 ], [ 30.9726179300743, -29.725591368326707 ], [ 30.972647268486362, -29.725607667007701 ], [ 30.972681496526185, -29.725615816180568 ], [ 30.972723874061042, -29.725619076437319 ], [ 30.972749951734055, -29.725663083560075 ], [ 30.972774401200279, -29.725672863383323 ], [ 30.97269411951871, -29.725800562331727 ], [ 30.972371379287381, -29.725978917883413 ], [ 30.97220151729811, -29.726327136863507 ], [ 30.972235488755199, -29.726726314863313 ], [ 30.972379872777417, -29.726947136270702 ], [ 30.972694119053664, -29.727201930755509 ], [ 30.972880968330511, -29.727371794112319 ], [ 30.973169734616384, -29.727439738989307 ], [ 30.973416036184805, -29.72749919059309 ], [ 30.973662336997304, -29.727558642640993 ], [ 30.973849186557157, -29.727686040046439 ], [ 30.973951104604978, -29.727847408768653 ], [ 30.974086993672945, -29.72811069719566 ], [ 30.974924795655369, -29.728406762010138 ], [ 30.974707566678052, -29.72888231704006 ], [ 30.976184799640833, -29.729248778033995 ], [ 30.976040416588507, -29.729427133699758 ], [ 30.975744161635816, -29.730208636018666 ], [ 30.975547815541923, -29.730726584670364 ], [ 30.975131651419492, -29.730624667187868 ], [ 30.974367268363675, -29.730403845246503 ], [ 30.973823707359887, -29.73021699569717 ], [ 30.973560418867333, -29.730055625832676 ], [ 30.973169734734554, -29.729817817560651 ], [ 30.972269462562384, -29.729146859574751 ], [ 30.972237356630213, -29.729125647651678 ], [ 30.971793845658738, -29.728832614283764 ], [ 30.971530557602787, -29.72864576481361 ], [ 30.971284257345157, -29.728390971321346 ], [ 30.971096703607284, -29.728128009617784 ], [ 30.971001239576829, -29.727902811765347 ], [ 30.970920953307331, -29.727697200217939 ], [ 30.970912725839664, -29.727676132232322 ], [ 30.970900879531097, -29.727645792203099 ], [ 30.970806328854863, -29.727405128591272 ], [ 30.97074851814865, -29.727259670165825 ], [ 30.970681382910492, -29.727078777843385 ], [ 30.970638491514851, -29.726959426095966 ], [ 30.970608652611126, -29.726871777119737 ], [ 30.97059373446719, -29.726799046797424 ], [ 30.9705788153905, -29.726726318302447 ], [ 30.970571355921074, -29.726646128443811 ], [ 30.970571355741548, -29.726564073967047 ], [ 30.970576949833333, -29.726508127867124 ], [ 30.970591869213862, -29.726422344126767 ], [ 30.970604923179511, -29.726360804338931 ], [ 30.970634760764803, -29.726278748575407 ], [ 30.970666463782258, -29.726207884317745 ], [ 30.970678833986369, -29.726183871926544 ], [ 30.970698166795202, -29.726146344038302 ], [ 30.970720544947795, -29.72610904735749 ], [ 30.970759707059379, -29.72604564064687 ], [ 30.971095382954481, -29.726254506150333 ], [ 30.971764871605309, -29.72535750494389 ], [ 30.97210746517916, -29.725456416710923 ] ] ] } },
{ "type": "Feature", "properties": { "EA_CODE": "59914209", "EA_TYPE": "Township", "White": 0.0, "Black_African": 1078.0, "Coloured": 1.0, "Indian_Asian": 2.0, "Other": 0.0, "area_km2": 0.072331, "sal2023_est": 1126.456859, "walk_typology": "Artifact zone", "walk_dist_k1_km": 3.273731031760803, "exceeds_walk_k1_3km": true, "econ_status": "Non_Wealthy", "Ai_walk": 0.086986, "walk_snap_flag": false, "drive_typology": "Well-served", "walk_dist_k3_km": 7.484593729086443, "PR_NAME": "KwaZulu-Natal", "MN_NAME": "Ethekwini", "SP_NAME": "KwaMashu M" }, "geometry": { "type": "Polygon", "coordinates": [ [ [ 30.98333183346972, -29.726619091402277 ], [ 30.983317429744435, -29.726627909269279 ], [ 30.983211133808876, -29.726703093649569 ], [ 30.983115209517731, -29.726853464370979 ], [ 30.983141134631541, -29.726964944981269 ], [ 30.983058172300794, -29.727034945284384 ], [ 30.982931135037706, -29.727099758561415 ], [ 30.982832617081705, -29.727167167313628 ], [ 30.982721136327019, -29.727289018093458 ], [ 30.982632987820804, -29.727322721580382 ], [ 30.982511137081726, -29.727340870403047 ], [ 30.982410025721084, -29.727359017965451 ], [ 30.982347804243446, -29.727377166364594 ], [ 30.982323559445415, -29.727472752218574 ], [ 30.982332583047501, -29.727517049256182 ], [ 30.982319457989291, -29.72756052456883 ], [ 30.982296488729059, -29.72758595513486 ], [ 30.982258754713818, -29.72761220464281 ], [ 30.982207075510978, -29.727614665843252 ], [ 30.982153755588378, -29.727633532972177 ], [ 30.982111098760377, -29.727676189027868 ], [ 30.982036451613578, -29.727738533360657 ], [ 30.981952779116284, -29.727810719570645 ], [ 30.981906842055185, -29.727849273947456 ], [ 30.981864186045321, -29.727939507669237 ], [ 30.981842037760583, -29.728010875011453 ], [ 30.981787896793652, -29.728069937832146 ], [ 30.981639420949701, -29.728165914039188 ], [ 30.981477000578149, -29.72827583454578 ], [ 30.98136707787668, -29.728329975890908 ], [ 30.981210398846578, -29.728365248959481 ], [ 30.98107422772863, -29.728425952320272 ], [ 30.980988915261015, -29.728500600397275 ], [ 30.980914267515679, -29.728552279906566 ], [ 30.980879813998477, -29.728625286928072 ], [ 30.98085028361054, -29.728645795037909 ], [ 30.980811728372615, -29.728640872889695 ], [ 30.98076004901036, -29.728735209 ], [ 30.980708369577037, -29.728833646397938 ], [ 30.980678018519427, -29.728962434598607 ], [ 30.980566456359444, -29.729151926186479 ], [ 30.980463917193742, -29.729242160373733 ], [ 30.980472941345763, -29.729260207428563 ], [ 30.980422080961105, -29.729311065715457 ], [ 30.980314621174703, -29.729315168338825 ], [ 30.980248175875502, -29.729361104749444 ], [ 30.980144817413624, -29.729437393726872 ], [ 30.98001356696183, -29.729521886008051 ], [ 30.979794544045539, -29.729640010921354 ], [ 30.979557474748038, -29.729728604182238 ], [ 30.979529584532429, -29.729719581032963 ], [ 30.979476263664619, -29.729713018219538 ], [ 30.979345014780076, -29.729750752275379 ], [ 30.979227710104674, -29.729773720812393 ], [ 30.979143217712412, -29.729786846120451 ], [ 30.979097280972979, -29.72979668959147 ], [ 30.979020992040766, -29.729804072085972 ], [ 30.978948804889967, -29.729806532969764 ], [ 30.978823173196766, -29.729884152284935 ], [ 30.978797203637026, -29.729832212968979 ], [ 30.978771524908765, -29.729790192752972 ], [ 30.978741177446132, -29.729729497557155 ], [ 30.978680481111752, -29.729703819027737 ], [ 30.978657136892302, -29.729650126767481 ], [ 30.978647799130787, -29.729575425194405 ], [ 30.978619785898367, -29.729479712059799 ], [ 30.978601109944641, -29.729405010364164 ], [ 30.978614173371842, -29.729042223929014 ], [ 30.978919592432451, -29.729061928641094 ], [ 30.979259318350806, -29.728993983768554 ], [ 30.979641509092666, -29.728858092915736 ], [ 30.979887810353514, -29.728577819690159 ], [ 30.980049179984146, -29.728212615316075 ], [ 30.980083152201995, -29.727949327053221 ], [ 30.980006714199423, -29.727736999174606 ], [ 30.979898968930652, -29.727440699875732 ], [ 30.980796575800454, -29.72704056101588 ], [ 30.98101739854609, -29.726819739046235 ], [ 30.982240410546407, -29.725698644950207 ], [ 30.982503865379293, -29.725367638369107 ], [ 30.982513336174378, -29.725379668613151 ], [ 30.982532273432025, -29.725403723820964 ], [ 30.982601951792997, -29.725439175058394 ], [ 30.982788984632112, -29.725752118066591 ], [ 30.982907559621999, -29.725973377982964 ], [ 30.982974793841745, -29.726113958004813 ], [ 30.983011466898134, -29.726190971267396 ], [ 30.983059142201935, -29.72626431693417 ], [ 30.983103148929295, -29.726326661780568 ], [ 30.98312270856243, -29.726363334621595 ], [ 30.983130043122525, -29.726397562661031 ], [ 30.983136155345505, -29.726450127425206 ], [ 30.983160603798893, -29.726488023028896 ], [ 30.983202167176653, -29.726501470201629 ], [ 30.983225392957092, -29.726524695665624 ], [ 30.983229059665863, -29.726556478812874 ], [ 30.983244952413649, -29.726584595337251 ], [ 30.983273068631181, -29.726598042123513 ], [ 30.983307296215845, -29.726606598596831 ], [ 30.983326855603174, -29.726617600907677 ], [ 30.983332450537404, -29.726618713153062 ], [ 30.98333183346972, -29.726619091402277 ] ] ] } },
{ "type": "Feature", "properties": { "EA_CODE": "59914197", "EA_TYPE": "Township", "White": 0.0, "Black_African": 725.0, "Coloured": 0.0, "Indian_Asian": 0.0, "Other": 10.0, "area_km2": 0.048601, "sal2023_est": 880.875904, "walk_typology": "Demand overcrowding", "walk_dist_k1_km": 1.8739466319554487, "exceeds_walk_k1_3km": false, "econ_status": "Non_Wealthy", "Ai_walk": 0.030116, "walk_snap_flag": false, "drive_typology": "Well-served", "walk_dist_k3_km": 9.555181753932672, "PR_NAME": "KwaZulu-Natal", "MN_NAME": "Ethekwini", "SP_NAME": "Ezikhalini" }, "geometry": { "type": "Polygon", "coordinates": [ [ [ 30.969705007619385, -29.736048652041017 ], [ 30.969276551045258, -29.736401498052821 ], [ 30.970287593638481, -29.736997561377319 ], [ 30.969699076414276, -29.737902972919109 ], [ 30.969512226648508, -29.738129861140141 ], [ 30.969218862958904, -29.737979652029562 ], [ 30.968972902930432, -29.737840544125195 ], [ 30.968851939597595, -29.737823406576894 ], [ 30.968660412410237, -29.737685306909526 ], [ 30.968478966207609, -29.737555269985727 ], [ 30.96819671682649, -29.737313341571458 ], [ 30.968026359002909, -29.737163144859213 ], [ 30.967784431103727, -29.736882912372071 ], [ 30.967656410892921, -29.736717594865411 ], [ 30.967838865554029, -29.736637959918422 ], [ 30.967873137907727, -29.736448449901662 ], [ 30.967836848920786, -29.736429296992242 ], [ 30.967810640567489, -29.736386959568087 ], [ 30.967697740092778, -29.736209545698014 ], [ 30.967665483362971, -29.736134950564381 ], [ 30.968420499673329, -29.735779114975394 ], [ 30.968675532731126, -29.735652102776797 ], [ 30.968514247263524, -29.735390013926992 ], [ 30.968253166792202, -29.734936398656725 ], [ 30.968153370783931, -29.734788217623574 ], [ 30.968645182714646, -29.734475264871467 ], [ 30.968906841209495, -29.7349075693283 ], [ 30.969367092445072, -29.735662079113432 ], [ 30.969676441417327, -29.736031787943194 ], [ 30.969705007619385, -29.736048652041017 ] ] ] } },
{ "type": "Feature", "properties": { "EA_CODE": "59914202", "EA_TYPE": "Township", "White": 0.0, "Black_African": 857.0, "Coloured": 0.0, "Indian_Asian": 5.0, "Other": 0.0, "area_km2": 0.102397, "sal2023_est": 898.247745, "walk_typology": "Well-served", "walk_dist_k1_km": 2.1465959578089056, "exceeds_walk_k1_3km": false, "econ_status": "Non_Wealthy", "Ai_walk": 0.069516, "walk_snap_flag": false, "drive_typology": "Well-served", "walk_dist_k3_km": 8.8556272653264347, "PR_NAME": "KwaZulu-Natal", "MN_NAME": "Ethekwini", "SP_NAME": "Ezikhalini" }, "geometry": { "type": "Polygon", "coordinates": [ [ [ 30.981815480953998, -29.733069288379301 ], [ 30.981782335998055, -29.733113038784342 ], [ 30.981749871381371, -29.733159707195295 ], [ 30.981701174967807, -29.733242896579693 ], [ 30.981613926279564, -29.733317971362659 ], [ 30.981563199922121, -29.733368697230993 ], [ 30.98148203927823, -29.73350667096847 ], [ 30.981415081398694, -29.733618267727614 ], [ 30.981315658121407, -29.733798851981028 ], [ 30.981264933515565, -29.733890158014468 ], [ 30.98121826552666, -29.733969291217715 ], [ 30.981183770603888, -29.734038277661508 ], [ 30.981094494076256, -29.734129584084897 ], [ 30.981053912785114, -29.734184367767703 ], [ 30.981011302946825, -29.734212774952901 ], [ 30.980982896971668, -29.734243209606362 ], [ 30.980907823271195, -29.734308139013923 ], [ 30.980865212896234, -29.734352778301066 ], [ 30.980798255419856, -29.734407562355582 ], [ 30.980715064794854, -29.734464374937716 ], [ 30.980654193996244, -29.734502926429911 ], [ 30.980658252316424, -29.734580030287056 ], [ 30.980617671095338, -29.734644958938286 ], [ 30.980532451655691, -29.734722062305547 ], [ 30.980459405916882, -29.734772787686875 ], [ 30.980406652130732, -29.734815396893843 ], [ 30.980364042488834, -29.73487221012083 ], [ 30.9802767926593, -29.73493308107486 ], [ 30.980193603604114, -29.735008156275633 ], [ 30.98018786413482, -29.735012254674906 ], [ 30.980150992806216, -29.73503859136115 ], [ 30.980082006141767, -29.735066997705058 ], [ 30.980027222056176, -29.735087288349661 ], [ 30.980006931820903, -29.735121780701029 ], [ 30.979972438254435, -29.735150188320105 ], [ 30.979885190350196, -29.73525975629488 ], [ 30.97975939053411, -29.735403816678389 ], [ 30.979538224733101, -29.735620924442273 ], [ 30.979166912117599, -29.735925278736627 ], [ 30.979043141443892, -29.736024701240908 ], [ 30.97897821170827, -29.736089629818299 ], [ 30.978931544844123, -29.736140356084267 ], [ 30.978908487900938, -29.736154020371302 ], [ 30.978876760946754, -29.736172821303004 ], [ 30.978791541040476, -29.736219488435925 ], [ 30.978732699460949, -29.736219487991786 ], [ 30.978704293042025, -29.736239778950438 ], [ 30.97866371178857, -29.736276300853319 ], [ 30.978612986099385, -29.736306737354564 ], [ 30.978568348021199, -29.73630673735499 ], [ 30.978466895848388, -29.736347317404817 ], [ 30.978391822410533, -29.736363550007013 ], [ 30.978298486212584, -29.736391955752246 ], [ 30.978201093408355, -29.736412245796352 ], [ 30.978154425159492, -29.736404130308749 ], [ 30.978105728178939, -29.736420362812773 ], [ 30.978057030753707, -29.736444711389666 ], [ 30.977994131474404, -29.736465001281456 ], [ 30.977939346903106, -29.736481234004387 ], [ 30.977864273358129, -29.736513697573372 ], [ 30.977817604944764, -29.73654616326241 ], [ 30.977807460609021, -29.736584714429803 ], [ 30.977825722139464, -29.736619207889994 ], [ 30.977777024643448, -29.736716601075592 ], [ 30.977722241269486, -29.736787618110625 ], [ 30.977663398993563, -29.736862691855059 ], [ 30.977592382982181, -29.736907330761337 ], [ 30.977488901739651, -29.736939794721131 ], [ 30.977352957092236, -29.736978346584749 ], [ 30.977235273123469, -29.73702704274616 ], [ 30.97716222788187, -29.737057478980624 ], [ 30.977101357280741, -29.737057479413785 ], [ 30.977054689234063, -29.737041246560384 ], [ 30.977014108359839, -29.736978346901171 ], [ 30.976888372427272, -29.736995735676821 ], [ 30.976759115711967, -29.736933247575763 ], [ 30.976531419758924, -29.736831383560439 ], [ 30.976519459615826, -29.736827466394566 ], [ 30.976432125250373, -29.73679885693798 ], [ 30.97640387758835, -29.736760337101789 ], [ 30.97637134949774, -29.736732944781707 ], [ 30.976281469520487, -29.736660185282489 ], [ 30.976290551770273, -29.736495051978391 ], [ 30.976194189768357, -29.736374600379072 ], [ 30.976432417698991, -29.736045362871891 ], [ 30.976441140873717, -29.735969676854076 ], [ 30.976243616870448, -29.735515373343155 ], [ 30.977231234633226, -29.735110448659384 ], [ 30.977621470365783, -29.734990619762531 ], [ 30.977905786439539, -29.734879784925045 ], [ 30.97813709450617, -29.734793044746198 ], [ 30.978508150853401, -29.734605106948269 ], [ 30.978773190647004, -29.73436416062729 ], [ 30.978947125840762, -29.734165304257328 ], [ 30.979090873941388, -29.733874025412494 ], [ 30.979204662681987, -29.73357281842307 ], [ 30.979251518602968, -29.733157821347884 ], [ 30.979258211042517, -29.732883387793198 ], [ 30.979525951379753, -29.732809759736384 ], [ 30.979773610593092, -29.732823147169615 ], [ 30.980235459801552, -29.73291685594485 ], [ 30.980791019669482, -29.733211369295642 ], [ 30.98105803941565, -29.732723769381444 ], [ 30.981246177318695, -29.732803067042756 ], [ 30.981815480953998, -29.733069288379301 ] ] ] } },
{ "type": "Feature", "properties": { "EA_CODE": "59914200", "EA_TYPE": "Township", "White": 0.0, "Black_African": 1015.0, "Coloured": 6.0, "Indian_Asian": 5.0, "Other": 0.0, "area_km2": 0.164957, "sal2023_est": 1069.144068, "walk_typology": "Well-served", "walk_dist_k1_km": 1.7538982129647178, "exceeds_walk_k1_3km": false, "econ_status": "Non_Wealthy", "Ai_walk": 0.070186, "walk_snap_flag": false, "drive_typology": "Well-served", "walk_dist_k3_km": 8.8981270616143533, "PR_NAME": "KwaZulu-Natal", "MN_NAME": "Ethekwini", "SP_NAME": "Ezikhalini" }, "geometry": { "type": "Polygon", "coordinates": [ [ [ 30.978408138246529, -29.733914185301089 ], [ 30.978947125840762, -29.734165304257328 ], [ 30.978773190647004, -29.73436416062729 ], [ 30.978508150853401, -29.734605106948269 ], [ 30.97813709450617, -29.734793044746198 ], [ 30.977905786439539, -29.734879784925045 ], [ 30.977621470365783, -29.734990619762531 ], [ 30.977231234633226, -29.735110448659384 ], [ 30.976243616870448, -29.735515373343155 ], [ 30.976441140873717, -29.735969676854076 ], [ 30.976432417698991, -29.736045362871891 ], [ 30.976194189768357, -29.736374600379072 ], [ 30.976290551770273, -29.736495051978391 ], [ 30.976281469520487, -29.736660185282489 ], [ 30.976163341436788, -29.736726953140575 ], [ 30.976179604875448, -29.736745784998305 ], [ 30.976032373369275, -29.736818543839451 ], [ 30.975875725853715, -29.736905855691191 ], [ 30.97586459820695, -29.73689216041085 ], [ 30.975831213806991, -29.736878464148674 ], [ 30.975789270213141, -29.736887880064334 ], [ 30.975767014615304, -29.736920408289137 ], [ 30.975758453656599, -29.736955503565419 ], [ 30.975776430133163, -29.73698888820563 ], [ 30.975731062389649, -29.737015424412395 ], [ 30.975548734224407, -29.737113863689633 ], [ 30.975448583611808, -29.737165224427965 ], [ 30.975346719414542, -29.737213159997452 ], [ 30.975106183236843, -29.737331287431402 ], [ 30.975119023407135, -29.737354399433812 ], [ 30.975006030863785, -29.737418598843274 ], [ 30.974774912001813, -29.737541007061868 ], [ 30.974683319931781, -29.737594934774279 ], [ 30.974506128178518, -29.737689950699941 ], [ 30.974309249552615, -29.737798662893685 ], [ 30.974257889092971, -29.737820063393411 ], [ 30.974115793127904, -29.737904805698122 ], [ 30.973822185661309, -29.738072581876853 ], [ 30.973568810324362, -29.738202693703478 ], [ 30.973472081792934, -29.738259189924285 ], [ 30.973216995508164, -29.73839101293408 ], [ 30.9731348188851, -29.738425253270037 ], [ 30.973015835417968, -29.738452644583354 ], [ 30.973042737935611, -29.738248169711682 ], [ 30.973140546094125, -29.738023788407911 ], [ 30.973807938377625, -29.736930646211537 ], [ 30.973295887188485, -29.736683250242411 ], [ 30.973405202592552, -29.73626325330024 ], [ 30.973710130702472, -29.735843256699187 ], [ 30.973462735088884, -29.735722436392813 ], [ 30.973138463761142, -29.735383699734768 ], [ 30.973198080106393, -29.73502627618857 ], [ 30.973307393714126, -29.734945728778261 ], [ 30.973353421598805, -29.734773127919855 ], [ 30.97339260891826, -29.73454971504977 ], [ 30.973490805698638, -29.733989880237882 ], [ 30.974382855378234, -29.734058498606483 ], [ 30.974794569702837, -29.733934983682172 ], [ 30.975329799350124, -29.73378402210426 ], [ 30.976043438907439, -29.733509545939484 ], [ 30.976661010964744, -29.733276240682297 ], [ 30.978394689116744, -29.732661064638268 ], [ 30.978508541600231, -29.732843227941284 ], [ 30.978575476058246, -29.733097580435068 ], [ 30.978582169083005, -29.733291690630121 ], [ 30.978588862726571, -29.733505882771016 ], [ 30.9785353154174, -29.733659832645468 ], [ 30.978408138246529, -29.733914185301089 ] ] ] } },
{ "type": "Feature", "properties": { "EA_CODE": "59914195", "EA_TYPE": "Township", "White": 0.0, "Black_African": 1058.0, "Coloured": 4.0, "Indian_Asian": 0.0, "Other": 0.0, "area_km2": 0.090976, "sal2023_est": 1272.775797, "walk_typology": "Well-served", "walk_dist_k1_km": 1.5853601287311441, "exceeds_walk_k1_3km": false, "econ_status": "Non_Wealthy", "Ai_walk": 0.051118, "walk_snap_flag": false, "drive_typology": "Well-served", "walk_dist_k3_km": 9.2665952507083649, "PR_NAME": "KwaZulu-Natal", "MN_NAME": "Ethekwini", "SP_NAME": "Ezikhalini" }, "geometry": { "type": "Polygon", "coordinates": [ [ [ 30.969512226648508, -29.738129861140141 ], [ 30.969699076414276, -29.737902972919109 ], [ 30.970287593638481, -29.736997561377319 ], [ 30.969276551045258, -29.736401498052821 ], [ 30.969705007619385, -29.736048652041017 ], [ 30.970302683943025, -29.736401498330789 ], [ 30.970642213481593, -29.736582580591865 ], [ 30.971034558560508, -29.736725937140097 ], [ 30.971276002545643, -29.736763663334106 ], [ 30.971562715203621, -29.736688212092989 ], [ 30.971728706661352, -29.73658258122007 ], [ 30.972083327467843, -29.736401498397932 ], [ 30.972302134881808, -29.736265686317847 ], [ 30.972671845421328, -29.736197781099978 ], [ 30.972981193725648, -29.736160054593054 ], [ 30.973282997389564, -29.736190234966422 ], [ 30.973405202592552, -29.73626325330024 ], [ 30.973295887188485, -29.736683250242411 ], [ 30.973807938377625, -29.736930646211537 ], [ 30.973140546094125, -29.738023788407911 ], [ 30.973042737935611, -29.738248169711682 ], [ 30.973015835417968, -29.738452644583354 ], [ 30.973020114850794, -29.738518557031043 ], [ 30.973034667164274, -29.738596452833214 ], [ 30.973051786776416, -29.738672637222756 ], [ 30.972967898767926, -29.738690612897905 ], [ 30.97279584393209, -29.738710300989347 ], [ 30.972716235886356, -29.73886095570381 ], [ 30.972711100527196, -29.738884923880708 ], [ 30.972689699751303, -29.738905468148616 ], [ 30.972569860519602, -29.738959395567068 ], [ 30.972488830086036, -29.738993620010138 ], [ 30.972432044741435, -29.739017604076398 ], [ 30.972414925391618, -29.73903129973985 ], [ 30.972406700085088, -29.739053421915212 ], [ 30.972139100633161, -29.73925805572069 ], [ 30.972137973907945, -29.7392587133521 ], [ 30.972136725572835, -29.739257284318622 ], [ 30.972135234626911, -29.739258291820974 ], [ 30.972135185046863, -29.73925805624615 ], [ 30.972101243121173, -29.739198004770589 ], [ 30.972060773286401, -29.739198005337311 ], [ 30.972011166519628, -29.739199309933124 ], [ 30.971932838282566, -29.739195394386996 ], [ 30.971900201285884, -29.739177117253977 ], [ 30.971867564361844, -29.739169283602031 ], [ 30.971827095147908, -29.739162757120013 ], [ 30.971780097987931, -29.739169284255439 ], [ 30.971738322806303, -29.73915623038177 ], [ 30.971652162362407, -29.739162757413762 ], [ 30.971573833906483, -29.739149701572128 ], [ 30.971534670390309, -29.739109232706138 ], [ 30.971496812354115, -29.739080512956185 ], [ 30.971460259611248, -29.739064846640137 ], [ 30.971415873404275, -29.73904134921851 ], [ 30.971391069277335, -29.739017850045585 ], [ 30.971372792236949, -29.738990434663052 ], [ 30.971331016652453, -29.73897215891602 ], [ 30.971303603198876, -29.738952577163197 ], [ 30.971280103650962, -29.7389186349229 ], [ 30.971240939941705, -29.738913412987152 ], [ 30.971192637819364, -29.738893830724002 ], [ 30.971182193770375, -29.738859889104958 ], [ 30.971217442378652, -29.738849445396028 ], [ 30.971244857455922, -29.738841612266889 ], [ 30.971270966322916, -29.738819418695389 ], [ 30.971235718000752, -29.738795920594804 ], [ 30.971218746897595, -29.738786783069234 ], [ 30.971178278471335, -29.738784171986609 ], [ 30.971144336471365, -29.738773728181858 ], [ 30.971120837120488, -29.738759367683517 ], [ 30.971080367954716, -29.738754146168418 ], [ 30.97104903738305, -29.738760672737055 ], [ 30.971042509500847, -29.738721508844534 ], [ 30.971014169715883, -29.738701404112575 ], [ 30.970842804671356, -29.738638906384388 ], [ 30.970591804109109, -29.738594553174178 ], [ 30.970321651230012, -29.738517941810453 ], [ 30.970125085573166, -29.738436292191217 ], [ 30.969638204768703, -29.738194364186512 ], [ 30.969512226648508, -29.738129861140141 ] ] ] } },
{ "type": "Feature", "properties": { "EA_CODE": "59914198", "EA_TYPE": "Township", "White": 0.0, "Black_African": 1063.0, "Coloured": 0.0, "Indian_Asian": 11.0, "Other": 0.0, "area_km2": 0.084878, "sal2023_est": 1287.157444, "walk_typology": "Well-served", "walk_dist_k1_km": 2.1956784992619074, "exceeds_walk_k1_3km": false, "econ_status": "Non_Wealthy", "Ai_walk": 0.060724, "walk_snap_flag": false, "drive_typology": "Well-served", "walk_dist_k3_km": 9.3325115086536847, "PR_NAME": "KwaZulu-Natal", "MN_NAME": "Ethekwini", "SP_NAME": "Ezikhalini" }, "geometry": { "type": "Polygon", "coordinates": [ [ [ 30.97339260891826, -29.73454971504977 ], [ 30.973353421598805, -29.734773127919855 ], [ 30.973307393714126, -29.734945728778261 ], [ 30.973198080106393, -29.73502627618857 ], [ 30.973138463761142, -29.735383699734768 ], [ 30.973462735088884, -29.735722436392813 ], [ 30.973710130702472, -29.735843256699187 ], [ 30.973405202592552, -29.73626325330024 ], [ 30.973282997389564, -29.736190234966422 ], [ 30.972981193725648, -29.736160054593054 ], [ 30.972671845421328, -29.736197781099978 ], [ 30.972302134881808, -29.736265686317847 ], [ 30.972083327467843, -29.736401498397932 ], [ 30.971728706661352, -29.73658258122007 ], [ 30.971562715203621, -29.736688212092989 ], [ 30.971276002545643, -29.736763663334106 ], [ 30.971034558560508, -29.736725937140097 ], [ 30.970642213481593, -29.736582580591865 ], [ 30.970302683943025, -29.736401498330789 ], [ 30.969705007619385, -29.736048652041017 ], [ 30.969676441417327, -29.736031787943194 ], [ 30.969367092445072, -29.735662079113432 ], [ 30.968906841209495, -29.7349075693283 ], [ 30.969646259906469, -29.734620854869622 ], [ 30.970046151603949, -29.734522769014891 ], [ 30.970491311443606, -29.734402047291148 ], [ 30.970898747192013, -29.734349231735038 ], [ 30.971193004733962, -29.73431905082429 ], [ 30.972528488515326, -29.734439772843881 ], [ 30.973109460081673, -29.734492589212962 ], [ 30.97339260891826, -29.73454971504977 ] ] ] } },
{ "type": "Feature", "properties": { "EA_CODE": "59914199", "EA_TYPE": "Township", "White": 0.0, "Black_African": 1072.0, "Coloured": 0.0, "Indian_Asian": 6.0, "Other": 0.0, "area_km2": 0.073507, "sal2023_est": 1291.951326, "walk_typology": "Well-served", "walk_dist_k1_km": 2.3428563040072974, "exceeds_walk_k1_3km": false, "econ_status": "Non_Wealthy", "Ai_walk": 0.061591, "walk_snap_flag": false, "drive_typology": "Well-served", "walk_dist_k3_km": 9.2316937873454492, "PR_NAME": "KwaZulu-Natal", "MN_NAME": "Ethekwini", "SP_NAME": "Ezikhalini" }, "geometry": { "type": "Polygon", "coordinates": [ [ [ 30.971065878428391, -29.732773464002019 ], [ 30.971102720483497, -29.73290609163686 ], [ 30.971172695006882, -29.732818623729539 ], [ 30.971282978271365, -29.73279656802114 ], [ 30.971979969203606, -29.73283627038985 ], [ 30.973629810479547, -29.733034780043141 ], [ 30.973549270377479, -29.733512820224064 ], [ 30.973490805698638, -29.733989880237882 ], [ 30.97339260891826, -29.73454971504977 ], [ 30.973109460081673, -29.734492589212962 ], [ 30.972528488515326, -29.734439772843881 ], [ 30.971193004733962, -29.73431905082429 ], [ 30.970898747192013, -29.734349231735038 ], [ 30.970491311443606, -29.734402047291148 ], [ 30.970046151603949, -29.734522769014891 ], [ 30.969646259906469, -29.734620854869622 ], [ 30.968906841209495, -29.7349075693283 ], [ 30.968645182714646, -29.734475264871467 ], [ 30.968153370783931, -29.734788217623574 ], [ 30.968040471641483, -29.734767050191547 ], [ 30.967949749421152, -29.734720679994208 ], [ 30.967866338051149, -29.734682233386689 ], [ 30.967940876143587, -29.734329873240988 ], [ 30.968881397242111, -29.733948211548014 ], [ 30.969344842119735, -29.73364833585363 ], [ 30.969944595010769, -29.733634705439325 ], [ 30.96994459540457, -29.733266674936747 ], [ 30.970653393292572, -29.733266674794322 ], [ 30.970653393063284, -29.732775968880407 ], [ 30.971065878428391, -29.732773464002019 ] ] ] } },
{ "type": "Feature", "properties": { "EA_CODE": "59914203", "EA_TYPE": "Township", "White": 0.0, "Black_African": 1166.0, "Coloured": 6.0, "Indian_Asian": 0.0, "Other": 1.0, "area_km2": 0.154369, "sal2023_est": 1222.325528, "walk_typology": "Well-served", "walk_dist_k1_km": 2.4587434116393108, "exceeds_walk_k1_3km": false, "econ_status": "Non_Wealthy", "Ai_walk": 0.067921, "walk_snap_flag": false, "drive_typology": "Well-served", "walk_dist_k3_km": 8.8085350917232681, "PR_NAME": "KwaZulu-Natal", "MN_NAME": "Ethekwini", "SP_NAME": "Ezikhalini" }, "geometry": { "type": "Polygon", "coordinates": [ [ [ 30.978601109944641, -29.729405010364164 ], [ 30.978619785898367, -29.729479712059799 ], [ 30.978647799130787, -29.729575425194405 ], [ 30.978657136892302, -29.729650126767481 ], [ 30.978680481111752, -29.729703819027737 ], [ 30.978741177446132, -29.729729497557155 ], [ 30.978771524908765, -29.729790192752972 ], [ 30.978797203637026, -29.729832212968979 ], [ 30.978823173196766, -29.729884152284935 ], [ 30.978820015674128, -29.729886103298014 ], [ 30.978895469278815, -29.729940654132907 ], [ 30.979023932694879, -29.730022870619379 ], [ 30.979121565092207, -29.730074255821265 ], [ 30.979296276011667, -29.730130780028631 ], [ 30.979512095233058, -29.730223273556309 ], [ 30.97969708216559, -29.730320906424822 ], [ 30.979938593709253, -29.730356875767658 ], [ 30.980051642074702, -29.730408261996441 ], [ 30.980205798140339, -29.730475063183935 ], [ 30.98033426174171, -29.730547001582895 ], [ 30.98057577339182, -29.730613803368421 ], [ 30.98081728558892, -29.730654911608418 ], [ 30.981048519280325, -29.73072685079191 ], [ 30.981248923466403, -29.730742266754792 ], [ 30.981425962372757, -29.730732592306474 ], [ 30.981523514450004, -29.73076727717601 ], [ 30.981603723015976, -29.730780284298589 ], [ 30.981694772546938, -29.730784619738888 ], [ 30.981770645246769, -29.730769444917897 ], [ 30.981831344272408, -29.730743431082782 ], [ 30.981898547171781, -29.730671893368029 ], [ 30.981961413903921, -29.730648046893965 ], [ 30.982030784168522, -29.730637207906806 ], [ 30.982078476538142, -29.730630704216107 ], [ 30.982139174597112, -29.73062203290219 ], [ 30.982217217430556, -29.730639375665692 ], [ 30.982301761653144, -29.730661053732469 ], [ 30.982410153233101, -29.730717416783691 ], [ 30.98248169134655, -29.730769445033779 ], [ 30.982525048314365, -29.730830143774419 ], [ 30.982585747398009, -29.730873500076076 ], [ 30.982685466905377, -29.73091685674493 ], [ 30.982754837516236, -29.730968885247709 ], [ 30.982746166136209, -29.731012240812149 ], [ 30.982772179652066, -29.731057765430503 ], [ 30.982774348643762, -29.73111412937039 ], [ 30.982763508456337, -29.731207345420206 ], [ 30.982776514716807, -29.731231190753501 ], [ 30.982830710898952, -29.731281050775657 ], [ 30.982904416723958, -29.731346086188381 ], [ 30.982945605998268, -29.731389441669982 ], [ 30.983041531720847, -29.731488552947319 ], [ 30.983081772602191, -29.731511720739284 ], [ 30.983115914976025, -29.731551960639134 ], [ 30.983117135126729, -29.731601956941027 ], [ 30.983115054417244, -29.731625535838553 ], [ 30.983113381852544, -29.731625758413031 ], [ 30.983058597883847, -29.731617641273679 ], [ 30.983020046589242, -29.731629816269333 ], [ 30.982973378503171, -29.73165010585933 ], [ 30.982930768648018, -29.731682570698553 ], [ 30.982880043400172, -29.731713005915768 ], [ 30.982802939988296, -29.731749529005619 ], [ 30.982744098170425, -29.731786050651241 ], [ 30.982725835853753, -29.731820545313571 ], [ 30.982721777832658, -29.731859096286907 ], [ 30.982658878162859, -29.731895619404735 ], [ 30.982622355688751, -29.731940257770759 ], [ 30.982614239602125, -29.732017360618535 ], [ 30.982573659162671, -29.732070115635203 ], [ 30.982524962188577, -29.7321066379466 ], [ 30.982474236574706, -29.732122870839628 ], [ 30.982419452567338, -29.732230409069032 ], [ 30.982311914074462, -29.732370412982377 ], [ 30.982190172177678, -29.732532734919118 ], [ 30.982031907266418, -29.732737667803349 ], [ 30.981971035810183, -29.732841148307703 ], [ 30.981883787768673, -29.732979122680042 ], [ 30.981815480953998, -29.733069288379301 ], [ 30.981246177318695, -29.732803067042756 ], [ 30.98105803941565, -29.732723769381444 ], [ 30.980791019669482, -29.733211369295642 ], [ 30.980235459801552, -29.73291685594485 ], [ 30.979773610593092, -29.732823147169615 ], [ 30.979525951379753, -29.732809759736384 ], [ 30.979258211042517, -29.732883387793198 ], [ 30.979251518602968, -29.733157821347884 ], [ 30.979204662681987, -29.73357281842307 ], [ 30.979090873941388, -29.733874025412494 ], [ 30.978947125840762, -29.734165304257328 ], [ 30.978408138246529, -29.733914185301089 ], [ 30.9785353154174, -29.733659832645468 ], [ 30.978588862726571, -29.733505882771016 ], [ 30.978582169083005, -29.733291690630121 ], [ 30.978575476058246, -29.733097580435068 ], [ 30.978508541600231, -29.732843227941284 ], [ 30.978394689116744, -29.732661064638268 ], [ 30.978374670803181, -29.732629036208646 ], [ 30.978019916560491, -29.731852591713213 ], [ 30.977765563810298, -29.73151791659263 ], [ 30.977517904814857, -29.731323806205548 ], [ 30.977283633488451, -29.731230097142191 ], [ 30.976962345493202, -29.731136387684035 ], [ 30.976678888988594, -29.731041767097693 ], [ 30.976705541639348, -29.730973755905524 ], [ 30.976726552274958, -29.730899054026498 ], [ 30.976698539184095, -29.730810345074108 ], [ 30.976635509210986, -29.730684285277928 ], [ 30.976619168007876, -29.730597911227239 ], [ 30.97658881971682, -29.730506867603022 ], [ 30.976553803076964, -29.730413490126466 ], [ 30.976511783370519, -29.730345791135704 ], [ 30.976476766719166, -29.730243075260621 ], [ 30.976465094784675, -29.730147362931802 ], [ 30.976455757511694, -29.730072661092674 ], [ 30.976598157823666, -29.730037643686263 ], [ 30.976731220659275, -29.729993290200699 ], [ 30.976831601771895, -29.729960607753831 ], [ 30.976892297935674, -29.729946600904555 ], [ 30.97699034429554, -29.72994893626273 ], [ 30.977041702059537, -29.72997461357485 ], [ 30.977088390896455, -29.72999328967969 ], [ 30.977195775209768, -29.729953604268069 ], [ 30.977300824791939, -29.729885906337927 ], [ 30.977541273021075, -29.729748172677006 ], [ 30.977693012494459, -29.729680474533883 ], [ 30.977793393141681, -29.729626781892595 ], [ 30.977933459338331, -29.729547411242258 ], [ 30.978008162016099, -29.729507726381357 ], [ 30.978080528815113, -29.729470375172045 ], [ 30.978155231707124, -29.729477378422899 ], [ 30.978260282454283, -29.729470374589127 ], [ 30.978346655879577, -29.729421351423358 ], [ 30.978461043804312, -29.72940734473093 ], [ 30.97853807975169, -29.729393338339449 ], [ 30.978601109944641, -29.729405010364164 ] ] ] } },
{ "type": "Feature", "properties": { "EA_CODE": "59913910", "EA_TYPE": "Township", "White": 4.0, "Black_African": 1197.0, "Coloured": 8.0, "Indian_Asian": 4.0, "Other": 1.0, "area_km2": 0.111274, "sal2023_est": 1454.94333, "walk_typology": "Demand overcrowding", "walk_dist_k1_km": 2.3667735102095744, "exceeds_walk_k1_3km": false, "econ_status": "Non_Wealthy", "Ai_walk": 0.020887, "walk_snap_flag": false, "drive_typology": "Well-served", "walk_dist_k3_km": 9.7964660738785216, "PR_NAME": "KwaZulu-Natal", "MN_NAME": "Ethekwini", "SP_NAME": "Ezikhalini" }, "geometry": { "type": "Polygon", "coordinates": [ [ [ 30.967531953381229, -29.734193566414802 ], [ 30.967940876143587, -29.734329873240988 ], [ 30.967866338051149, -29.734682233386689 ], [ 30.967820719690952, -29.734661206224814 ], [ 30.967514278095219, -29.734557378658856 ], [ 30.967268318601104, -29.734471695943036 ], [ 30.967047558883053, -29.734413230062156 ], [ 30.966750188738047, -29.734369884830738 ], [ 30.966355040121435, -29.734347707930546 ], [ 30.965831869708556, -29.734324523234012 ], [ 30.965539540701073, -29.734324523342838 ], [ 30.965355069925714, -29.734361820248541 ], [ 30.965310717019783, -29.734369885417781 ], [ 30.965129271382402, -29.734432383430853 ], [ 30.965157496299081, -29.734520082184115 ], [ 30.96516757616148, -29.734586611717702 ], [ 30.965176649400021, -29.734685398956195 ], [ 30.96470287287514, -29.735012001613907 ], [ 30.964551667746274, -29.735096677229791 ], [ 30.964546628597549, -29.735112804702535 ], [ 30.96453352322775, -29.735126917979589 ], [ 30.964198856284323, -29.735350700696966 ], [ 30.963983137175703, -29.735492834146303 ], [ 30.963772458156974, -29.735689399993952 ], [ 30.963634356674202, -29.735792219677755 ], [ 30.963450895289888, -29.735908143974829 ], [ 30.963348076099773, -29.735987777753255 ], [ 30.963315818989933, -29.73597265803204 ], [ 30.963260377196246, -29.736007939213046 ], [ 30.962825914438575, -29.736331517905104 ], [ 30.962993695672495, -29.736423976584238 ], [ 30.963083299082477, -29.736479531143608 ], [ 30.963210535037344, -29.736527915844711 ], [ 30.963945280119589, -29.736751923920764 ], [ 30.964171079526881, -29.736805685264908 ], [ 30.964362830184786, -29.73691141713736 ], [ 30.964522323342969, -29.736986683104984 ], [ 30.964721241610466, -29.737282372568252 ], [ 30.964792923803234, -29.737563727063403 ], [ 30.964755291191981, -29.737725012091605 ], [ 30.964712280777675, -29.737780566423783 ], [ 30.964511570504396, -29.737920346026783 ], [ 30.964025922620639, -29.738232165408284 ], [ 30.963848507630594, -29.738275173861574 ], [ 30.9636639258302, -29.738276966308277 ], [ 30.963477552401681, -29.738237541025004 ], [ 30.96331268308472, -29.738169442554593 ], [ 30.963282158730163, -29.738148010720092 ], [ 30.963144228884214, -29.738051167124166 ], [ 30.962938141607815, -29.737904218194029 ], [ 30.962977567671377, -29.737807446567579 ], [ 30.96261377876975, -29.73757268668313 ], [ 30.96215501253204, -29.737298501713855 ], [ 30.961683700877078, -29.737044028717289 ], [ 30.961656820449114, -29.73701714825394 ], [ 30.961226725422758, -29.737081662863599 ], [ 30.960837848144337, -29.737147969341237 ], [ 30.960804682820186, -29.737338159974385 ], [ 30.960916029327798, -29.737683547004298 ], [ 30.960929028225056, -29.737819106677708 ], [ 30.960903030227104, -29.738279640733825 ], [ 30.960804610597194, -29.738946299770046 ], [ 30.960627658618836, -29.738933409964556 ], [ 30.960565455501623, -29.738936444393541 ], [ 30.960217795700739, -29.738950780846583 ], [ 30.959839671596356, -29.738861178081702 ], [ 30.95982891882489, -29.738911354702743 ], [ 30.959506347924606, -29.73881995996808 ], [ 30.959631791898136, -29.737828950878754 ], [ 30.959741107683126, -29.737029693114824 ], [ 30.959418396652104, -29.73707921270136 ], [ 30.959418355634494, -29.737079220240151 ], [ 30.959421483655056, -29.737044813975178 ], [ 30.959474188945673, -29.736790796108448 ], [ 30.959708034129093, -29.736760377190397 ], [ 30.960019826156394, -29.736684329796752 ], [ 30.960270781933961, -29.736631096617344 ], [ 30.960419073498048, -29.736640603255804 ], [ 30.96064721388483, -29.736598777059115 ], [ 30.960780296631633, -29.736534136951217 ], [ 30.960928587877387, -29.736517026632683 ], [ 30.961055839422887, -29.736492003394705 ], [ 30.961382968595036, -29.736427670993709 ], [ 30.961696663108384, -29.736332612707329 ], [ 30.962156748234289, -29.736064546955145 ], [ 30.962664362543947, -29.735709027228875 ], [ 30.962882997118033, -29.735549327635226 ], [ 30.963149161345598, -29.735366814923914 ], [ 30.963379203842585, -29.735237535240501 ], [ 30.963278441425231, -29.735121564239684 ], [ 30.963466657892049, -29.734969469823689 ], [ 30.963588333603131, -29.735091144808369 ], [ 30.963991381788077, -29.734813573349236 ], [ 30.964143475940151, -29.734701404440937 ], [ 30.964381123404824, -29.734518891305619 ], [ 30.964297472014277, -29.734393413687496 ], [ 30.964510403617769, -29.734247023299499 ], [ 30.964856416997833, -29.734068311809477 ], [ 30.96644149364613, -29.733961842884415 ], [ 30.967531953381229, -29.734193566414802 ] ] ] } },
{ "type": "Feature", "properties": { "EA_CODE": "59914201", "EA_TYPE": "Township", "White": 1.0, "Black_African": 1367.0, "Coloured": 2.0, "Indian_Asian": 2.0, "Other": 0.0, "area_km2": 0.103609, "sal2023_est": 1644.301688, "walk_typology": "Well-served", "walk_dist_k1_km": 2.0245697210272131, "exceeds_walk_k1_3km": false, "econ_status": "Non_Wealthy", "Ai_walk": 0.068085, "walk_snap_flag": false, "drive_typology": "Well-served", "walk_dist_k3_km": 8.8921810167999222, "PR_NAME": "KwaZulu-Natal", "MN_NAME": "Ethekwini", "SP_NAME": "Ezikhalini" }, "geometry": { "type": "Polygon", "coordinates": [ [ [ 30.978394689116744, -29.732661064638268 ], [ 30.976661010964744, -29.733276240682297 ], [ 30.976043438907439, -29.733509545939484 ], [ 30.975329799350124, -29.73378402210426 ], [ 30.974794569702837, -29.733934983682172 ], [ 30.974382855378234, -29.734058498606483 ], [ 30.973490805698638, -29.733989880237882 ], [ 30.973549270377479, -29.733512820224064 ], [ 30.973629810479547, -29.733034780043141 ], [ 30.971979969203606, -29.73283627038985 ], [ 30.971282978271365, -29.73279656802114 ], [ 30.971172695006882, -29.732818623729539 ], [ 30.971102720483497, -29.73290609163686 ], [ 30.971065878428391, -29.732773464002019 ], [ 30.970916122158805, -29.732234356372469 ], [ 30.970988490595715, -29.732225017630281 ], [ 30.97108186805001, -29.732227352433483 ], [ 30.971219600479962, -29.732222682784194 ], [ 30.971319980795251, -29.732204008318202 ], [ 30.971357331940357, -29.732164321742637 ], [ 30.971560428945246, -29.732159653412729 ], [ 30.971656140808761, -29.732166657163006 ], [ 30.971777532199006, -29.732136308890457 ], [ 30.971838228396049, -29.732133974540652 ], [ 30.971898923628888, -29.732094289318979 ], [ 30.971966621814637, -29.732075613204778 ], [ 30.972022649475647, -29.732082616862719 ], [ 30.972064668896998, -29.732133975242878 ], [ 30.972137036346624, -29.73211529931875 ], [ 30.972228080586337, -29.732105961042894 ], [ 30.972321457477232, -29.73210362669273 ], [ 30.972407831987212, -29.732101291832922 ], [ 30.972494206312579, -29.732096623225786 ], [ 30.972543229820054, -29.732070944609791 ], [ 30.972573577459222, -29.73207094457592 ], [ 30.972662285855158, -29.732101292265064 ], [ 30.972746326079466, -29.732119968420857 ], [ 30.972818693851035, -29.732129306385662 ], [ 30.972977435779391, -29.732154984959791 ], [ 30.97304746897959, -29.732159652576112 ], [ 30.973129175011035, -29.73214331209735 ], [ 30.973189869658459, -29.732136308879486 ], [ 30.973297254781528, -29.73217132627634 ], [ 30.973441989679042, -29.732225017807558 ], [ 30.973577388380487, -29.732269372071215 ], [ 30.973782818781807, -29.732290381903994 ], [ 30.974002257071696, -29.732311392032745 ], [ 30.974217025280659, -29.732344073687951 ], [ 30.97435709238972, -29.732346409139968 ], [ 30.974473814426258, -29.73233240218774 ], [ 30.974660570348217, -29.732309057896309 ], [ 30.974856662604147, -29.732285712865618 ], [ 30.975073765644943, -29.732232021325707 ], [ 30.975318882753541, -29.732140977864205 ], [ 30.97547062176023, -29.732087285951206 ], [ 30.97554065553231, -29.732061607011097 ], [ 30.975650373956217, -29.73205927176992 ], [ 30.975711069408558, -29.732061606651044 ], [ 30.975816118637923, -29.732033594204665 ], [ 30.975925837631351, -29.731968229220577 ], [ 30.976072907713025, -29.731888857780813 ], [ 30.976198967813936, -29.731811821042228 ], [ 30.976299349391766, -29.73170910560723 ], [ 30.976446419283249, -29.731527018954036 ], [ 30.976509449517621, -29.731447648229956 ], [ 30.976551469260659, -29.731372946089337 ], [ 30.976595822793609, -29.731344933158127 ], [ 30.976621502302365, -29.731291240041887 ], [ 30.976621502412534, -29.731218873097713 ], [ 30.976637843162518, -29.73114650481784 ], [ 30.9766743977647, -29.731053227263931 ], [ 30.976678888988594, -29.731041767097693 ], [ 30.976962345493202, -29.731136387684035 ], [ 30.977283633488451, -29.731230097142191 ], [ 30.977517904814857, -29.731323806205548 ], [ 30.977765563810298, -29.73151791659263 ], [ 30.978019916560491, -29.731852591713213 ], [ 30.978374670803181, -29.732629036208646 ], [ 30.978394689116744, -29.732661064638268 ] ] ] } },
{ "type": "Feature", "properties": { "EA_CODE": "59914192", "EA_TYPE": "Township", "White": 0.0, "Black_African": 913.0, "Coloured": 2.0, "Indian_Asian": 2.0, "Other": 34.0, "area_km2": 0.133201, "sal2023_est": 1184.266597, "walk_typology": "Well-served", "walk_dist_k1_km": 1.0928428775857733, "exceeds_walk_k1_3km": false, "econ_status": "Non_Wealthy", "Ai_walk": 0.053173, "walk_snap_flag": false, "drive_typology": "Well-served", "walk_dist_k3_km": 8.8244394930669916, "PR_NAME": "KwaZulu-Natal", "MN_NAME": "Ethekwini", "SP_NAME": "Ezilwaneni" }, "geometry": { "type": "Polygon", "coordinates": [ [ [ 30.973104380141489, -29.739425689090247 ], [ 30.972972338262405, -29.739729653041955 ], [ 30.97290980994493, -29.73987257512881 ], [ 30.973070596553516, -29.740015496193703 ], [ 30.973264136014009, -29.740226900334235 ], [ 30.973418967580187, -29.740566339397752 ], [ 30.973645259050798, -29.740858136142538 ], [ 30.973943012318866, -29.741111225582621 ], [ 30.974017450202034, -29.741230327077869 ], [ 30.974059136565195, -29.741831787878407 ], [ 30.974079977999239, -29.742311169697011 ], [ 30.974154415617758, -29.74288583314339 ], [ 30.974154415842481, -29.743064483609484 ], [ 30.974121664517035, -29.743266955840898 ], [ 30.973949842733468, -29.744136631938531 ], [ 30.97382326085032, -29.744059432371081 ], [ 30.972933319616917, -29.743505117838552 ], [ 30.972619909562567, -29.743308652778495 ], [ 30.971955669012875, -29.742895840950037 ], [ 30.971307799765313, -29.742495893734663 ], [ 30.971091453748244, -29.742364917209866 ], [ 30.971089185161901, -29.742368546780359 ], [ 30.971032005933207, -29.742345675384062 ], [ 30.970959628788531, -29.742299435198035 ], [ 30.970814876251573, -29.742200921642215 ], [ 30.97046706561386, -29.74196770930557 ], [ 30.970316281963388, -29.741828986906594 ], [ 30.970165496719105, -29.74167015975927 ], [ 30.970042858801826, -29.741507312891983 ], [ 30.969932284354318, -29.741326372192155 ], [ 30.969805625113811, -29.741079084678521 ], [ 30.969737269287645, -29.740922269280443 ], [ 30.969736966280507, -29.7409214482037 ], [ 30.969737082151696, -29.740921374414086 ], [ 30.969840081863005, -29.740856288593093 ], [ 30.969862338035046, -29.740840881290637 ], [ 30.969920545034075, -29.740656840787473 ], [ 30.970003577459174, -29.740651704986984 ], [ 30.970089177488848, -29.740672249201744 ], [ 30.970150809465107, -29.740616608748098 ], [ 30.970249249641999, -29.740571241429709 ], [ 30.970363953112159, -29.740498480682366 ], [ 30.97045040789774, -29.740392336612771 ], [ 30.970471807784627, -29.74034525758297 ], [ 30.970513752330458, -29.740307593668106 ], [ 30.970565967989156, -29.740292185584721 ], [ 30.970637872212855, -29.740305882117344 ], [ 30.970738023787941, -29.7402391136266 ], [ 30.970934902793626, -29.740102154009342 ], [ 30.970946887251625, -29.740085034315921 ], [ 30.971056455137848, -29.740018265661689 ], [ 30.971206255546296, -29.739913833789231 ], [ 30.971231935230652, -29.739875313625664 ], [ 30.971270455585021, -29.739842786668312 ], [ 30.971307263171418, -29.739842787329511 ], [ 30.971451926243105, -29.739739210890576 ], [ 30.971542662166808, -29.739645906720273 ], [ 30.971658222407701, -29.739574858890609 ], [ 30.971795181773615, -29.73948840299559 ], [ 30.972135234626911, -29.739258291820974 ], [ 30.972136725572835, -29.739257284318622 ], [ 30.972137973907945, -29.7392587133521 ], [ 30.972139100633161, -29.73925805572069 ], [ 30.972406700085088, -29.739053421915212 ], [ 30.972414925391618, -29.73903129973985 ], [ 30.972432044741435, -29.739017604076398 ], [ 30.972488830086036, -29.738993620010138 ], [ 30.972569860519602, -29.738959395567068 ], [ 30.972689699751303, -29.738905468148616 ], [ 30.972711100527196, -29.738884923880708 ], [ 30.972716235886356, -29.73886095570381 ], [ 30.97279584393209, -29.738710300989347 ], [ 30.972967898767926, -29.738690612897905 ], [ 30.973051786776416, -29.738672637222756 ], [ 30.973084506752169, -29.738789765022581 ], [ 30.973136176491018, -29.738952721081755 ], [ 30.973128226677265, -29.739143498267946 ], [ 30.973104380141489, -29.739425689090247 ] ] ] } },
{ "type": "Feature", "properties": { "EA_CODE": "59914428", "EA_TYPE": "Township", "White": 1.0, "Black_African": 984.0, "Coloured": 0.0, "Indian_Asian": 0.0, "Other": 0.0, "area_km2": 0.099283, "sal2023_est": 1026.419987, "walk_typology": "Well-served", "walk_dist_k1_km": 1.8939369841746447, "exceeds_walk_k1_3km": false, "econ_status": "Non_Wealthy", "Ai_walk": 0.075671, "walk_snap_flag": false, "drive_typology": "Well-served", "walk_dist_k3_km": 8.5216410595850363, "PR_NAME": "KwaZulu-Natal", "MN_NAME": "Ethekwini", "SP_NAME": "Ezilwaneni" }, "geometry": { "type": "Polygon", "coordinates": [ [ [ 30.983115054417244, -29.731625535838553 ], [ 30.983113476350919, -29.73164341636566 ], [ 30.983137863831669, -29.731676339885396 ], [ 30.983204931350141, -29.731721458105291 ], [ 30.983270778775758, -29.731733652186158 ], [ 30.983328091444793, -29.731749504399488 ], [ 30.983354918341082, -29.731787305642698 ], [ 30.983374427717365, -29.73182632707492 ], [ 30.983409791174751, -29.731861688749873 ], [ 30.983468322349172, -29.731878760695746 ], [ 30.983541485862435, -29.731914123192215 ], [ 30.983643915660849, -29.73193119504537 ], [ 30.983730493003492, -29.73193607304043 ], [ 30.983876820981461, -29.731986067651555 ], [ 30.98384724896713, -29.732032514095 ], [ 30.983801748936195, -29.732103979027698 ], [ 30.983256844933496, -29.732996299585093 ], [ 30.982923824854833, -29.733561518599892 ], [ 30.982915376873486, -29.733575857327455 ], [ 30.98263656310948, -29.73403636978534 ], [ 30.981837715020568, -29.73534585534798 ], [ 30.980650406553817, -29.73731008180696 ], [ 30.980543893267118, -29.737498046225372 ], [ 30.980514173684128, -29.737610665353685 ], [ 30.979841430378482, -29.73757719566439 ], [ 30.979772910212127, -29.737585761047761 ], [ 30.979387480037175, -29.737161788090614 ], [ 30.979935646463218, -29.736262453122414 ], [ 30.979665845951274, -29.736146824041729 ], [ 30.9793403716474, -29.736690707970194 ], [ 30.979139092191282, -29.736750663857823 ], [ 30.978908487900938, -29.736154020371302 ], [ 30.978931544844123, -29.736140356084267 ], [ 30.97897821170827, -29.736089629818299 ], [ 30.979043141443892, -29.736024701240908 ], [ 30.979166912117599, -29.735925278736627 ], [ 30.979538224733101, -29.735620924442273 ], [ 30.97975939053411, -29.735403816678389 ], [ 30.979885190350196, -29.73525975629488 ], [ 30.979972438254435, -29.735150188320105 ], [ 30.980006931820903, -29.735121780701029 ], [ 30.980027222056176, -29.735087288349661 ], [ 30.980082006141767, -29.735066997705058 ], [ 30.980150992806216, -29.73503859136115 ], [ 30.98018786413482, -29.735012254674906 ], [ 30.980193603604114, -29.735008156275633 ], [ 30.9802767926593, -29.73493308107486 ], [ 30.980364042488834, -29.73487221012083 ], [ 30.980406652130732, -29.734815396893843 ], [ 30.980459405916882, -29.734772787686875 ], [ 30.980532451655691, -29.734722062305547 ], [ 30.980617671095338, -29.734644958938286 ], [ 30.980658252316424, -29.734580030287056 ], [ 30.980654193996244, -29.734502926429911 ], [ 30.980715064794854, -29.734464374937716 ], [ 30.980798255419856, -29.734407562355582 ], [ 30.980865212896234, -29.734352778301066 ], [ 30.980907823271195, -29.734308139013923 ], [ 30.980982896971668, -29.734243209606362 ], [ 30.981011302946825, -29.734212774952901 ], [ 30.981053912785114, -29.734184367767703 ], [ 30.981094494076256, -29.734129584084897 ], [ 30.981183770603888, -29.734038277661508 ], [ 30.98121826552666, -29.733969291217715 ], [ 30.981264933515565, -29.733890158014468 ], [ 30.981315658121407, -29.733798851981028 ], [ 30.981415081398694, -29.733618267727614 ], [ 30.98148203927823, -29.73350667096847 ], [ 30.981563199922121, -29.733368697230993 ], [ 30.981613926279564, -29.733317971362659 ], [ 30.981701174967807, -29.733242896579693 ], [ 30.981749871381371, -29.733159707195295 ], [ 30.981782335998055, -29.733113038784342 ], [ 30.981815480953998, -29.733069288379301 ], [ 30.981883787768673, -29.732979122680042 ], [ 30.981971035810183, -29.732841148307703 ], [ 30.982031907266418, -29.732737667803349 ], [ 30.982190172177678, -29.732532734919118 ], [ 30.982311914074462, -29.732370412982377 ], [ 30.982419452567338, -29.732230409069032 ], [ 30.982474236574706, -29.732122870839628 ], [ 30.982524962188577, -29.7321066379466 ], [ 30.982573659162671, -29.732070115635203 ], [ 30.982614239602125, -29.732017360618535 ], [ 30.982622355688751, -29.731940257770759 ], [ 30.982658878162859, -29.731895619404735 ], [ 30.982721777832658, -29.731859096286907 ], [ 30.982725835853753, -29.731820545313571 ], [ 30.982744098170425, -29.731786050651241 ], [ 30.982802939988296, -29.731749529005619 ], [ 30.982880043400172, -29.731713005915768 ], [ 30.982930768648018, -29.731682570698553 ], [ 30.982973378503171, -29.73165010585933 ], [ 30.983020046589242, -29.731629816269333 ], [ 30.983058597883847, -29.731617641273679 ], [ 30.983113381852544, -29.731625758413031 ], [ 30.983115054417244, -29.731625535838553 ] ] ] } },
{ "type": "Feature", "properties": { "EA_CODE": "59914194", "EA_TYPE": "Township", "White": 0.0, "Black_African": 1199.0, "Coloured": 0.0, "Indian_Asian": 0.0, "Other": 0.0, "area_km2": 0.096745, "sal2023_est": 1478.153996, "walk_typology": "Well-served", "walk_dist_k1_km": 1.4022487420319709, "exceeds_walk_k1_3km": false, "econ_status": "Non_Wealthy", "Ai_walk": 0.067691, "walk_snap_flag": false, "drive_typology": "Well-served", "walk_dist_k3_km": 9.1338453575131915, "PR_NAME": "KwaZulu-Natal", "MN_NAME": "Ethekwini", "SP_NAME": "Ezilwaneni" }, "geometry": { "type": "Polygon", "coordinates": [ [ [ 30.976519459615826, -29.736827466394566 ], [ 30.976075334451625, -29.737145895881657 ], [ 30.976643020432981, -29.737416223041929 ], [ 30.977124202713807, -29.737621670683581 ], [ 30.978503555128025, -29.738577445299146 ], [ 30.976497477727484, -29.739890323190522 ], [ 30.975615777687473, -29.739335544701056 ], [ 30.975350857438134, -29.739286885544736 ], [ 30.975004839033495, -29.73923282073747 ], [ 30.974788249908251, -29.73926537901438 ], [ 30.974356356612695, -29.739330300835746 ], [ 30.973919157897225, -29.739401841977191 ], [ 30.973593247093174, -29.73947735796688 ], [ 30.973366699320639, -29.739477357842784 ], [ 30.973104380141489, -29.739425689090247 ], [ 30.973128226677265, -29.739143498267946 ], [ 30.973136176491018, -29.738952721081755 ], [ 30.973084506752169, -29.738789765022581 ], [ 30.973051786776416, -29.738672637222756 ], [ 30.973034667164274, -29.738596452833214 ], [ 30.973020114850794, -29.738518557031043 ], [ 30.973015835417968, -29.738452644583354 ], [ 30.9731348188851, -29.738425253270037 ], [ 30.973216995508164, -29.73839101293408 ], [ 30.973472081792934, -29.738259189924285 ], [ 30.973568810324362, -29.738202693703478 ], [ 30.973822185661309, -29.738072581876853 ], [ 30.974115793127904, -29.737904805698122 ], [ 30.974257889092971, -29.737820063393411 ], [ 30.974309249552615, -29.737798662893685 ], [ 30.974506128178518, -29.737689950699941 ], [ 30.974683319931781, -29.737594934774279 ], [ 30.974774912001813, -29.737541007061868 ], [ 30.975006030863785, -29.737418598843274 ], [ 30.975119023407135, -29.737354399433812 ], [ 30.975106183236843, -29.737331287431402 ], [ 30.975346719414542, -29.737213159997452 ], [ 30.975448583611808, -29.737165224427965 ], [ 30.975548734224407, -29.737113863689633 ], [ 30.975731062389649, -29.737015424412395 ], [ 30.975776430133163, -29.73698888820563 ], [ 30.975758453656599, -29.736955503565419 ], [ 30.975767014615304, -29.736920408289137 ], [ 30.975789270213141, -29.736887880064334 ], [ 30.975831213806991, -29.736878464148674 ], [ 30.97586459820695, -29.73689216041085 ], [ 30.975875725853715, -29.736905855691191 ], [ 30.976032373369275, -29.736818543839451 ], [ 30.976179604875448, -29.736745784998305 ], [ 30.976163341436788, -29.736726953140575 ], [ 30.976281469520487, -29.736660185282489 ], [ 30.97637134949774, -29.736732944781707 ], [ 30.97640387758835, -29.736760337101789 ], [ 30.976432125250373, -29.73679885693798 ], [ 30.976519459615826, -29.736827466394566 ] ] ] } },
{ "type": "Feature", "properties": { "EA_CODE": "59914194", "EA_TYPE": "Township", "White": 0.0, "Black_African": 1199.0, "Coloured": 0.0, "Indian_Asian": 0.0, "Other": 0.0, "area_km2": 0.096745, "sal2023_est": 1478.153996, "walk_typology": "Well-served", "walk_dist_k1_km": 1.4022487420319709, "exceeds_walk_k1_3km": false, "econ_status": "Non_Wealthy", "Ai_walk": 0.067691, "walk_snap_flag": false, "drive_typology": "Well-served", "walk_dist_k3_km": 9.1338453575131915, "PR_NAME": "KwaZulu-Natal", "MN_NAME": "Ethekwini", "SP_NAME": "Ezilwaneni" }, "geometry": { "type": "Polygon", "coordinates": [ [ [ 30.976519459615826, -29.736827466394566 ], [ 30.976075334451625, -29.737145895881657 ], [ 30.976643020432981, -29.737416223041929 ], [ 30.977124202713807, -29.737621670683581 ], [ 30.978503555128025, -29.738577445299146 ], [ 30.976497477727484, -29.739890323190522 ], [ 30.975615777687473, -29.739335544701056 ], [ 30.975350857438134, -29.739286885544736 ], [ 30.975004839033495, -29.73923282073747 ], [ 30.974788249908251, -29.73926537901438 ], [ 30.974356356612695, -29.739330300835746 ], [ 30.973919157897225, -29.739401841977191 ], [ 30.973593247093174, -29.73947735796688 ], [ 30.973366699320639, -29.739477357842784 ], [ 30.973104380141489, -29.739425689090247 ], [ 30.973128226677265, -29.739143498267946 ], [ 30.973136176491018, -29.738952721081755 ], [ 30.973084506752169, -29.738789765022581 ], [ 30.973051786776416, -29.738672637222756 ], [ 30.973034667164274, -29.738596452833214 ], [ 30.973020114850794, -29.738518557031043 ], [ 30.973015835417968, -29.738452644583354 ], [ 30.9731348188851, -29.738425253270037 ], [ 30.973216995508164, -29.73839101293408 ], [ 30.973472081792934, -29.738259189924285 ], [ 30.973568810324362, -29.738202693703478 ], [ 30.973822185661309, -29.738072581876853 ], [ 30.974115793127904, -29.737904805698122 ], [ 30.974257889092971, -29.737820063393411 ], [ 30.974309249552615, -29.737798662893685 ], [ 30.974506128178518, -29.737689950699941 ], [ 30.974683319931781, -29.737594934774279 ], [ 30.974774912001813, -29.737541007061868 ], [ 30.975006030863785, -29.737418598843274 ], [ 30.975119023407135, -29.737354399433812 ], [ 30.975106183236843, -29.737331287431402 ], [ 30.975346719414542, -29.737213159997452 ], [ 30.975448583611808, -29.737165224427965 ], [ 30.975548734224407, -29.737113863689633 ], [ 30.975731062389649, -29.737015424412395 ], [ 30.975776430133163, -29.73698888820563 ], [ 30.975758453656599, -29.736955503565419 ], [ 30.975767014615304, -29.736920408289137 ], [ 30.975789270213141, -29.736887880064334 ], [ 30.975831213806991, -29.736878464148674 ], [ 30.97586459820695, -29.73689216041085 ], [ 30.975875725853715, -29.736905855691191 ], [ 30.976032373369275, -29.736818543839451 ], [ 30.976179604875448, -29.736745784998305 ], [ 30.976163341436788, -29.736726953140575 ], [ 30.976281469520487, -29.736660185282489 ], [ 30.97637134949774, -29.736732944781707 ], [ 30.97640387758835, -29.736760337101789 ], [ 30.976432125250373, -29.73679885693798 ], [ 30.976519459615826, -29.736827466394566 ] ] ] } },
{ "type": "Feature", "properties": { "EA_CODE": "59914193", "EA_TYPE": "Township", "White": 9.0, "Black_African": 1193.0, "Coloured": 0.0, "Indian_Asian": 1.0, "Other": 5.0, "area_km2": 0.149927, "sal2023_est": 1504.304994, "walk_typology": "Well-served", "walk_dist_k1_km": 1.2821146882528596, "exceeds_walk_k1_3km": false, "econ_status": "Non_Wealthy", "Ai_walk": 0.053664, "walk_snap_flag": false, "drive_typology": "Well-served", "walk_dist_k3_km": 9.0137113037340715, "PR_NAME": "KwaZulu-Natal", "MN_NAME": "Ethekwini", "SP_NAME": "Ezilwaneni" }, "geometry": { "type": "Polygon", "coordinates": [ [ [ 30.976497477727484, -29.739890323190522 ], [ 30.97701894450184, -29.740218435588439 ], [ 30.977214945787527, -29.74035960260321 ], [ 30.977461877179774, -29.740523357279393 ], [ 30.977581442812919, -29.74059873565713 ], [ 30.977675016126149, -29.740728699188772 ], [ 30.977711406476288, -29.740931441221036 ], [ 30.977740518657246, -29.741085094746698 ], [ 30.977740461169571, -29.741085129828619 ], [ 30.977736799958496, -29.741087307826071 ], [ 30.977677437572986, -29.741122624629057 ], [ 30.977473809152901, -29.741319987996253 ], [ 30.976963172559483, -29.741965331741703 ], [ 30.975691279777205, -29.743581826427555 ], [ 30.975105457782096, -29.744318019439774 ], [ 30.974830495991178, -29.744661723106315 ], [ 30.974509719858546, -29.744478089628704 ], [ 30.973949842733468, -29.744136631938531 ], [ 30.974121664517035, -29.743266955840898 ], [ 30.974154415842481, -29.743064483609484 ], [ 30.974154415617758, -29.74288583314339 ], [ 30.974079977999239, -29.742311169697011 ], [ 30.974059136565195, -29.741831787878407 ], [ 30.974017450202034, -29.741230327077869 ], [ 30.973943012318866, -29.741111225582621 ], [ 30.973645259050798, -29.740858136142538 ], [ 30.973418967580187, -29.740566339397752 ], [ 30.973264136014009, -29.740226900334235 ], [ 30.973070596553516, -29.740015496193703 ], [ 30.97290980994493, -29.73987257512881 ], [ 30.972972338262405, -29.739729653041955 ], [ 30.973104380141489, -29.739425689090247 ], [ 30.973366699320639, -29.739477357842784 ], [ 30.973593247093174, -29.73947735796688 ], [ 30.973919157897225, -29.739401841977191 ], [ 30.974356356612695, -29.739330300835746 ], [ 30.974788249908251, -29.73926537901438 ], [ 30.975004839033495, -29.73923282073747 ], [ 30.975350857438134, -29.739286885544736 ], [ 30.975615777687473, -29.739335544701056 ], [ 30.976497477727484, -29.739890323190522 ] ] ] } },
{ "type": "Feature", "properties": { "EA_CODE": "59911369", "EA_TYPE": "Township", "White": 0.0, "Black_African": 846.0, "Coloured": 0.0, "Indian_Asian": 0.0, "Other": 0.0, "area_km2": 0.053623, "sal2023_est": 814.308777, "walk_typology": "Well-served", "walk_dist_k1_km": 2.2196656151954062, "exceeds_walk_k1_3km": false, "econ_status": "Non_Wealthy", "Ai_walk": 0.062803, "walk_snap_flag": false, "drive_typology": "Well-served", "walk_dist_k3_km": 8.0939670887344839, "PR_NAME": "KwaZulu-Natal", "MN_NAME": "Ethekwini", "SP_NAME": "Enkanyisweni" }, "geometry": { "type": "Polygon", "coordinates": [ [ [ 30.988786301456518, -29.738824336724281 ], [ 30.989439649932407, -29.739304421777973 ], [ 30.989825462379976, -29.738923323580689 ], [ 30.99034254675124, -29.739311610666359 ], [ 30.991177837637768, -29.739900672141165 ], [ 30.991287695521521, -29.739961282178797 ], [ 30.99086342026914, -29.740364722347138 ], [ 30.990035527366022, -29.739792333770033 ], [ 30.989775107727212, -29.740052752979111 ], [ 30.989662026687729, -29.740113642972087 ], [ 30.988242607576439, -29.741602544907749 ], [ 30.987811553848562, -29.741313176701411 ], [ 30.987377856423535, -29.740990549155566 ], [ 30.987396316520286, -29.740972524225903 ], [ 30.988075578259046, -29.740273760806527 ], [ 30.988498085459412, -29.739844754309289 ], [ 30.988803590829804, -29.739532747962656 ], [ 30.988732478304978, -29.739455274907723 ], [ 30.988392392584601, -29.739181872844636 ], [ 30.988259025045512, -29.739071844990605 ], [ 30.988152331016352, -29.739068511379319 ], [ 30.988082314016054, -29.739095183635683 ], [ 30.987985621669715, -29.739198543621548 ], [ 30.987368800251165, -29.739838705331355 ], [ 30.987349714623228, -29.739857335019721 ], [ 30.987305660057629, -29.739821289604954 ], [ 30.987228565328198, -29.739743694237028 ], [ 30.987178752189081, -29.739631985808419 ], [ 30.987082061021475, -29.739461942981023 ], [ 30.987053664729487, -29.73935495686306 ], [ 30.987216098784337, -29.739225008751745 ], [ 30.987465166014772, -29.738954285291403 ], [ 30.987797255483098, -29.738622195780369 ], [ 30.98799939607153, -29.738438103248306 ], [ 30.988098417096662, -29.738424774045647 ], [ 30.988187098606961, -29.738412835791635 ], [ 30.988385629553417, -29.738524734995767 ], [ 30.988786301456518, -29.738824336724281 ] ] ] } },
{ "type": "Feature", "properties": { "EA_CODE": "59914422", "EA_TYPE": "Township", "White": 0.0, "Black_African": 883.0, "Coloured": 2.0, "Indian_Asian": 0.0, "Other": 0.0, "area_km2": 0.096468, "sal2023_est": 851.847834, "walk_typology": "Well-served", "walk_dist_k1_km": 1.7898591820472036, "exceeds_walk_k1_3km": false, "econ_status": "Non_Wealthy", "Ai_walk": 0.064843, "walk_snap_flag": false, "drive_typology": "Well-served", "walk_dist_k3_km": 8.5637805551626247, "PR_NAME": "KwaZulu-Natal", "MN_NAME": "Ethekwini", "SP_NAME": "Enkanyisweni" }, "geometry": { "type": "Polygon", "coordinates": [ [ [ 30.987053664729487, -29.73935495686306 ], [ 30.987082061021475, -29.739461942981023 ], [ 30.987178752189081, -29.739631985808419 ], [ 30.987228565328198, -29.739743694237028 ], [ 30.987305660057629, -29.739821289604954 ], [ 30.987349714623228, -29.739857335019721 ], [ 30.987368800251165, -29.739838705331355 ], [ 30.987985621669715, -29.739198543621548 ], [ 30.988082314016054, -29.739095183635683 ], [ 30.988152331016352, -29.739068511379319 ], [ 30.988259025045512, -29.739071844990605 ], [ 30.988392392584601, -29.739181872844636 ], [ 30.988732478304978, -29.739455274907723 ], [ 30.988803590829804, -29.739532747962656 ], [ 30.988498085459412, -29.739844754309289 ], [ 30.988075578259046, -29.740273760806527 ], [ 30.987396316520286, -29.740972524225903 ], [ 30.987377856423535, -29.740990549155566 ], [ 30.987120061193981, -29.741242278122542 ], [ 30.986772304842543, -29.741593284205781 ], [ 30.986223046536097, -29.742165294094185 ], [ 30.986138543622278, -29.742249796125247 ], [ 30.986024791895009, -29.742318047051974 ], [ 30.985928356940903, -29.742343130256579 ], [ 30.985622230904394, -29.742322099288117 ], [ 30.985406998667514, -29.742290982400917 ], [ 30.985222886046181, -29.742275422702118 ], [ 30.985103601185735, -29.74226764329525 ], [ 30.984085958383517, -29.742191700115402 ], [ 30.984093287664507, -29.742132140240589 ], [ 30.98413287956679, -29.741749943093744 ], [ 30.984132790630529, -29.7417499403672 ], [ 30.984133790906306, -29.741739647071007 ], [ 30.984142202501367, -29.741663101368793 ], [ 30.984188466152148, -29.741211394882626 ], [ 30.984204447647489, -29.741028020790015 ], [ 30.984228841722295, -29.740799223877367 ], [ 30.984298024020127, -29.740647193785772 ], [ 30.984718995750786, -29.740241256926353 ], [ 30.985991934110476, -29.738903168679887 ], [ 30.986353391288617, -29.73915642589677 ], [ 30.986656601958288, -29.739362176224432 ], [ 30.986865962398859, -29.739398272965214 ], [ 30.987053664729487, -29.73935495686306 ] ] ] } },
{ "type": "Feature", "properties": { "EA_CODE": "59911341", "EA_TYPE": "Township", "White": 0.0, "Black_African": 949.0, "Coloured": 1.0, "Indian_Asian": 2.0, "Other": 2.0, "area_km2": 0.161946, "sal2023_est": 918.263088, "walk_typology": "Demand overcrowding", "walk_dist_k1_km": 2.0108661413250499, "exceeds_walk_k1_3km": false, "econ_status": "Non_Wealthy", "Ai_walk": 0.048135, "walk_snap_flag": false, "drive_typology": "Well-served", "walk_dist_k3_km": 8.2555340965439683, "PR_NAME": "KwaZulu-Natal", "MN_NAME": "Ethekwini", "SP_NAME": "Enkanyisweni" }, "geometry": { "type": "Polygon", "coordinates": [ [ [ 30.99086342026914, -29.740364722347138 ], [ 30.991664618153433, -29.74096704138223 ], [ 30.991701128544989, -29.740994103740565 ], [ 30.992096468849578, -29.741287140795702 ], [ 30.992229055396297, -29.741385634031623 ], [ 30.992340805643689, -29.741486020431978 ], [ 30.992426040271752, -29.741584512812974 ], [ 30.992507486112626, -29.741669745879591 ], [ 30.992508177090937, -29.741670318106486 ], [ 30.992385763182032, -29.741729987158234 ], [ 30.991769948968077, -29.742064464822864 ], [ 30.991201024486088, -29.742452083835925 ], [ 30.991065325048929, -29.742558997698652 ], [ 30.990685241236413, -29.742858457716778 ], [ 30.990163206266306, -29.743342981547542 ], [ 30.989669304783817, -29.743865016736425 ], [ 30.989409849805284, -29.744161982874854 ], [ 30.989206663389496, -29.744421436961179 ], [ 30.989159160669256, -29.744494951801432 ], [ 30.988997073824493, -29.744400192792465 ], [ 30.987613106930954, -29.743706144294379 ], [ 30.987446425941247, -29.743621044931206 ], [ 30.986634003363513, -29.743206263548064 ], [ 30.986320028568816, -29.743045145175017 ], [ 30.985968873206421, -29.742871633258396 ], [ 30.985894510091857, -29.742846845123804 ], [ 30.985774703693881, -29.742822057724361 ], [ 30.985583496651625, -29.742808180058578 ], [ 30.98561185783127, -29.742446571120936 ], [ 30.985622230904394, -29.742322099288117 ], [ 30.985928356940903, -29.742343130256579 ], [ 30.986024791895009, -29.742318047051974 ], [ 30.986138543622278, -29.742249796125247 ], [ 30.986223046536097, -29.742165294094185 ], [ 30.986772304842543, -29.741593284205781 ], [ 30.987120061193981, -29.741242278122542 ], [ 30.987377856423535, -29.740990549155566 ], [ 30.987811553848562, -29.741313176701411 ], [ 30.988242607576439, -29.741602544907749 ], [ 30.989662026687729, -29.740113642972087 ], [ 30.989775107727212, -29.740052752979111 ], [ 30.990035527366022, -29.739792333770033 ], [ 30.99086342026914, -29.740364722347138 ] ] ] } },
{ "type": "Feature", "properties": { "EA_CODE": "59914430", "EA_TYPE": "Township", "White": 2.0, "Black_African": 1048.0, "Coloured": 1.0, "Indian_Asian": 0.0, "Other": 0.0, "area_km2": 0.085804, "sal2023_est": 1095.195336, "walk_typology": "Well-served", "walk_dist_k1_km": 2.2376724549324072, "exceeds_walk_k1_3km": false, "econ_status": "Non_Wealthy", "Ai_walk": 0.077828, "walk_snap_flag": false, "drive_typology": "Well-served", "walk_dist_k3_km": 8.4144237721812232, "PR_NAME": "KwaZulu-Natal", "MN_NAME": "Ethekwini", "SP_NAME": "Enkanyisweni" }, "geometry": { "type": "Polygon", "coordinates": [ [ [ 30.990000994348382, -29.73533473819321 ], [ 30.990337463363449, -29.735631252720598 ], [ 30.990511957915761, -29.735762795593146 ], [ 30.990493023019933, -29.735811530763925 ], [ 30.98962786030858, -29.735907659837682 ], [ 30.989526066861973, -29.735917289739799 ], [ 30.989627859771588, -29.736484436193862 ], [ 30.989650478595895, -29.736665384796115 ], [ 30.989633515101758, -29.736812406231966 ], [ 30.989582622907381, -29.736953771922792 ], [ 30.989497803148758, -29.737123412421909 ], [ 30.989384709946361, -29.737230849588581 ], [ 30.989068049313467, -29.737428763432565 ], [ 30.988830553725109, -29.737575783651938 ], [ 30.98863264113908, -29.737739769667222 ], [ 30.988332944327638, -29.738033812203547 ], [ 30.988123722591968, -29.738299581096729 ], [ 30.988098417096662, -29.738424774045647 ], [ 30.98799939607153, -29.738438103248306 ], [ 30.987797255483098, -29.738622195780369 ], [ 30.987465166014772, -29.738954285291403 ], [ 30.987216098784337, -29.739225008751745 ], [ 30.987053664729487, -29.73935495686306 ], [ 30.986865962398859, -29.739398272965214 ], [ 30.986656601958288, -29.739362176224432 ], [ 30.986353391288617, -29.73915642589677 ], [ 30.985991934110476, -29.738903168679887 ], [ 30.985978954880967, -29.738893328632276 ], [ 30.986361275774676, -29.738467388828575 ], [ 30.986613374145229, -29.738227613641762 ], [ 30.986893224754372, -29.737962491259669 ], [ 30.987114161389442, -29.737756284541241 ], [ 30.987251632219479, -29.737535349964872 ], [ 30.987305638323292, -29.737324233219592 ], [ 30.987305638554229, -29.737147485125909 ], [ 30.987236903323559, -29.736936369167086 ], [ 30.987153438594707, -29.736793987984274 ], [ 30.986991419516304, -29.73661233041085 ], [ 30.986829398873112, -29.736543594924218 ], [ 30.987055243862443, -29.73608208475364 ], [ 30.987061316149262, -29.736071871876643 ], [ 30.987379283126533, -29.73553711090269 ], [ 30.987413651182511, -29.735429098026653 ], [ 30.988892812391942, -29.735472453073204 ], [ 30.989449617861897, -29.735491350642313 ], [ 30.989474604768173, -29.735210243865879 ], [ 30.989487099615665, -29.734979111721824 ], [ 30.989591591222595, -29.735023662582901 ], [ 30.990000994348382, -29.73533473819321 ] ] ] } },
{ "type": "Feature", "properties": { "EA_CODE": "59914429", "EA_TYPE": "Township", "White": 0.0, "Black_African": 1057.0, "Coloured": 1.0, "Indian_Asian": 0.0, "Other": 0.0, "area_km2": 0.131899, "sal2023_est": 1102.489692, "walk_typology": "Well-served", "walk_dist_k1_km": 2.2285445105154813, "exceeds_walk_k1_3km": false, "econ_status": "Non_Wealthy", "Ai_walk": 0.084414, "walk_snap_flag": false, "drive_typology": "Well-served", "walk_dist_k3_km": 8.5810610685188742, "PR_NAME": "KwaZulu-Natal", "MN_NAME": "Ethekwini", "SP_NAME": "Enkanyisweni" }, "geometry": { "type": "Polygon", "coordinates": [ [ [ 30.987061316149262, -29.736071871876643 ], [ 30.984324152224538, -29.734787771215039 ], [ 30.984556917169684, -29.734385420294672 ], [ 30.984373725563117, -29.73424802602446 ], [ 30.983915745358583, -29.734055673940357 ], [ 30.983086800812252, -29.733661812349123 ], [ 30.982923824854833, -29.733561518599892 ], [ 30.983256844933496, -29.732996299585093 ], [ 30.983801748936195, -29.732103979027698 ], [ 30.98384724896713, -29.732032514095 ], [ 30.983997101234337, -29.732171266029106 ], [ 30.984266384175008, -29.73300203202124 ], [ 30.98431794918038, -29.733076515288339 ], [ 30.984587231473331, -29.733259856174424 ], [ 30.984719007777407, -29.733311420589281 ], [ 30.984793491223691, -29.733282774107096 ], [ 30.984862244308871, -29.733271494240949 ], [ 30.984910586125093, -29.733178033376038 ], [ 30.984949259587989, -29.733113576665538 ], [ 30.985020160923874, -29.73304589827374 ], [ 30.985113622343349, -29.733007223851061 ], [ 30.985268316231355, -29.732974996426211 ], [ 30.985506803142641, -29.732968550576178 ], [ 30.985703394336348, -29.732884758383118 ], [ 30.985835528848835, -29.732929876809475 ], [ 30.985957994765744, -29.732987888032735 ], [ 30.986067571033004, -29.733049120963347 ], [ 30.986132026653159, -29.733065235059566 ], [ 30.986193260231435, -29.733094239617561 ], [ 30.986306058496481, -29.733152250055848 ], [ 30.986389850720954, -29.733165142391766 ], [ 30.986463975000447, -29.733123244712822 ], [ 30.986573550036621, -29.733081349311203 ], [ 30.98672502184634, -29.733058789158477 ], [ 30.986805592471455, -29.73308134928315 ], [ 30.986860379602664, -29.733165141938848 ], [ 30.986905498526625, -29.733171586701651 ], [ 30.987092421565801, -29.733161918969884 ], [ 30.987156876780521, -29.733223152078786 ], [ 30.987211664410903, -29.733232820401881 ], [ 30.987359913344338, -29.733223151850556 ], [ 30.987393157802213, -29.733191754213536 ], [ 30.987453624636551, -29.733274499070944 ], [ 30.98750876119778, -29.733366392395322 ], [ 30.987516402359862, -29.733394667091179 ], [ 30.987515125436701, -29.733395517765018 ], [ 30.987480087350459, -29.733475496281674 ], [ 30.987556256065641, -29.7335135798095 ], [ 30.987630902305085, -29.733579085058107 ], [ 30.987692598026765, -29.733657539080045 ], [ 30.987697929977966, -29.73372989965323 ], [ 30.987701739171587, -29.733811400203155 ], [ 30.987698475662896, -29.733883539712835 ], [ 30.987724955803909, -29.734003906015289 ], [ 30.987797176533796, -29.734121863544289 ], [ 30.987999389595583, -29.734059273585284 ], [ 30.988102904574262, -29.734196490953618 ], [ 30.988293081780942, -29.734157973676723 ], [ 30.988358080429219, -29.734157974280137 ], [ 30.988466409085458, -29.734162788356375 ], [ 30.988562700771812, -29.734170009978172 ], [ 30.988810654791582, -29.734170010041872 ], [ 30.98883954233386, -29.733979832101955 ], [ 30.98885055906177, -29.733925226587715 ], [ 30.988895467099677, -29.733932411627581 ], [ 30.98911896899034, -29.733943777394668 ], [ 30.9892439779616, -29.73392294243482 ], [ 30.98945611581582, -29.733934306351376 ], [ 30.989456116264794, -29.733913470951173 ], [ 30.989677724470614, -29.733939989236497 ], [ 30.989781897753158, -29.733985447396218 ], [ 30.989740228910247, -29.734061209846864 ], [ 30.989717500254365, -29.734157808220942 ], [ 30.98970613475829, -29.73440025102563 ], [ 30.989708028978455, -29.734529048711707 ], [ 30.989849061718029, -29.734622393808859 ], [ 30.989487099615665, -29.734979111721824 ], [ 30.989474604768173, -29.735210243865879 ], [ 30.989449617861897, -29.735491350642313 ], [ 30.988892812391942, -29.735472453073204 ], [ 30.987413651182511, -29.735429098026653 ], [ 30.987379283126533, -29.73553711090269 ], [ 30.987061316149262, -29.736071871876643 ] ] ] } },
{ "type": "Feature", "properties": { "EA_CODE": "59914426", "EA_TYPE": "Township", "White": 0.0, "Black_African": 1132.0, "Coloured": 1.0, "Indian_Asian": 2.0, "Other": 2.0, "area_km2": 0.105491, "sal2023_est": 1184.811701, "walk_typology": "Well-served", "walk_dist_k1_km": 1.959631985651916, "exceeds_walk_k1_3km": false, "econ_status": "Non_Wealthy", "Ai_walk": 0.081038, "walk_snap_flag": false, "drive_typology": "Well-served", "walk_dist_k3_km": 8.7338837959243865, "PR_NAME": "KwaZulu-Natal", "MN_NAME": "Ethekwini", "SP_NAME": "Enkanyisweni" }, "geometry": { "type": "Polygon", "coordinates": [ [ [ 30.987061316149262, -29.736071871876643 ], [ 30.987055243862443, -29.73608208475364 ], [ 30.986829398873112, -29.736543594924218 ], [ 30.986991419516304, -29.73661233041085 ], [ 30.987153438594707, -29.736793987984274 ], [ 30.987236903323559, -29.736936369167086 ], [ 30.987305638554229, -29.737147485125909 ], [ 30.987305638323292, -29.737324233219592 ], [ 30.987251632219479, -29.737535349964872 ], [ 30.987114161389442, -29.737756284541241 ], [ 30.986893224754372, -29.737962491259669 ], [ 30.986613374145229, -29.738227613641762 ], [ 30.986361275774676, -29.738467388828575 ], [ 30.985978954880967, -29.738893328632276 ], [ 30.985225164289915, -29.738321826674085 ], [ 30.984693938269604, -29.737900854587384 ], [ 30.98391213407875, -29.737444803250423 ], [ 30.983441046341465, -29.737164154950641 ], [ 30.983041003449848, -29.736953020595397 ], [ 30.983054741721411, -29.736931789055468 ], [ 30.983636376676596, -29.735924233220462 ], [ 30.984236330978437, -29.734939576196481 ], [ 30.984324152224538, -29.734787771215039 ], [ 30.987061316149262, -29.736071871876643 ] ] ] } },
{ "type": "Feature", "properties": { "EA_CODE": "59914424", "EA_TYPE": "Township", "White": 1.0, "Black_African": 1243.0, "Coloured": 0.0, "Indian_Asian": 0.0, "Other": 0.0, "area_km2": 0.08858, "sal2023_est": 1296.311131, "walk_typology": "Well-served", "walk_dist_k1_km": 1.8734996412916645, "exceeds_walk_k1_3km": false, "econ_status": "Non_Wealthy", "Ai_walk": 0.078909, "walk_snap_flag": false, "drive_typology": "Well-served", "walk_dist_k3_km": 8.8200722587152445, "PR_NAME": "KwaZulu-Natal", "MN_NAME": "Ethekwini", "SP_NAME": "Enkanyisweni" }, "geometry": { "type": "Polygon", "coordinates": [ [ [ 30.985978954880967, -29.738893328632276 ], [ 30.985991934110476, -29.738903168679887 ], [ 30.984718995750786, -29.740241256926353 ], [ 30.984298024020127, -29.740647193785772 ], [ 30.984228841722295, -29.740799223877367 ], [ 30.984170801897495, -29.740780718121528 ], [ 30.984090050588723, -29.740742865738007 ], [ 30.984026963131527, -29.740699966579509 ], [ 30.983830971135507, -29.740568745121891 ], [ 30.983724984360478, -29.74049051607145 ], [ 30.983643391571455, -29.740420699602442 ], [ 30.983470952528744, -29.740283589901967 ], [ 30.983357395324855, -29.740212091319499 ], [ 30.983247201812464, -29.740138909301024 ], [ 30.983124392390362, -29.740070774843499 ], [ 30.982965412352446, -29.740011051606579 ], [ 30.982312257715499, -29.739802336947552 ], [ 30.982322523041436, -29.739048375764696 ], [ 30.982324636773996, -29.738897836065771 ], [ 30.982354031961535, -29.738204973649573 ], [ 30.982358611796453, -29.738076740063889 ], [ 30.982413569837465, -29.737948505211556 ], [ 30.982550964348825, -29.73771035627319 ], [ 30.983041003449848, -29.736953020595397 ], [ 30.983441046341465, -29.737164154950641 ], [ 30.98391213407875, -29.737444803250423 ], [ 30.984693938269604, -29.737900854587384 ], [ 30.985225164289915, -29.738321826674085 ], [ 30.985978954880967, -29.738893328632276 ] ] ] } },
{ "type": "Feature", "properties": { "EA_CODE": "59914427", "EA_TYPE": "Township", "White": 0.0, "Black_African": 1682.0, "Coloured": 0.0, "Indian_Asian": 0.0, "Other": 0.0, "area_km2": 0.110645, "sal2023_est": 1752.729358, "walk_typology": "Well-served", "walk_dist_k1_km": 1.7281617474360291, "exceeds_walk_k1_3km": false, "econ_status": "Non_Wealthy", "Ai_walk": 0.072822, "walk_snap_flag": false, "drive_typology": "Well-served", "walk_dist_k3_km": 8.6841847441858615, "PR_NAME": "KwaZulu-Natal", "MN_NAME": "Ethekwini", "SP_NAME": "Enkanyisweni" }, "geometry": { "type": "Polygon", "coordinates": [ [ [ 30.984324152224538, -29.734787771215039 ], [ 30.984236330978437, -29.734939576196481 ], [ 30.983636376676596, -29.735924233220462 ], [ 30.983054741721411, -29.736931789055468 ], [ 30.983041003449848, -29.736953020595397 ], [ 30.982550964348825, -29.73771035627319 ], [ 30.982413569837465, -29.737948505211556 ], [ 30.982358611796453, -29.738076740063889 ], [ 30.982354031961535, -29.738204973649573 ], [ 30.982324636773996, -29.738897836065771 ], [ 30.981975408271609, -29.738896263190785 ], [ 30.981638169924086, -29.73888711341694 ], [ 30.981569547440571, -29.738885251153889 ], [ 30.98137920101972, -29.73888053233884 ], [ 30.980745240101932, -29.738867947129759 ], [ 30.980504555376189, -29.738864800312506 ], [ 30.980425118521509, -29.73886324339253 ], [ 30.980446778581005, -29.738769937633691 ], [ 30.980459308653611, -29.738043142773712 ], [ 30.980484371638475, -29.737723603348329 ], [ 30.980514173684128, -29.737610665353685 ], [ 30.980543893267118, -29.737498046225372 ], [ 30.980650406553817, -29.73731008180696 ], [ 30.981837715020568, -29.73534585534798 ], [ 30.98263656310948, -29.73403636978534 ], [ 30.982915376873486, -29.733575857327455 ], [ 30.982923824854833, -29.733561518599892 ], [ 30.983086800812252, -29.733661812349123 ], [ 30.983915745358583, -29.734055673940357 ], [ 30.984373725563117, -29.73424802602446 ], [ 30.984556917169684, -29.734385420294672 ], [ 30.984324152224538, -29.734787771215039 ] ] ] } },
{ "type": "Feature", "properties": { "EA_CODE": "59911376", "EA_TYPE": "Township", "White": 0.0, "Black_African": 1751.0, "Coloured": 0.0, "Indian_Asian": 2.0, "Other": 1.0, "area_km2": 0.087754, "sal2023_est": 1688.295028, "walk_typology": "Well-served", "walk_dist_k1_km": 2.7131037381652576, "exceeds_walk_k1_3km": false, "econ_status": "Non_Wealthy", "Ai_walk": 0.075926, "walk_snap_flag": false, "drive_typology": "Well-served", "walk_dist_k3_km": 7.9168345298241221, "PR_NAME": "KwaZulu-Natal", "MN_NAME": "Ethekwini", "SP_NAME": "Enkanyisweni" }, "geometry": { "type": "Polygon", "coordinates": [ [ [ 30.990781797735476, -29.735313845442654 ], [ 30.990897514619526, -29.735400327251661 ], [ 30.991103969496141, -29.735549960123123 ], [ 30.99118920294837, -29.735610570646415 ], [ 30.991270649593744, -29.735640875767984 ], [ 30.991537714572786, -29.735637087930797 ], [ 30.991700387373943, -29.735626479237929 ], [ 30.991886226219073, -29.735614359294381 ], [ 30.992219584867922, -29.735593524329055 ], [ 30.992261255217997, -29.735591629944214 ], [ 30.992301030081325, -29.736025374597972 ], [ 30.992297241632162, -29.736188267056907 ], [ 30.992270724628007, -29.736322747013048 ], [ 30.992204432092628, -29.736451543928609 ], [ 30.992073740278769, -29.736625800391103 ], [ 30.991774474864727, -29.736940217992331 ], [ 30.991625414558637, -29.737093477927125 ], [ 30.991236554866308, -29.737493290609049 ], [ 30.990414522686734, -29.738328582082346 ], [ 30.990005400218088, -29.738741492205314 ], [ 30.989825462379976, -29.738923323580689 ], [ 30.989439649932407, -29.739304421777973 ], [ 30.988786301456518, -29.738824336724281 ], [ 30.988385629553417, -29.738524734995767 ], [ 30.988187098606961, -29.738412835791635 ], [ 30.988098417096662, -29.738424774045647 ], [ 30.988123722591968, -29.738299581096729 ], [ 30.988332944327638, -29.738033812203547 ], [ 30.98863264113908, -29.737739769667222 ], [ 30.988830553725109, -29.737575783651938 ], [ 30.989068049313467, -29.737428763432565 ], [ 30.989384709946361, -29.737230849588581 ], [ 30.989497803148758, -29.737123412421909 ], [ 30.989582622907381, -29.736953771922792 ], [ 30.989633515101758, -29.736812406231966 ], [ 30.989650478595895, -29.736665384796115 ], [ 30.989627859771588, -29.736484436193862 ], [ 30.989526066861973, -29.735917289739799 ], [ 30.98962786030858, -29.735907659837682 ], [ 30.990493023019933, -29.735811530763925 ], [ 30.990511957915761, -29.735762795593146 ], [ 30.990337463363449, -29.735631252720598 ], [ 30.990000994348382, -29.73533473819321 ], [ 30.989591591222595, -29.735023662582901 ], [ 30.989487099615665, -29.734979111721824 ], [ 30.989849061718029, -29.734622393808859 ], [ 30.989971307596811, -29.734703303585686 ], [ 30.990537637997988, -29.735131367739427 ], [ 30.990781797735476, -29.735313845442654 ] ] ] } },
{ "type": "Feature", "properties": { "EA_CODE": "59911368", "EA_TYPE": "Township", "White": 0.0, "Black_African": 726.0, "Coloured": 1.0, "Indian_Asian": 9.0, "Other": 0.0, "area_km2": 0.102457, "sal2023_est": 708.429385, "walk_typology": "Demand overcrowding", "walk_dist_k1_km": 2.8865558193640051, "exceeds_walk_k1_3km": false, "econ_status": "Non_Wealthy", "Ai_walk": 0.03635, "walk_snap_flag": false, "drive_typology": "Well-served", "walk_dist_k3_km": 7.4305589983020051, "PR_NAME": "KwaZulu-Natal", "MN_NAME": "Ethekwini", "SP_NAME": "Emakhosini" }, "geometry": { "type": "Polygon", "coordinates": [ [ [ 30.998938731923612, -29.738499738362744 ], [ 30.999051922312219, -29.738759473310498 ], [ 30.999111535130833, -29.738935173942732 ], [ 30.999145682134362, -29.739145309784238 ], [ 30.998653308699311, -29.739398022275353 ], [ 30.997643625096, -29.739895050386167 ], [ 30.996515153994537, -29.74044521831917 ], [ 30.996180675774639, -29.740560878593698 ], [ 30.995736789728898, -29.74065153179729 ], [ 30.995136606450192, -29.740754688387227 ], [ 30.994870898936366, -29.740804702853019 ], [ 30.994611445202665, -29.740876600628482 ], [ 30.993773688514406, -29.741129803382336 ], [ 30.993007828220687, -29.741426768795165 ], [ 30.992508177090937, -29.741670318106486 ], [ 30.992507486112626, -29.741669745879591 ], [ 30.992426040271752, -29.741584512812974 ], [ 30.992340805643689, -29.741486020431978 ], [ 30.992229055396297, -29.741385634031623 ], [ 30.992096468849578, -29.741287140795702 ], [ 30.991701128544989, -29.740994103740565 ], [ 30.991922999845993, -29.740779653903637 ], [ 30.992053186509704, -29.740658621774376 ], [ 30.992224054068426, -29.740560984230179 ], [ 30.992558671393521, -29.740407405895073 ], [ 30.992940072620133, -29.740215178909573 ], [ 30.993245194715847, -29.740014814655989 ], [ 30.993395721680638, -29.739915142201266 ], [ 30.993665246521033, -29.739676130146183 ], [ 30.994021221188486, -29.739312018254601 ], [ 30.994203277366477, -29.739127928091182 ], [ 30.994387366722407, -29.739029271800348 ], [ 30.994532809063234, -29.738948923276364 ], [ 30.994745376898912, -29.738854335222822 ], [ 30.994858271917693, -29.738823823128097 ], [ 30.994990492026623, -29.738799413072424 ], [ 30.995088131363115, -29.738798396251287 ], [ 30.995406473995281, -29.73906385178698 ], [ 30.995552527269048, -29.739154452145829 ], [ 30.995358295589877, -29.73948688924202 ], [ 30.995346924047244, -29.739630915091027 ], [ 30.995691830829191, -29.739562692078252 ], [ 30.995968513537687, -29.73947172828926 ], [ 30.996534587989522, -29.739221019212025 ], [ 30.997166007359557, -29.738894468893783 ], [ 30.998722312330575, -29.738147426570336 ], [ 30.998938731923612, -29.738499738362744 ] ] ] } },
{ "type": "Feature", "properties": { "EA_CODE": "59911368", "EA_TYPE": "Township", "White": 0.0, "Black_African": 726.0, "Coloured": 1.0, "Indian_Asian": 9.0, "Other": 0.0, "area_km2": 0.102457, "sal2023_est": 708.429385, "walk_typology": "Demand overcrowding", "walk_dist_k1_km": 2.8865558193640051, "exceeds_walk_k1_3km": false, "econ_status": "Non_Wealthy", "Ai_walk": 0.03635, "walk_snap_flag": false, "drive_typology": "Well-served", "walk_dist_k3_km": 7.4305589983020051, "PR_NAME": "KwaZulu-Natal", "MN_NAME": "Ethekwini", "SP_NAME": "Emakhosini" }, "geometry": { "type": "Polygon", "coordinates": [ [ [ 30.998938731923612, -29.738499738362744 ], [ 30.999051922312219, -29.738759473310498 ], [ 30.999111535130833, -29.738935173942732 ], [ 30.999145682134362, -29.739145309784238 ], [ 30.998653308699311, -29.739398022275353 ], [ 30.997643625096, -29.739895050386167 ], [ 30.996515153994537, -29.74044521831917 ], [ 30.996180675774639, -29.740560878593698 ], [ 30.995736789728898, -29.74065153179729 ], [ 30.995136606450192, -29.740754688387227 ], [ 30.994870898936366, -29.740804702853019 ], [ 30.994611445202665, -29.740876600628482 ], [ 30.993773688514406, -29.741129803382336 ], [ 30.993007828220687, -29.741426768795165 ], [ 30.992508177090937, -29.741670318106486 ], [ 30.992507486112626, -29.741669745879591 ], [ 30.992426040271752, -29.741584512812974 ], [ 30.992340805643689, -29.741486020431978 ], [ 30.992229055396297, -29.741385634031623 ], [ 30.992096468849578, -29.741287140795702 ], [ 30.991701128544989, -29.740994103740565 ], [ 30.991922999845993, -29.740779653903637 ], [ 30.992053186509704, -29.740658621774376 ], [ 30.992224054068426, -29.740560984230179 ], [ 30.992558671393521, -29.740407405895073 ], [ 30.992940072620133, -29.740215178909573 ], [ 30.993245194715847, -29.740014814655989 ], [ 30.993395721680638, -29.739915142201266 ], [ 30.993665246521033, -29.739676130146183 ], [ 30.994021221188486, -29.739312018254601 ], [ 30.994203277366477, -29.739127928091182 ], [ 30.994387366722407, -29.739029271800348 ], [ 30.994532809063234, -29.738948923276364 ], [ 30.994745376898912, -29.738854335222822 ], [ 30.994858271917693, -29.738823823128097 ], [ 30.994990492026623, -29.738799413072424 ], [ 30.995088131363115, -29.738798396251287 ], [ 30.995406473995281, -29.73906385178698 ], [ 30.995552527269048, -29.739154452145829 ], [ 30.995358295589877, -29.73948688924202 ], [ 30.995346924047244, -29.739630915091027 ], [ 30.995691830829191, -29.739562692078252 ], [ 30.995968513537687, -29.73947172828926 ], [ 30.996534587989522, -29.739221019212025 ], [ 30.997166007359557, -29.738894468893783 ], [ 30.998722312330575, -29.738147426570336 ], [ 30.998938731923612, -29.738499738362744 ] ] ] } },
{ "type": "Feature", "properties": { "EA_CODE": "59911375", "EA_TYPE": "Township", "White": 0.0, "Black_African": 750.0, "Coloured": 1.0, "Indian_Asian": 1.0, "Other": 0.0, "area_km2": 0.101093, "sal2023_est": 723.830024, "walk_typology": "Access gap", "walk_dist_k1_km": 3.1852314495702174, "exceeds_walk_k1_3km": true, "econ_status": "Non_Wealthy", "Ai_walk": 0.029529, "walk_snap_flag": false, "drive_typology": "Well-served", "walk_dist_k3_km": 7.4393518574517472, "PR_NAME": "KwaZulu-Natal", "MN_NAME": "Ethekwini", "SP_NAME": "Emakhosini" }, "geometry": { "type": "Polygon", "coordinates": [ [ [ 30.998607950742485, -29.735392658093193 ], [ 30.99859198271745, -29.735482096098703 ], [ 30.998466767078774, -29.735743910598408 ], [ 30.998412870653372, -29.73584881457996 ], [ 30.998774373778296, -29.735999657856162 ], [ 30.998919510610211, -29.73610397508747 ], [ 30.99884240722433, -29.736253646993486 ], [ 30.998787981523492, -29.73636703464231 ], [ 30.998797051828284, -29.736548456442048 ], [ 30.9988378709578, -29.736679986366802 ], [ 30.998937653094437, -29.736847799621632 ], [ 30.999236996676437, -29.737305888060892 ], [ 30.998504396174795, -29.73767395813174 ], [ 30.998772127425237, -29.738102096955949 ], [ 30.998722312330575, -29.738147426570336 ], [ 30.997166007359557, -29.738894468893783 ], [ 30.996534587989522, -29.739221019212025 ], [ 30.995968513537687, -29.73947172828926 ], [ 30.995691830829191, -29.739562692078252 ], [ 30.995346924047244, -29.739630915091027 ], [ 30.995358295589877, -29.73948688924202 ], [ 30.995552527269048, -29.739154452145829 ], [ 30.995555384210508, -29.739149563226167 ], [ 30.995786585368986, -29.738994165738788 ], [ 30.996029156446379, -29.738891831435286 ], [ 30.996090794563877, -29.738844613751628 ], [ 30.995986097327059, -29.7386418688994 ], [ 30.995946213593641, -29.738513907027372 ], [ 30.995966154698745, -29.738410871669391 ], [ 30.996052571629725, -29.738339413026104 ], [ 30.996273596622501, -29.738209789139621 ], [ 30.996250330930074, -29.738161594962083 ], [ 30.995791166215014, -29.737472722381892 ], [ 30.995731642652473, -29.737359085839593 ], [ 30.995847204027179, -29.737246487933845 ], [ 30.996186985006169, -29.736700409801468 ], [ 30.996478226596842, -29.736251414218163 ], [ 30.996799805563704, -29.735693201222034 ], [ 30.997036438607655, -29.735335216907732 ], [ 30.99729127390717, -29.734928693355346 ], [ 30.997428555658146, -29.734826462014318 ], [ 30.99784584594072, -29.735087815602476 ], [ 30.998217372467423, -29.735259289118403 ], [ 30.998607950742485, -29.735392658093193 ] ] ] } },
{ "type": "Feature", "properties": { "EA_CODE": "59911373", "EA_TYPE": "Township", "White": 4.0, "Black_African": 792.0, "Coloured": 2.0, "Indian_Asian": 0.0, "Other": 1.0, "area_km2": 0.101517, "sal2023_est": 769.0694, "walk_typology": "Well-served", "walk_dist_k1_km": 2.8234985220545887, "exceeds_walk_k1_3km": false, "econ_status": "Non_Wealthy", "Ai_walk": 0.062257, "walk_snap_flag": false, "drive_typology": "Well-served", "walk_dist_k3_km": 7.8996691840366857, "PR_NAME": "KwaZulu-Natal", "MN_NAME": "Ethekwini", "SP_NAME": "Emakhosini" }, "geometry": { "type": "Polygon", "coordinates": [ [ [ 30.994938393555632, -29.735735129318442 ], [ 30.994829038488259, -29.735927240267998 ], [ 30.994704904009332, -29.736086840010326 ], [ 30.994625103970861, -29.73621984017435 ], [ 30.994678615530958, -29.736366994695484 ], [ 30.994467670330714, -29.736434864258069 ], [ 30.994153190138274, -29.73653391206312 ], [ 30.993883283399921, -29.736620580005571 ], [ 30.993882161402883, -29.737499680721335 ], [ 30.993892210400219, -29.73760418997983 ], [ 30.993705367373568, -29.737689417042439 ], [ 30.993317046510562, -29.737992792595087 ], [ 30.992910521344374, -29.73836291167845 ], [ 30.992334106621549, -29.738957530163727 ], [ 30.991727354257282, -29.739552147216251 ], [ 30.991287695521521, -29.739961282178797 ], [ 30.991177837637768, -29.739900672141165 ], [ 30.99034254675124, -29.739311610666359 ], [ 30.989825462379976, -29.738923323580689 ], [ 30.990005400218088, -29.738741492205314 ], [ 30.990414522686734, -29.738328582082346 ], [ 30.991236554866308, -29.737493290609049 ], [ 30.991625414558637, -29.737093477927125 ], [ 30.991774474864727, -29.736940217992331 ], [ 30.992073740278769, -29.736625800391103 ], [ 30.992204432092628, -29.736451543928609 ], [ 30.992270724628007, -29.736322747013048 ], [ 30.992297241632162, -29.736188267056907 ], [ 30.992301030081325, -29.736025374597972 ], [ 30.992261255217997, -29.735591629944214 ], [ 30.992411570643561, -29.735581555059813 ], [ 30.992601835856377, -29.735562716720693 ], [ 30.99278268259194, -29.73555894979124 ], [ 30.992940922589003, -29.735653139659199 ], [ 30.99331580065282, -29.735807612706402 ], [ 30.993596487667162, -29.735886733202889 ], [ 30.993737774299849, -29.735896152412309 ], [ 30.993879060370212, -29.735867894833564 ], [ 30.994001508432159, -29.735798194212443 ], [ 30.994114536418905, -29.735720956968859 ], [ 30.994244518643111, -29.735553298453908 ], [ 30.994483763226121, -29.73520667681548 ], [ 30.994559116166656, -29.735123788918319 ], [ 30.994728549153166, -29.735194262831033 ], [ 30.994885193623688, -29.73527997419859 ], [ 30.9949590818429, -29.735359773808455 ], [ 30.99498272686338, -29.735475040864586 ], [ 30.994938393555632, -29.735735129318442 ] ] ] } },
{ "type": "Feature", "properties": { "EA_CODE": "59911385", "EA_TYPE": "Township", "White": 0.0, "Black_African": 849.0, "Coloured": 2.0, "Indian_Asian": 0.0, "Other": 0.0, "area_km2": 0.058541, "sal2023_est": 819.121476, "walk_typology": "Artifact zone", "walk_dist_k1_km": 3.1272344717161622, "exceeds_walk_k1_3km": true, "econ_status": "Non_Wealthy", "Ai_walk": 0.056884, "walk_snap_flag": false, "drive_typology": "Well-served", "walk_dist_k3_km": 7.4981397668268679, "PR_NAME": "KwaZulu-Natal", "MN_NAME": "Ethekwini", "SP_NAME": "Emakhosini" }, "geometry": { "type": "Polygon", "coordinates": [ [ [ 30.995341767678646, -29.733646173279421 ], [ 30.995186425486931, -29.733882357591717 ], [ 30.995054557721392, -29.734068854907431 ], [ 30.994843571545143, -29.734404174311347 ], [ 30.994726775518156, -29.734586903188958 ], [ 30.994672143778878, -29.734754562981998 ], [ 30.994559116166656, -29.735123788918319 ], [ 30.994483763226121, -29.73520667681548 ], [ 30.994244518643111, -29.735553298453908 ], [ 30.994114536418905, -29.735720956968859 ], [ 30.994001508432159, -29.735798194212443 ], [ 30.993879060370212, -29.735867894833564 ], [ 30.993737774299849, -29.735896152412309 ], [ 30.993596487667162, -29.735886733202889 ], [ 30.99331580065282, -29.735807612706402 ], [ 30.992940922589003, -29.735653139659199 ], [ 30.99278268259194, -29.73555894979124 ], [ 30.992601835856377, -29.735562716720693 ], [ 30.992411570643561, -29.735581555059813 ], [ 30.992261255217997, -29.735591629944214 ], [ 30.992241217532232, -29.735354312129378 ], [ 30.992211863442826, -29.73499472442364 ], [ 30.992185286699225, -29.734622527236603 ], [ 30.992171471749231, -29.734452144290309 ], [ 30.992185287353848, -29.734286366436365 ], [ 30.99224054600505, -29.734141310370124 ], [ 30.992376391709708, -29.733973228598856 ], [ 30.992562892641626, -29.733825871313748 ], [ 30.992726368117356, -29.733749889210614 ], [ 30.992912868487267, -29.733657789551266 ], [ 30.993120091611935, -29.733565690835427 ], [ 30.993251332390621, -29.733540364268787 ], [ 30.99346085672347, -29.73350352475299 ], [ 30.993870969294157, -29.73347496012757 ], [ 30.993923655301078, -29.733471290149584 ], [ 30.994347310416941, -29.733443659614984 ], [ 30.994648933840754, -29.733418332969826 ], [ 30.994817014945703, -29.733418333134129 ], [ 30.994987397637111, -29.733468986659712 ], [ 30.995341767678646, -29.733646173279421 ] ] ] } },
{ "type": "Feature", "properties": { "EA_CODE": "59911385", "EA_TYPE": "Township", "White": 0.0, "Black_African": 849.0, "Coloured": 2.0, "Indian_Asian": 0.0, "Other": 0.0, "area_km2": 0.058541, "sal2023_est": 819.121476, "walk_typology": "Artifact zone", "walk_dist_k1_km": 3.1272344717161622, "exceeds_walk_k1_3km": true, "econ_status": "Non_Wealthy", "Ai_walk": 0.056884, "walk_snap_flag": false, "drive_typology": "Well-served", "walk_dist_k3_km": 7.4981397668268679, "PR_NAME": "KwaZulu-Natal", "MN_NAME": "Ethekwini", "SP_NAME": "Emakhosini" }, "geometry": { "type": "Polygon", "coordinates": [ [ [ 30.995341767678646, -29.733646173279421 ], [ 30.995186425486931, -29.733882357591717 ], [ 30.995054557721392, -29.734068854907431 ], [ 30.994843571545143, -29.734404174311347 ], [ 30.994726775518156, -29.734586903188958 ], [ 30.994672143778878, -29.734754562981998 ], [ 30.994559116166656, -29.735123788918319 ], [ 30.994483763226121, -29.73520667681548 ], [ 30.994244518643111, -29.735553298453908 ], [ 30.994114536418905, -29.735720956968859 ], [ 30.994001508432159, -29.735798194212443 ], [ 30.993879060370212, -29.735867894833564 ], [ 30.993737774299849, -29.735896152412309 ], [ 30.993596487667162, -29.735886733202889 ], [ 30.99331580065282, -29.735807612706402 ], [ 30.992940922589003, -29.735653139659199 ], [ 30.99278268259194, -29.73555894979124 ], [ 30.992601835856377, -29.735562716720693 ], [ 30.992411570643561, -29.735581555059813 ], [ 30.992261255217997, -29.735591629944214 ], [ 30.992241217532232, -29.735354312129378 ], [ 30.992211863442826, -29.73499472442364 ], [ 30.992185286699225, -29.734622527236603 ], [ 30.992171471749231, -29.734452144290309 ], [ 30.992185287353848, -29.734286366436365 ], [ 30.99224054600505, -29.734141310370124 ], [ 30.992376391709708, -29.733973228598856 ], [ 30.992562892641626, -29.733825871313748 ], [ 30.992726368117356, -29.733749889210614 ], [ 30.992912868487267, -29.733657789551266 ], [ 30.993120091611935, -29.733565690835427 ], [ 30.993251332390621, -29.733540364268787 ], [ 30.99346085672347, -29.73350352475299 ], [ 30.993870969294157, -29.73347496012757 ], [ 30.993923655301078, -29.733471290149584 ], [ 30.994347310416941, -29.733443659614984 ], [ 30.994648933840754, -29.733418332969826 ], [ 30.994817014945703, -29.733418333134129 ], [ 30.994987397637111, -29.733468986659712 ], [ 30.995341767678646, -29.733646173279421 ] ] ] } },
{ "type": "Feature", "properties": { "EA_CODE": "59911384", "EA_TYPE": "Township", "White": 0.0, "Black_African": 879.0, "Coloured": 1.0, "Indian_Asian": 0.0, "Other": 0.0, "area_km2": 0.079266, "sal2023_est": 847.035134, "walk_typology": "Access gap", "walk_dist_k1_km": 3.4532325123623604, "exceeds_walk_k1_3km": true, "econ_status": "Non_Wealthy", "Ai_walk": 0.036262, "walk_snap_flag": false, "drive_typology": "Well-served", "walk_dist_k3_km": 7.4068233000322588, "PR_NAME": "KwaZulu-Natal", "MN_NAME": "Ethekwini", "SP_NAME": "Emakhosini" }, "geometry": { "type": "Polygon", "coordinates": [ [ [ 30.995947935332683, -29.733944418375561 ], [ 30.996294582298791, -29.73410805280739 ], [ 30.996516241483366, -29.734212687303323 ], [ 30.996528568461937, -29.734219904982695 ], [ 30.996844462617393, -29.734404871428605 ], [ 30.997308655483081, -29.734728560782273 ], [ 30.997428555658146, -29.734826462014318 ], [ 30.99729127390717, -29.734928693355346 ], [ 30.997036438607655, -29.735335216907732 ], [ 30.996799805563704, -29.735693201222034 ], [ 30.996478226596842, -29.736251414218163 ], [ 30.996186985006169, -29.736700409801468 ], [ 30.995847204027179, -29.737246487933845 ], [ 30.995731642652473, -29.737359085839593 ], [ 30.995610570252751, -29.737477053943802 ], [ 30.995337530782137, -29.737561998895519 ], [ 30.995155505863959, -29.737568065833191 ], [ 30.994864264167671, -29.737495255982999 ], [ 30.994390998385647, -29.737440648335049 ], [ 30.99405121596843, -29.737531660802578 ], [ 30.993892210400219, -29.73760418997983 ], [ 30.993882161402883, -29.737499680721335 ], [ 30.993883283399921, -29.736620580005571 ], [ 30.994153190138274, -29.73653391206312 ], [ 30.994467670330714, -29.736434864258069 ], [ 30.994678615530958, -29.736366994695484 ], [ 30.994625103970861, -29.73621984017435 ], [ 30.994704904009332, -29.736086840010326 ], [ 30.994829038488259, -29.735927240267998 ], [ 30.994938393555632, -29.735735129318442 ], [ 30.99498272686338, -29.735475040864586 ], [ 30.9949590818429, -29.735359773808455 ], [ 30.994885193623688, -29.73527997419859 ], [ 30.994728549153166, -29.735194262831033 ], [ 30.994559116166656, -29.735123788918319 ], [ 30.994672143778878, -29.734754562981998 ], [ 30.994726775518156, -29.734586903188958 ], [ 30.994843571545143, -29.734404174311347 ], [ 30.995054557721392, -29.734068854907431 ], [ 30.995186425486931, -29.733882357591717 ], [ 30.995341767678646, -29.733646173279421 ], [ 30.99534197941729, -29.73364627774707 ], [ 30.995774843833065, -29.733862710953847 ], [ 30.995947935332683, -29.733944418375561 ] ] ] } },
{ "type": "Feature", "properties": { "EA_CODE": "59911389", "EA_TYPE": "Township", "White": 1.0, "Black_African": 890.0, "Coloured": 1.0, "Indian_Asian": 0.0, "Other": 1.0, "area_km2": 0.053359, "sal2023_est": 859.548153, "walk_typology": "Artifact zone", "walk_dist_k1_km": 3.1732915895713494, "exceeds_walk_k1_3km": true, "econ_status": "Non_Wealthy", "Ai_walk": 0.056722, "walk_snap_flag": false, "drive_typology": "Well-served", "walk_dist_k3_km": 7.554912318064992, "PR_NAME": "KwaZulu-Natal", "MN_NAME": "Ethekwini", "SP_NAME": "Emakhosini" }, "geometry": { "type": "Polygon", "coordinates": [ [ [ 30.996973741338845, -29.733022807136503 ], [ 30.996974269590112, -29.733023105739228 ], [ 30.996967123298099, -29.733034513359083 ], [ 30.996294582298791, -29.73410805280739 ], [ 30.995947935332683, -29.733944418375561 ], [ 30.996192199234169, -29.733573498164002 ], [ 30.996227631915236, -29.733524397771312 ], [ 30.995553642983793, -29.733174041649981 ], [ 30.995184033957962, -29.73297425360537 ], [ 30.994974255842298, -29.732894338226565 ], [ 30.994764477943594, -29.732887679162445 ], [ 30.994381202777028, -29.732908528882898 ], [ 30.993851135826674, -29.732979146851854 ], [ 30.993586513619533, -29.73297257139744 ], [ 30.993029940625764, -29.733013708042272 ], [ 30.992516926909421, -29.733243597198275 ], [ 30.992247781933322, -29.733387969780374 ], [ 30.992043370371057, -29.732934432146486 ], [ 30.992860736633428, -29.732567337603182 ], [ 30.99258750011461, -29.732115316039327 ], [ 30.992678579537735, -29.732074836271106 ], [ 30.992918082679033, -29.732044477047179 ], [ 30.992855882600232, -29.731623998700741 ], [ 30.993795278842779, -29.731650993555263 ], [ 30.994641244772051, -29.731645035584542 ], [ 30.9947067778673, -29.732085892047291 ], [ 30.995201457178489, -29.732027580042651 ], [ 30.995468979470669, -29.732169529844874 ], [ 30.996148996418047, -29.732555134064313 ], [ 30.996556257608798, -29.732747009562768 ], [ 30.996986904094609, -29.73299952490369 ], [ 30.996973741338845, -29.733022807136503 ] ] ] } },
{ "type": "Feature", "properties": { "EA_CODE": "59911388", "EA_TYPE": "Township", "White": 9.0, "Black_African": 888.0, "Coloured": 6.0, "Indian_Asian": 3.0, "Other": 1.0, "area_km2": 0.058469, "sal2023_est": 873.023712, "walk_typology": "Well-served", "walk_dist_k1_km": 2.859245005582995, "exceeds_walk_k1_3km": false, "econ_status": "Non_Wealthy", "Ai_walk": 0.076206, "walk_snap_flag": false, "drive_typology": "Well-served", "walk_dist_k3_km": 7.8147596417037466, "PR_NAME": "KwaZulu-Natal", "MN_NAME": "Ethekwini", "SP_NAME": "Emakhosini" }, "geometry": { "type": "Polygon", "coordinates": [ [ [ 30.992855882600232, -29.731623998700741 ], [ 30.992918082679033, -29.732044477047179 ], [ 30.992678579537735, -29.732074836271106 ], [ 30.99258750011461, -29.732115316039327 ], [ 30.992860736633428, -29.732567337603182 ], [ 30.992043370371057, -29.732934432146486 ], [ 30.992247781933322, -29.733387969780374 ], [ 30.991536852621259, -29.733712358601 ], [ 30.990326074492398, -29.734254229245551 ], [ 30.990348887221447, -29.734316965922957 ], [ 30.990593835688145, -29.73451338267288 ], [ 30.990952664335552, -29.734777068308357 ], [ 30.991080428830355, -29.734885804429318 ], [ 30.991091303272754, -29.734967356319785 ], [ 30.991028778866557, -29.735057063281225 ], [ 30.990781797735476, -29.735313845442654 ], [ 30.990537637997988, -29.735131367739427 ], [ 30.989971307596811, -29.734703303585686 ], [ 30.989849061718029, -29.734622393808859 ], [ 30.989708028978455, -29.734529048711707 ], [ 30.98970613475829, -29.73440025102563 ], [ 30.989717500254365, -29.734157808220942 ], [ 30.989740228910247, -29.734061209846864 ], [ 30.989781897753158, -29.733985447396218 ], [ 30.989677724470614, -29.733939989236497 ], [ 30.989456116264794, -29.733913470951173 ], [ 30.98945611581582, -29.733934306351376 ], [ 30.9892439779616, -29.73392294243482 ], [ 30.98911896899034, -29.733943777394668 ], [ 30.988895467099677, -29.733932411627581 ], [ 30.98885055906177, -29.733925226587715 ], [ 30.988823620210393, -29.733455517636564 ], [ 30.990757313097138, -29.732567053552525 ], [ 30.991080049952757, -29.732453946019419 ], [ 30.991338175936637, -29.732351490163676 ], [ 30.992474742487175, -29.73179930580606 ], [ 30.992787562985189, -29.731622036401152 ], [ 30.992855882600232, -29.731623998700741 ] ] ] } },
{ "type": "Feature", "properties": { "EA_CODE": "59911374", "EA_TYPE": "Township", "White": 0.0, "Black_African": 970.0, "Coloured": 1.0, "Indian_Asian": 0.0, "Other": 0.0, "area_km2": 0.053455, "sal2023_est": 934.626267, "walk_typology": "Access gap", "walk_dist_k1_km": 3.3583461674985995, "exceeds_walk_k1_3km": true, "econ_status": "Non_Wealthy", "Ai_walk": 0.04299, "walk_snap_flag": false, "drive_typology": "Well-served", "walk_dist_k3_km": 7.022611322978352, "PR_NAME": "KwaZulu-Natal", "MN_NAME": "Ethekwini", "SP_NAME": "Emakhosini" }, "geometry": { "type": "Polygon", "coordinates": [ [ [ 31.001122119644236, -29.738153600400363 ], [ 31.001113309281557, -29.738158712058276 ], [ 31.00109468309482, -29.738169520162117 ], [ 30.99995058262293, -29.738732193038135 ], [ 30.999153693736993, -29.739141197708555 ], [ 30.999145682134362, -29.739145309784238 ], [ 30.999111535130833, -29.738935173942732 ], [ 30.999051922312219, -29.738759473310498 ], [ 30.998938731923612, -29.738499738362744 ], [ 30.998722312330575, -29.738147426570336 ], [ 30.998772127425237, -29.738102096955949 ], [ 30.998504396174795, -29.73767395813174 ], [ 30.999236996676437, -29.737305888060892 ], [ 30.998937653094437, -29.736847799621632 ], [ 30.9988378709578, -29.736679986366802 ], [ 30.998797051828284, -29.736548456442048 ], [ 30.998787981523492, -29.73636703464231 ], [ 30.99884240722433, -29.736253646993486 ], [ 30.998919510610211, -29.73610397508747 ], [ 30.998774373778296, -29.735999657856162 ], [ 30.998412870653372, -29.73584881457996 ], [ 30.998466767078774, -29.735743910598408 ], [ 30.99859198271745, -29.735482096098703 ], [ 30.998607950742485, -29.735392658093193 ], [ 30.999029249991352, -29.735544691112406 ], [ 30.999286172895978, -29.735673152012758 ], [ 30.999506391665488, -29.735826082380818 ], [ 30.999689908192341, -29.73598512857415 ], [ 30.999916244316502, -29.736260403013073 ], [ 31.00062583988386, -29.737373734092468 ], [ 31.001122119644236, -29.738153600400363 ] ] ] } },
{ "type": "Feature", "properties": { "EA_CODE": "59911378", "EA_TYPE": "Township", "White": 0.0, "Black_African": 970.0, "Coloured": 1.0, "Indian_Asian": 0.0, "Other": 0.0, "area_km2": 0.159913, "sal2023_est": 934.626267, "walk_typology": "Artifact zone", "walk_dist_k1_km": 3.8803691675541558, "exceeds_walk_k1_3km": true, "econ_status": "Non_Wealthy", "Ai_walk": 0.050998, "walk_snap_flag": false, "drive_typology": "Well-served", "walk_dist_k3_km": 6.8112791915338713, "PR_NAME": "KwaZulu-Natal", "MN_NAME": "Ethekwini", "SP_NAME": "Emakhosini" }, "geometry": { "type": "Polygon", "coordinates": [ [ [ 31.00321665830031, -29.734437438694144 ], [ 31.00318907546492, -29.734471512365218 ], [ 31.002973384343584, -29.734899768410372 ], [ 31.002955522606008, -29.734989793171962 ], [ 31.002817085824976, -29.735687509402226 ], [ 31.002663914139589, -29.73642523582032 ], [ 31.002523246486671, -29.73679722491099 ], [ 31.002313807068941, -29.737169213860984 ], [ 31.002129374861589, -29.737397409119897 ], [ 31.001891802608384, -29.73763498159343 ], [ 31.001601088138194, -29.737875680068722 ], [ 31.001289610821722, -29.738056412846898 ], [ 31.001122119644236, -29.738153600400363 ], [ 31.00062583988386, -29.737373734092468 ], [ 30.999916244316502, -29.736260403013073 ], [ 30.999689908192341, -29.73598512857415 ], [ 30.999506391665488, -29.735826082380818 ], [ 30.999286172895978, -29.735673152012758 ], [ 30.999029249991352, -29.735544691112406 ], [ 30.998607950742485, -29.735392658093193 ], [ 30.998217372467423, -29.735259289118403 ], [ 30.99784584594072, -29.735087815602476 ], [ 30.997428555658146, -29.734826462014318 ], [ 30.997576448362043, -29.734716329891246 ], [ 30.997643191453971, -29.734625317174842 ], [ 30.997740270971917, -29.734461493934127 ], [ 30.997831284268518, -29.734382615837031 ], [ 30.997891959192895, -29.734273400357971 ], [ 30.997910162467797, -29.734115645388062 ], [ 30.997922296813055, -29.733866875631325 ], [ 30.997898027306729, -29.733672714611661 ], [ 30.99787375692814, -29.733533161594146 ], [ 30.998183201605016, -29.733654513420756 ], [ 30.998371294322126, -29.733624175324838 ], [ 30.99865646785782, -29.73347248681333 ], [ 30.998941640903031, -29.733387541805438 ], [ 30.999069059417192, -29.733326866041107 ], [ 30.99932389545549, -29.733284394339588 ], [ 30.999584798867694, -29.73328439423949 ], [ 30.999906377694877, -29.733272258916173 ], [ 31.000076268613785, -29.733326865895481 ], [ 31.000598075704954, -29.733551365404626 ], [ 31.001229098391686, -29.733885078750973 ], [ 31.001617419947507, -29.73403676721497 ], [ 31.001908661255676, -29.734036766703717 ], [ 31.002296983039251, -29.734176319677623 ], [ 31.002673168984266, -29.734067105199145 ], [ 31.002849127467464, -29.734067105196907 ], [ 31.00321665830031, -29.734437438694144 ] ] ] } },
{ "type": "Feature", "properties": { "EA_CODE": "59914501", "EA_TYPE": "Informal residential", "White": 0.0, "Black_African": 246.0, "Coloured": 0.0, "Indian_Asian": 0.0, "Other": 0.0, "area_km2": 0.014469, "sal2023_est": 236.784822, "walk_typology": "Access gap", "walk_dist_k1_km": 3.2972844003404269, "exceeds_walk_k1_3km": true, "econ_status": "Non_Wealthy", "Ai_walk": 0.021428, "walk_snap_flag": false, "drive_typology": "Well-served", "walk_dist_k3_km": 7.1487247410530728, "PR_NAME": "KwaZulu-Natal", "MN_NAME": "Ethekwini", "SP_NAME": "KwaMashu A" }, "geometry": { "type": "Polygon", "coordinates": [ [ [ 30.998230939751664, -29.743396409951693 ], [ 30.998355086047258, -29.743409732262712 ], [ 30.998378682976387, -29.743412992315179 ], [ 30.998428427562207, -29.743839865687875 ], [ 30.9986320316169, -29.743830611178034 ], [ 30.998851594287835, -29.743885481093603 ], [ 30.998809137326891, -29.744002883757485 ], [ 30.998681373085876, -29.744322024093641 ], [ 30.998643098167637, -29.744400731276645 ], [ 30.998566007828295, -29.744514478706844 ], [ 30.998501318411595, -29.744613671286846 ], [ 30.998409673420145, -29.744691300315118 ], [ 30.99828514315093, -29.744773779669256 ], [ 30.998176786459325, -29.744834697155301 ], [ 30.998025286151499, -29.744914412195413 ], [ 30.997776448429409, -29.744598956265044 ], [ 30.997745818904157, -29.744560127070518 ], [ 30.997582230350559, -29.744343242433086 ], [ 30.997454912457101, -29.744205560870054 ], [ 30.997360903836885, -29.744124136593065 ], [ 30.99724612981548, -29.744028826556359 ], [ 30.997355903109558, -29.744022939163518 ], [ 30.99764975285925, -29.744005506898151 ], [ 30.997641657336487, -29.743917802965811 ], [ 30.997631008930142, -29.743582383996049 ], [ 30.997619600253287, -29.743394519544502 ], [ 30.99802195021703, -29.743373983912218 ], [ 30.998230939751664, -29.743396409951693 ] ] ] } },
{ "type": "Feature", "properties": { "EA_CODE": "59914498", "EA_TYPE": "Informal residential", "White": 0.0, "Black_African": 296.0, "Coloured": 0.0, "Indian_Asian": 0.0, "Other": 2.0, "area_km2": 0.006425, "sal2023_est": 329.441004, "walk_typology": "Access gap", "walk_dist_k1_km": 3.6382574009580848, "exceeds_walk_k1_3km": true, "econ_status": "Non_Wealthy", "Ai_walk": 0.016961, "walk_snap_flag": false, "drive_typology": "Well-served", "walk_dist_k3_km": 6.535412297334771, "PR_NAME": "KwaZulu-Natal", "MN_NAME": "Ethekwini", "SP_NAME": "KwaMashu A" }, "geometry": { "type": "Polygon", "coordinates": [ [ [ 31.001037566390441, -29.746557878048268 ], [ 31.000979992325945, -29.746656346098383 ], [ 31.000885024772945, -29.746612964586692 ], [ 31.000736865054026, -29.746539305960173 ], [ 31.000838639305975, -29.746328295391844 ], [ 31.000943046757676, -29.74611182112843 ], [ 31.001141741153887, -29.745681578379546 ], [ 31.001226224901956, -29.74548131911439 ], [ 31.001367032006598, -29.745209092036056 ], [ 31.001461075226306, -29.745063076147794 ], [ 31.001656857326008, -29.744701632636737 ], [ 31.001651718735932, -29.744562462320811 ], [ 31.00172477909037, -29.744561057058021 ], [ 31.001765545269269, -29.744546423399701 ], [ 31.001921877346085, -29.744490302744438 ], [ 31.00195392037006, -29.744443307206105 ], [ 31.001960916071994, -29.744433045909179 ], [ 31.001991508146379, -29.744490267646153 ], [ 31.002006213963558, -29.744532915874188 ], [ 31.002010626169152, -29.744578506106514 ], [ 31.002010626328119, -29.744613800211912 ], [ 31.002007685201999, -29.744647624940114 ], [ 31.001963566606772, -29.744663800612912 ], [ 31.001859152300362, -29.744810862850894 ], [ 31.001817975014369, -29.7448961594182 ], [ 31.001751796781644, -29.745034398160922 ], [ 31.001710620027634, -29.7451167517094 ], [ 31.001665030799071, -29.745194695081636 ], [ 31.001604735302546, -29.745294696966379 ], [ 31.001532675383675, -29.745412347068847 ], [ 31.001484144160759, -29.745502054971087 ], [ 31.001440025723351, -29.745594703788612 ], [ 31.001412083854667, -29.745659411371619 ], [ 31.001391495253191, -29.745724117979808 ], [ 31.001367965423238, -29.745794707685807 ], [ 31.001334140852169, -29.745887356585037 ], [ 31.001279728222215, -29.745999124269311 ], [ 31.001220902971156, -29.74613001027598 ], [ 31.001184138309274, -29.746215304662968 ], [ 31.001137078355455, -29.746340308011188 ], [ 31.001091489199691, -29.74645354626406 ], [ 31.001037566390441, -29.746557878048268 ] ] ] } },
{ "type": "Feature", "properties": { "EA_CODE": "59914587", "EA_TYPE": "Informal residential", "White": 0.0, "Black_African": 352.0, "Coloured": 1.0, "Indian_Asian": 0.0, "Other": 0.0, "area_km2": 0.00815, "sal2023_est": 439.585814, "walk_typology": "Demand overcrowding", "walk_dist_k1_km": 2.7874800358413618, "exceeds_walk_k1_3km": false, "econ_status": "Non_Wealthy", "Ai_walk": 0.0261, "walk_snap_flag": false, "drive_typology": "Well-served", "walk_dist_k3_km": 7.6709139059435891, "PR_NAME": "KwaZulu-Natal", "MN_NAME": "Ethekwini", "SP_NAME": "KwaMashu A" }, "geometry": { "type": "Polygon", "coordinates": [ [ [ 30.995283006115905, -29.746190164086158 ], [ 30.995249914619645, -29.746239072900266 ], [ 30.995246816399543, -29.746244107030986 ], [ 30.99511276719441, -29.746309496596183 ], [ 30.994904233109636, -29.746379718078249 ], [ 30.994804221267266, -29.746375461803211 ], [ 30.994546745060624, -29.746388228865317 ], [ 30.994356628788896, -29.746397657296374 ], [ 30.994114781630685, -29.746537182914306 ], [ 30.993930613008519, -29.746713637102658 ], [ 30.993720440112831, -29.746997227840321 ], [ 30.993556332576969, -29.747162775125595 ], [ 30.993430544555832, -29.747175602917963 ], [ 30.993424276053897, -29.747061142737373 ], [ 30.993491850059641, -29.746523622212514 ], [ 30.993533518754621, -29.746063173619621 ], [ 30.993535099281246, -29.74604571666142 ], [ 30.993680996771026, -29.746111754420017 ], [ 30.993769309689696, -29.746139643261955 ], [ 30.99390131558674, -29.746170319664493 ], [ 30.993989627615594, -29.746133136235844 ], [ 30.994104610061285, -29.746111025998328 ], [ 30.994246624478986, -29.746115904955428 ], [ 30.994531195735359, -29.746128371766623 ], [ 30.994723077603744, -29.746143548664222 ], [ 30.994780533650914, -29.746151679634782 ], [ 30.994916044517403, -29.746167398854759 ], [ 30.995283006115905, -29.746190164086158 ] ] ] } },
{ "type": "Feature", "properties": { "EA_CODE": "59911326", "EA_TYPE": "Informal residential", "White": 0.0, "Black_African": 398.0, "Coloured": 0.0, "Indian_Asian": 0.0, "Other": 0.0, "area_km2": 0.009963, "sal2023_est": 439.991677, "walk_typology": "Access gap", "walk_dist_k1_km": 3.0745939762748531, "exceeds_walk_k1_3km": true, "econ_status": "Non_Wealthy", "Ai_walk": 0.020021, "walk_snap_flag": false, "drive_typology": "Well-served", "walk_dist_k3_km": 7.0990757220180027, "PR_NAME": "KwaZulu-Natal", "MN_NAME": "Ethekwini", "SP_NAME": "KwaMashu A" }, "geometry": { "type": "Polygon", "coordinates": [ [ [ 30.999161834027984, -29.748723152077226 ], [ 30.998922482504188, -29.748870080585991 ], [ 30.998789772398844, -29.748993312400703 ], [ 30.998545678713757, -29.749192377753456 ], [ 30.998476953859353, -29.749275320973712 ], [ 30.998396380062456, -29.749422250738931 ], [ 30.998347533654979, -29.74951560072622 ], [ 30.99828973779632, -29.749626055613771 ], [ 30.998119110815765, -29.749834601092985 ], [ 30.998040905800572, -29.749931762674475 ], [ 30.997871464452146, -29.749828676154962 ], [ 30.997748233071729, -29.749939267788292 ], [ 30.99782386405824, -29.750089819549398 ], [ 30.997765316123481, -29.750121047341533 ], [ 30.99748344308863, -29.750338694968711 ], [ 30.997429923517046, -29.750238790928922 ], [ 30.997401378780911, -29.750121047398128 ], [ 30.99737640343039, -29.750049686913151 ], [ 30.997243997361842, -29.749918423252087 ], [ 30.997307217127961, -29.749864234241514 ], [ 30.997467408336654, -29.74971610910325 ], [ 30.997867908662972, -29.749315609196646 ], [ 30.998296847761065, -29.748948285210798 ], [ 30.998607294922429, -29.748723151611674 ], [ 30.998876962856698, -29.748518697965515 ], [ 30.999161834027984, -29.748723152077226 ] ] ] } },
{ "type": "Feature", "properties": { "EA_CODE": "59911346", "EA_TYPE": "Informal residential", "White": 0.0, "Black_African": 399.0, "Coloured": 0.0, "Indian_Asian": 0.0, "Other": 2.0, "area_km2": 0.03279, "sal2023_est": 443.308197, "walk_typology": "Access gap", "walk_dist_k1_km": 3.9004418801657299, "exceeds_walk_k1_3km": true, "econ_status": "Non_Wealthy", "Ai_walk": 0.018225, "walk_snap_flag": false, "drive_typology": "Well-served", "walk_dist_k3_km": 6.4951251745581136, "PR_NAME": "KwaZulu-Natal", "MN_NAME": "Ethekwini", "SP_NAME": "KwaMashu A" }, "geometry": { "type": "Polygon", "coordinates": [ [ [ 31.001761016610889, -29.742495157977089 ], [ 31.001872873083851, -29.742570454401456 ], [ 31.002267124938474, -29.742742592360081 ], [ 31.002293779767445, -29.742754230172856 ], [ 31.002701347824924, -29.742895025587355 ], [ 31.002578873177455, -29.743166205295278 ], [ 31.002348923637019, -29.743605887340891 ], [ 31.002215271085809, -29.743900117282962 ], [ 31.001997684710918, -29.744379119891835 ], [ 31.001960916071994, -29.744433045909179 ], [ 31.00195392037006, -29.744443307206105 ], [ 31.001921877346085, -29.744490302744438 ], [ 31.001765545269269, -29.744546423399701 ], [ 31.00172477909037, -29.744561057058021 ], [ 31.001651718735932, -29.744562462320811 ], [ 31.001461980722038, -29.744566109725298 ], [ 31.001204235955392, -29.744515571729295 ], [ 31.001058762572839, -29.744445075958701 ], [ 31.000688847350659, -29.744302226977997 ], [ 31.000533426008502, -29.744392696062054 ], [ 31.000283805620981, -29.744361222108516 ], [ 31.000223026830309, -29.744248350042074 ], [ 31.00021108875773, -29.744194083798757 ], [ 31.000211088756195, -29.744073615332145 ], [ 31.000220346711316, -29.74392438859077 ], [ 31.00022953907904, -29.743776240073625 ], [ 31.000255586754683, -29.743486461407343 ], [ 31.000257156707271, -29.743454712593909 ], [ 31.000350285261142, -29.743468370001533 ], [ 31.000379783641648, -29.743461562047251 ], [ 31.000471306629311, -29.74350240740964 ], [ 31.000500806375225, -29.743543252253041 ], [ 31.000540137826352, -29.743555353875823 ], [ 31.000574174885347, -29.743581826837744 ], [ 31.000545433067796, -29.743643850745165 ], [ 31.000609725524427, -29.743681669851668 ], [ 31.000621070861008, -29.743694528720134 ], [ 31.00071183761553, -29.743726296536849 ], [ 31.00074587463213, -29.743758065012006 ], [ 31.000855550114409, -29.743804961154233 ], [ 31.001012976381027, -29.743299233709703 ], [ 31.001181624717599, -29.742757453941422 ], [ 31.001197646579726, -29.742646613732088 ], [ 31.001346458260468, -29.74256593302561 ], [ 31.001532921605946, -29.742553383197148 ], [ 31.001683525096016, -29.742589241239731 ], [ 31.001760971391015, -29.742495137713764 ], [ 31.001761016610889, -29.742495157977089 ] ] ] } },
{ "type": "Feature", "properties": { "EA_CODE": "59914718", "EA_TYPE": "Township", "White": 0.0, "Black_African": 425.0, "Coloured": 0.0, "Indian_Asian": 0.0, "Other": 0.0, "area_km2": 0.008224, "sal2023_est": 469.840358, "walk_typology": "Access gap", "walk_dist_k1_km": 3.979421887081585, "exceeds_walk_k1_3km": true, "econ_status": "Non_Wealthy", "Ai_walk": 0.01916, "walk_snap_flag": false, "drive_typology": "Well-served", "walk_dist_k3_km": 6.402776607992279, "PR_NAME": "KwaZulu-Natal", "MN_NAME": "Ethekwini", "SP_NAME": "KwaMashu A" }, "geometry": { "type": "Polygon", "coordinates": [ [ [ 31.003029561087494, -29.741837091752981 ], [ 31.002982812560379, -29.741890874156383 ], [ 31.002660090944122, -29.742262146212557 ], [ 31.002267124938474, -29.742742592360081 ], [ 31.001872873083851, -29.742570454401456 ], [ 31.001761016610889, -29.742495157977089 ], [ 31.001870742755045, -29.742360886857757 ], [ 31.002043995418845, -29.742150096643485 ], [ 31.00216960327035, -29.742012939405623 ], [ 31.002348629996074, -29.741800705731382 ], [ 31.002500225361526, -29.741630341383466 ], [ 31.002725452636216, -29.741369018862457 ], [ 31.00278432789117, -29.741313415265893 ], [ 31.002811774964794, -29.741354584964551 ], [ 31.003003966786682, -29.741647645380116 ], [ 31.003029561087494, -29.741837091752981 ] ] ] } },
{ "type": "Feature", "properties": { "EA_CODE": "59913798", "EA_TYPE": "Township", "White": 0.0, "Black_African": 430.0, "Coloured": 0.0, "Indian_Asian": 0.0, "Other": 0.0, "area_km2": 0.011735, "sal2023_est": 475.367892, "walk_typology": "Access gap", "walk_dist_k1_km": 4.1003699007621996, "exceeds_walk_k1_3km": true, "econ_status": "Non_Wealthy", "Ai_walk": 0.02017, "walk_snap_flag": false, "drive_typology": "Well-served", "walk_dist_k3_km": 6.7286537183994808, "PR_NAME": "KwaZulu-Natal", "MN_NAME": "Ethekwini", "SP_NAME": "KwaMashu A" }, "geometry": { "type": "Polygon", "coordinates": [ [ [ 31.004456490000013, -29.739927681695079 ], [ 31.004566560363191, -29.739927681752949 ], [ 31.004954254239792, -29.739961791061802 ], [ 31.004990549465678, -29.739964507332623 ], [ 31.005268176353272, -29.739985281026399 ], [ 31.005462509550405, -29.740002366005367 ], [ 31.005639757684357, -29.740057889275072 ], [ 31.005708093855663, -29.740081380445901 ], [ 31.005688474350759, -29.740130825880705 ], [ 31.005685701514174, -29.740137815337636 ], [ 31.005617528874129, -29.740145029776532 ], [ 31.005469041204833, -29.740326435883258 ], [ 31.005382891345878, -29.740423092806893 ], [ 31.005275728135349, -29.740335541789815 ], [ 31.005256172254018, -29.740322599614544 ], [ 31.005259889809334, -29.740325721040378 ], [ 31.005223945628909, -29.740360866181447 ], [ 31.005174423294761, -29.740418376674725 ], [ 31.005184008565941, -29.740479082744521 ], [ 31.005162441089219, -29.740516625084233 ], [ 31.00510812548691, -29.740529405235637 ], [ 31.005028249301247, -29.740539789124739 ], [ 31.005009078632686, -29.740582122586936 ], [ 31.004958757443632, -29.740626054647311 ], [ 31.004935593167644, -29.740666792040937 ], [ 31.004914025759774, -29.740703534830068 ], [ 31.004903761879149, -29.74071572419296 ], [ 31.004901245952201, -29.740718711878348 ], [ 31.004852521427953, -29.740726699335266 ], [ 31.004850124965582, -29.740749064664573 ], [ 31.00477590997464, -29.740764127094788 ], [ 31.004668164060387, -29.740759672552404 ], [ 31.004388544345058, -29.74072588643709 ], [ 31.004327678693727, -29.740713401067591 ], [ 31.004168494133886, -29.740643171713547 ], [ 31.004004625765635, -29.740572942573714 ], [ 31.003801661456489, -29.740497929931582 ], [ 31.003855075665811, -29.740454988008182 ], [ 31.003890979238736, -29.740211475421262 ], [ 31.003911904547042, -29.73989590862934 ], [ 31.004168537141613, -29.739927682109311 ], [ 31.004456490000013, -29.739927681695079 ] ] ] } },
{ "type": "Feature", "properties": { "EA_CODE": "59911340", "EA_TYPE": "Informal residential", "White": 0.0, "Black_African": 465.0, "Coloured": 1.0, "Indian_Asian": 0.0, "Other": 0.0, "area_km2": 0.011806, "sal2023_est": 448.543605, "walk_typology": "Access gap", "walk_dist_k1_km": 3.2237933931775604, "exceeds_walk_k1_3km": true, "econ_status": "Non_Wealthy", "Ai_walk": 0.021965, "walk_snap_flag": false, "drive_typology": "Well-served", "walk_dist_k3_km": 7.4670465490083808, "PR_NAME": "KwaZulu-Natal", "MN_NAME": "Ethekwini", "SP_NAME": "KwaMashu A" }, "geometry": { "type": "Polygon", "coordinates": [ [ [ 30.994242525431194, -29.74275275322228 ], [ 30.994020245394513, -29.742861814121515 ], [ 30.993920114318083, -29.742926077777639 ], [ 30.993612611708031, -29.743074414610504 ], [ 30.993071241366117, -29.743335569430958 ], [ 30.992719994535104, -29.743507609369559 ], [ 30.992720891565103, -29.743504289531398 ], [ 30.99258736706248, -29.743397839155676 ], [ 30.9925618320183, -29.743266131794371 ], [ 30.992504042617018, -29.743095450953234 ], [ 30.992481195656573, -29.743002719005442 ], [ 30.992474476304569, -29.742967775550412 ], [ 30.992409966365049, -29.742883107028302 ], [ 30.992373623235451, -29.742831986620427 ], [ 30.992446534199114, -29.742798225351869 ], [ 30.992807085675903, -29.74262048779952 ], [ 30.993406313374699, -29.742325107161331 ], [ 30.993477609042923, -29.742289754580764 ], [ 30.993541479803806, -29.742412439400031 ], [ 30.993688096996774, -29.742580963886873 ], [ 30.993868419613054, -29.742498386957433 ], [ 30.993993128617781, -29.742611297671033 ], [ 30.994111096180458, -29.742631520710429 ], [ 30.994242525431194, -29.74275275322228 ] ] ] } },
{ "type": "Feature", "properties": { "EA_CODE": "59913790", "EA_TYPE": "Informal residential", "White": 0.0, "Black_African": 470.0, "Coloured": 2.0, "Indian_Asian": 0.0, "Other": 0.0, "area_km2": 0.028712, "sal2023_est": 521.799174, "walk_typology": "Access gap", "walk_dist_k1_km": 4.3214910833880458, "exceeds_walk_k1_3km": true, "econ_status": "Non_Wealthy", "Ai_walk": 0.015168, "walk_snap_flag": false, "drive_typology": "Well-served", "walk_dist_k3_km": 6.3967525479754039, "PR_NAME": "KwaZulu-Natal", "MN_NAME": "Ethekwini", "SP_NAME": "KwaMashu A" }, "geometry": { "type": "Polygon", "coordinates": [ [ [ 31.000096098453763, -29.748402673359148 ], [ 31.000173189480243, -29.748359895428912 ], [ 31.000203646865881, -29.748329943593053 ], [ 31.000241211858782, -29.748310146823744 ], [ 31.000272177539038, -29.748311161555634 ], [ 31.000292990271095, -29.748327914308788 ], [ 31.000381825619755, -29.748286796111646 ], [ 31.00040802026027, -29.748274670857793 ], [ 31.000440710766259, -29.748246692959686 ], [ 31.000530562493879, -29.748229941336003 ], [ 31.000624982638232, -29.748227910429744 ], [ 31.000725091475225, -29.748225756757886 ], [ 31.000993364916351, -29.748177384162112 ], [ 31.001127279993842, -29.748153237728314 ], [ 31.001116992381121, -29.747977220217432 ], [ 31.001133830429421, -29.747915879364516 ], [ 31.001150669147922, -29.747891823740954 ], [ 31.001145857644481, -29.747802820172637 ], [ 31.001263729572312, -29.747769141673853 ], [ 31.001285377893055, -29.747749897911639 ], [ 31.00130582563661, -29.747626014192733 ], [ 31.00132122903425, -29.747532684724533 ], [ 31.00130342001377, -29.747496114635094 ], [ 31.001309434176225, -29.747432368636954 ], [ 31.001327474677844, -29.747395083218283 ], [ 31.001304622895752, -29.747363810890793 ], [ 31.001415993471415, -29.747245017057402 ], [ 31.001529519504928, -29.747286242388984 ], [ 31.001700743043092, -29.747381657274875 ], [ 31.001797465487943, -29.747418907921638 ], [ 31.001892226914066, -29.747430671222634 ], [ 31.002249707531075, -29.747448316301906 ], [ 31.002503275285321, -29.747440473880438 ], [ 31.002667963723439, -29.747438513799267 ], [ 31.003086222230714, -29.74743785971571 ], [ 31.003275092469014, -29.747468576350439 ], [ 31.003544120205959, -29.747381913605906 ], [ 31.003545775903746, -29.747530921290547 ], [ 31.003553356782014, -29.747644635618965 ], [ 31.003520178981031, -29.747655694943649 ], [ 31.002807341323425, -29.747937198245268 ], [ 31.001862945639452, -29.748513825103629 ], [ 31.000991194826351, -29.749113153328025 ], [ 31.000855759358728, -29.749206030296854 ], [ 31.000346988973334, -29.748743793074297 ], [ 31.000259360130045, -29.748642418240738 ], [ 31.000207813300609, -29.748599463000172 ], [ 31.000170011628772, -29.748565098054325 ], [ 31.000147675546234, -29.748510114627933 ], [ 31.000099565577795, -29.748408740076162 ], [ 31.000096098453763, -29.748402673359148 ] ] ] } },
{ "type": "Feature", "properties": { "EA_CODE": "59913797", "EA_TYPE": "Township", "White": 1.0, "Black_African": 471.0, "Coloured": 0.0, "Indian_Asian": 0.0, "Other": 0.0, "area_km2": 0.029105, "sal2023_est": 521.799174, "walk_typology": "Access gap", "walk_dist_k1_km": 3.6995426698529572, "exceeds_walk_k1_3km": true, "econ_status": "Non_Wealthy", "Ai_walk": 0.031795, "walk_snap_flag": false, "drive_typology": "Well-served", "walk_dist_k3_km": 6.4972672291854714, "PR_NAME": "KwaZulu-Natal", "MN_NAME": "Ethekwini", "SP_NAME": "KwaMashu A" }, "geometry": { "type": "Polygon", "coordinates": [ [ [ 31.00298743939339, -29.739592208918403 ], [ 31.003035900169412, -29.739700206029429 ], [ 31.003371954828729, -29.739628864724512 ], [ 31.003943850578224, -29.739526741361537 ], [ 31.003946988729158, -29.739584535014846 ], [ 31.003911904547042, -29.73989590862934 ], [ 31.003890979238736, -29.740211475421262 ], [ 31.003855075665811, -29.740454988008182 ], [ 31.003801661456489, -29.740497929931582 ], [ 31.003775466264273, -29.740518989221691 ], [ 31.003521026281167, -29.740597038386383 ], [ 31.003161678641153, -29.740676223038435 ], [ 31.002711590797446, -29.740793128870649 ], [ 31.002539928910334, -29.740880465672436 ], [ 31.002455096872417, -29.740758764222821 ], [ 31.002400454583849, -29.74066438007916 ], [ 31.002332151316324, -29.740545158680963 ], [ 31.002232800123728, -29.740386196969983 ], [ 31.002199268765189, -29.740306715617198 ], [ 31.002149593348541, -29.74023096097423 ], [ 31.002108611497484, -29.740176318122625 ], [ 31.002026646144444, -29.740031017202167 ], [ 31.00190829003482, -29.739765273779724 ], [ 31.001854851723152, -29.739624257339948 ], [ 31.001848191039027, -29.739606678603497 ], [ 31.001766388630237, -29.739409686943564 ], [ 31.001689596565921, -29.739259439164378 ], [ 31.00163116584767, -29.739140909793338 ], [ 31.001697531994573, -29.739104868584818 ], [ 31.001730339486606, -29.739087052688067 ], [ 31.002324669428965, -29.738764298843389 ], [ 31.002502823895878, -29.738682291265281 ], [ 31.002801061320412, -29.739232498609748 ], [ 31.002918479211793, -29.739430060064418 ], [ 31.00298743939339, -29.739592208918403 ] ] ] } },
{ "type": "Feature", "properties": { "EA_CODE": "59911382", "EA_TYPE": "Township", "White": 0.0, "Black_African": 527.0, "Coloured": 0.0, "Indian_Asian": 0.0, "Other": 2.0, "area_km2": 0.066369, "sal2023_est": 584.813058, "walk_typology": "Access gap", "walk_dist_k1_km": 3.836260674974953, "exceeds_walk_k1_3km": true, "econ_status": "Non_Wealthy", "Ai_walk": 0.050523, "walk_snap_flag": false, "drive_typology": "Well-served", "walk_dist_k3_km": 6.720116720960231, "PR_NAME": "KwaZulu-Natal", "MN_NAME": "Ethekwini", "SP_NAME": "KwaMashu A" }, "geometry": { "type": "Polygon", "coordinates": [ [ [ 31.004456490000013, -29.739927681695079 ], [ 31.004168537141613, -29.739927682109311 ], [ 31.003911904547042, -29.73989590862934 ], [ 31.003946988729158, -29.739584535014846 ], [ 31.003943850578224, -29.739526741361537 ], [ 31.003371954828729, -29.739628864724512 ], [ 31.003035900169412, -29.739700206029429 ], [ 31.00298743939339, -29.739592208918403 ], [ 31.002918479211793, -29.739430060064418 ], [ 31.002801061320412, -29.739232498609748 ], [ 31.002502823895878, -29.738682291265281 ], [ 31.002324669428965, -29.738764298843389 ], [ 31.001730339486606, -29.739087052688067 ], [ 31.001686781143661, -29.739006843645733 ], [ 31.001666002209554, -29.739005698133997 ], [ 31.001484791788542, -29.738253193052554 ], [ 31.001511679994632, -29.738239225064092 ], [ 31.002124589628306, -29.737975293016849 ], [ 31.00297210555275, -29.737687899558669 ], [ 31.003480775885595, -29.73755361694943 ], [ 31.003877949273921, -29.737570002198119 ], [ 31.003988408415616, -29.737557901932838 ], [ 31.004106607041386, -29.737536547030682 ], [ 31.004482302829508, -29.737503801269241 ], [ 31.00453665061152, -29.737509595944697 ], [ 31.004619167356736, -29.737540426970892 ], [ 31.004888915793021, -29.737664514189138 ], [ 31.005471051036846, -29.737894601811828 ], [ 31.005641893503096, -29.738178626631068 ], [ 31.005727371530735, -29.738326648898155 ], [ 31.005525293054177, -29.738362574120735 ], [ 31.005414292882115, -29.73839379305786 ], [ 31.005076090098047, -29.73907019874855 ], [ 31.004900918178325, -29.739403198767608 ], [ 31.004850621578065, -29.739462166673341 ], [ 31.004710137464411, -29.739491652146103 ], [ 31.004552308909354, -29.739488182625241 ], [ 31.004493844158457, -29.739496404720633 ], [ 31.004456490000013, -29.739927681695079 ] ] ] } },
{ "type": "Feature", "properties": { "EA_CODE": "59914486", "EA_TYPE": "Township", "White": 0.0, "Black_African": 539.0, "Coloured": 1.0, "Indian_Asian": 0.0, "Other": 0.0, "area_km2": 0.014797, "sal2023_est": 596.973632, "walk_typology": "Access gap", "walk_dist_k1_km": 3.113260794909257, "exceeds_walk_k1_3km": true, "econ_status": "Non_Wealthy", "Ai_walk": 0.019513, "walk_snap_flag": false, "drive_typology": "Well-served", "walk_dist_k3_km": 7.2036215219702209, "PR_NAME": "KwaZulu-Natal", "MN_NAME": "Ethekwini", "SP_NAME": "KwaMashu A" }, "geometry": { "type": "Polygon", "coordinates": [ [ [ 30.999213034596011, -29.749726337308758 ], [ 30.99977978396997, -29.749943890929099 ], [ 30.998494497150229, -29.750825290856458 ], [ 30.997972260152462, -29.750306583372897 ], [ 30.997951286214658, -29.750287778200189 ], [ 30.997765316123481, -29.750121047341533 ], [ 30.99782386405824, -29.750089819549398 ], [ 30.997748233071729, -29.749939267788292 ], [ 30.997871464452146, -29.749828676154962 ], [ 30.998040905800572, -29.749931762674475 ], [ 30.998119110815765, -29.749834601092985 ], [ 30.99828973779632, -29.749626055613771 ], [ 30.998347533654979, -29.74951560072622 ], [ 30.998441494208063, -29.749512679341411 ], [ 30.998644765284833, -29.749579446981404 ], [ 30.99889848323987, -29.749631377571411 ], [ 30.999213034596011, -29.749726337308758 ] ] ] } },
{ "type": "Feature", "properties": { "EA_CODE": "59914487", "EA_TYPE": "Township", "White": 0.0, "Black_African": 539.0, "Coloured": 1.0, "Indian_Asian": 0.0, "Other": 0.0, "area_km2": 0.014087, "sal2023_est": 596.973632, "walk_typology": "Access gap", "walk_dist_k1_km": 3.4119361585804926, "exceeds_walk_k1_3km": true, "econ_status": "Non_Wealthy", "Ai_walk": 0.01269, "walk_snap_flag": false, "drive_typology": "Well-served", "walk_dist_k3_km": 7.5022968856414556, "PR_NAME": "KwaZulu-Natal", "MN_NAME": "Ethekwini", "SP_NAME": "KwaMashu A" }, "geometry": { "type": "Polygon", "coordinates": [ [ [ 30.999948842458814, -29.749216421258009 ], [ 31.000313539303594, -29.749577863280262 ], [ 30.99977978396997, -29.749943890929099 ], [ 30.999213034596011, -29.749726337308758 ], [ 30.99889848323987, -29.749631377571411 ], [ 30.998644765284833, -29.749579446981404 ], [ 30.998441494208063, -29.749512679341411 ], [ 30.998347533654979, -29.74951560072622 ], [ 30.998396380062456, -29.749422250738931 ], [ 30.998476953859353, -29.749275320973712 ], [ 30.998545678713757, -29.749192377753456 ], [ 30.998789772398844, -29.748993312400703 ], [ 30.998922482504188, -29.748870080585991 ], [ 30.999161834027984, -29.748723152077226 ], [ 30.999226708996634, -29.748705991923188 ], [ 30.999321210787578, -29.748723174920858 ], [ 30.999408841003895, -29.748774720698183 ], [ 30.999454080747544, -29.748842599978932 ], [ 30.999466734045278, -29.74885103503982 ], [ 30.999527631807709, -29.748872602742072 ], [ 30.999566961935201, -29.748891633420758 ], [ 30.9996443532205, -29.748933499995516 ], [ 30.999686220547495, -29.748966487291419 ], [ 30.999755998858436, -29.748994397580159 ], [ 30.999948842458814, -29.749216421258009 ] ] ] } },
{ "type": "Feature", "properties": { "EA_CODE": "59911358", "EA_TYPE": "Township", "White": 0.0, "Black_African": 545.0, "Coloured": 0.0, "Indian_Asian": 1.0, "Other": 0.0, "area_km2": 0.017751, "sal2023_est": 603.606672, "walk_typology": "Access gap", "walk_dist_k1_km": 3.8922422664159098, "exceeds_walk_k1_3km": true, "econ_status": "Non_Wealthy", "Ai_walk": 0.019667, "walk_snap_flag": false, "drive_typology": "Well-served", "walk_dist_k3_km": 6.4811105106625648, "PR_NAME": "KwaZulu-Natal", "MN_NAME": "Ethekwini", "SP_NAME": "KwaMashu A" }, "geometry": { "type": "Polygon", "coordinates": [ [ [ 31.00278432789117, -29.741313415265893 ], [ 31.002725452636216, -29.741369018862457 ], [ 31.002500225361526, -29.741630341383466 ], [ 31.002348629996074, -29.741800705731382 ], [ 31.00216960327035, -29.742012939405623 ], [ 31.002043995418845, -29.742150096643485 ], [ 31.001870742755045, -29.742360886857757 ], [ 31.001761016610889, -29.742495157977089 ], [ 31.001760971391015, -29.742495137713764 ], [ 31.001696047354375, -29.742466281688937 ], [ 31.001633965402362, -29.742425856973274 ], [ 31.001607977405953, -29.742456175717511 ], [ 31.001587764134619, -29.742451844783361 ], [ 31.001525682455508, -29.7424316323734 ], [ 31.001476594138527, -29.742398425238608 ], [ 31.001388523726739, -29.742337787301885 ], [ 31.001280242182258, -29.742314686991666 ], [ 31.001215272242504, -29.74229591755773 ], [ 31.001010257237624, -29.742173198176257 ], [ 31.000884649195378, -29.742092346666361 ], [ 31.000815347818442, -29.742031707825323 ], [ 31.000694367358157, -29.741975274785489 ], [ 31.00063970118833, -29.741944905163894 ], [ 31.000575586699107, -29.74190103690573 ], [ 31.000553213545778, -29.74186412077681 ], [ 31.000646299519154, -29.741817253082758 ], [ 31.000827695440616, -29.741727732730411 ], [ 31.000897005825131, -29.741693527086749 ], [ 31.00099137988424, -29.741623446778284 ], [ 31.00135827673563, -29.741449652831545 ], [ 31.001724029063347, -29.741267033014797 ], [ 31.002539928910334, -29.740880465672436 ], [ 31.00267001535887, -29.741141946414825 ], [ 31.00278432789117, -29.741313415265893 ] ] ] } },
{ "type": "Feature", "properties": { "EA_CODE": "59913794", "EA_TYPE": "Informal residential", "White": 0.0, "Black_African": 550.0, "Coloured": 0.0, "Indian_Asian": 0.0, "Other": 0.0, "area_km2": 0.017152, "sal2023_est": 608.028699, "walk_typology": "Access gap", "walk_dist_k1_km": 4.0202431659548923, "exceeds_walk_k1_3km": true, "econ_status": "Non_Wealthy", "Ai_walk": 0.020172, "walk_snap_flag": false, "drive_typology": "Well-served", "walk_dist_k3_km": 6.6091114102015478, "PR_NAME": "KwaZulu-Natal", "MN_NAME": "Ethekwini", "SP_NAME": "KwaMashu A" }, "geometry": { "type": "Polygon", "coordinates": [ [ [ 31.00569988787446, -29.741189803124676 ], [ 31.005221576892254, -29.741810346578468 ], [ 31.005057046877969, -29.742026397022162 ], [ 31.004618113273803, -29.742037369646848 ], [ 31.004475795721785, -29.742024431775718 ], [ 31.004385230213266, -29.741951117167392 ], [ 31.004298976635507, -29.741946805129924 ], [ 31.004109220751747, -29.741976992938941 ], [ 31.00395174685432, -29.741998837105964 ], [ 31.003713677693405, -29.741915191381885 ], [ 31.003546500247101, -29.741850079091002 ], [ 31.003639658918267, -29.74178148141641 ], [ 31.003746987142232, -29.741685021989728 ], [ 31.00382442591426, -29.741588563252364 ], [ 31.003892681328928, -29.74151920575903 ], [ 31.003908449138113, -29.74151401377032 ], [ 31.003993137478634, -29.741460413576551 ], [ 31.004032524806941, -29.741411090377735 ], [ 31.004062176688755, -29.741388850937724 ], [ 31.004071962046847, -29.74137431363922 ], [ 31.004204776663954, -29.741233810329195 ], [ 31.004210971973681, -29.741229713331801 ], [ 31.004254239504345, -29.74118469641332 ], [ 31.004274003169758, -29.741165612145789 ], [ 31.004327100131917, -29.741113060210125 ], [ 31.004401691315884, -29.741054364781991 ], [ 31.004423012476803, -29.741054123315724 ], [ 31.004476611670874, -29.74102089140651 ], [ 31.004459686088019, -29.741001685093924 ], [ 31.004465674758602, -29.740986712101773 ], [ 31.004540029993876, -29.740930059952451 ], [ 31.004653177711408, -29.740836196128949 ], [ 31.004673537264505, -29.740780207866944 ], [ 31.004668164060387, -29.740759672552404 ], [ 31.00477590997464, -29.740764127094788 ], [ 31.004850124965582, -29.740749064664573 ], [ 31.004852521427953, -29.740726699335266 ], [ 31.004901245952201, -29.740718711878348 ], [ 31.004903761879149, -29.74071572419296 ], [ 31.004980783775263, -29.740759095376017 ], [ 31.005055885640413, -29.740782951454143 ], [ 31.005123918975229, -29.740832429574294 ], [ 31.005144240724761, -29.740835080138886 ], [ 31.005196369906631, -29.740880142264697 ], [ 31.005221110401852, -29.740885443204007 ], [ 31.005267938175102, -29.740917250907994 ], [ 31.005269705096214, -29.740948174733532 ], [ 31.005343040406078, -29.740997654250897 ], [ 31.00569988787446, -29.741189803124676 ] ] ] } },
{ "type": "Feature", "properties": { "EA_CODE": "59913791", "EA_TYPE": "Township", "White": 0.0, "Black_African": 554.0, "Coloured": 0.0, "Indian_Asian": 0.0, "Other": 0.0, "area_km2": 0.031699, "sal2023_est": 612.450726, "walk_typology": "Access gap", "walk_dist_k1_km": 4.0736628756832323, "exceeds_walk_k1_3km": true, "econ_status": "Non_Wealthy", "Ai_walk": 0.016339, "walk_snap_flag": false, "drive_typology": "Well-served", "walk_dist_k3_km": 6.2483532313825298, "PR_NAME": "KwaZulu-Natal", "MN_NAME": "Ethekwini", "SP_NAME": "KwaMashu A" }, "geometry": { "type": "Polygon", "coordinates": [ [ [ 31.003544120205959, -29.747381913605906 ], [ 31.003275092469014, -29.747468576350439 ], [ 31.003086222230714, -29.74743785971571 ], [ 31.002667963723439, -29.747438513799267 ], [ 31.002503275285321, -29.747440473880438 ], [ 31.002249707531075, -29.747448316301906 ], [ 31.001892226914066, -29.747430671222634 ], [ 31.001797465487943, -29.747418907921638 ], [ 31.001700743043092, -29.747381657274875 ], [ 31.001529519504928, -29.747286242388984 ], [ 31.001415993471415, -29.747245017057402 ], [ 31.001412536922327, -29.747243761579686 ], [ 31.001355027133968, -29.747199321641908 ], [ 31.001214805789804, -29.747056306897452 ], [ 31.001212885122371, -29.747054347797253 ], [ 31.001212909095148, -29.747054327241017 ], [ 31.001424336651624, -29.746867294161714 ], [ 31.001549815117468, -29.746808041220625 ], [ 31.001603259033676, -29.746673269109952 ], [ 31.001715956526304, -29.746579161323812 ], [ 31.00180774005084, -29.746498994804252 ], [ 31.001888608988949, -29.746329695006203 ], [ 31.00203912390695, -29.74616549643406 ], [ 31.002186398788695, -29.746041588024486 ], [ 31.002327231654231, -29.745873867871531 ], [ 31.00256734064288, -29.745809867740281 ], [ 31.002759035606584, -29.745756152132007 ], [ 31.00348067987208, -29.745731708280029 ], [ 31.003515415093705, -29.746404696238947 ], [ 31.003538159518673, -29.746845365866996 ], [ 31.003539231664941, -29.746941972932781 ], [ 31.003544120205959, -29.747381913605906 ] ] ] } },
{ "type": "Feature", "properties": { "EA_CODE": "59914488", "EA_TYPE": "Township", "White": 1.0, "Black_African": 555.0, "Coloured": 0.0, "Indian_Asian": 2.0, "Other": 0.0, "area_km2": 0.009007, "sal2023_est": 616.872753, "walk_typology": "Access gap", "walk_dist_k1_km": 3.4119361585804926, "exceeds_walk_k1_3km": true, "econ_status": "Non_Wealthy", "Ai_walk": 0.01269, "walk_snap_flag": false, "drive_typology": "Well-served", "walk_dist_k3_km": 7.5022968856414556, "PR_NAME": "KwaZulu-Natal", "MN_NAME": "Ethekwini", "SP_NAME": "KwaMashu A" }, "geometry": { "type": "Polygon", "coordinates": [ [ [ 30.999984730126613, -29.748295897687242 ], [ 31.00000678115045, -29.748298774223084 ], [ 31.000058328311944, -29.748336574598994 ], [ 31.000096098453763, -29.748402673359148 ], [ 31.000099565577795, -29.748408740076162 ], [ 31.000147675546234, -29.748510114627933 ], [ 31.000170011628772, -29.748565098054325 ], [ 31.000207813300609, -29.748599463000172 ], [ 31.000259360130045, -29.748642418240738 ], [ 31.000346988973334, -29.748743793074297 ], [ 31.000855759358728, -29.749206030296854 ], [ 31.000313539303594, -29.749577863280262 ], [ 30.999948842458814, -29.749216421258009 ], [ 30.999755998858436, -29.748994397580159 ], [ 30.999686220547495, -29.748966487291419 ], [ 30.9996443532205, -29.748933499995516 ], [ 30.999566961935201, -29.748891633420758 ], [ 30.999527631807709, -29.748872602742072 ], [ 30.999466734045278, -29.74885103503982 ], [ 30.999454080747544, -29.748842599978932 ], [ 30.999408841003895, -29.748774720698183 ], [ 30.999321210787578, -29.748723174920858 ], [ 30.999226708996634, -29.748705991923188 ], [ 30.999305747433926, -29.748695683357543 ], [ 30.999377912949505, -29.748690527744959 ], [ 30.999453513893865, -29.748669909596686 ], [ 30.999510215835738, -29.74864757317842 ], [ 30.999618462709229, -29.748559943744233 ], [ 30.9997335845026, -29.748444823337188 ], [ 30.999790284881179, -29.748369221139782 ], [ 30.999884787676358, -29.748315956036652 ], [ 30.999967262320965, -29.748293619700757 ], [ 30.999984730126613, -29.748295897687242 ] ] ] } },
{ "type": "Feature", "properties": { "EA_CODE": "59914489", "EA_TYPE": "Township", "White": 1.0, "Black_African": 555.0, "Coloured": 0.0, "Indian_Asian": 2.0, "Other": 0.0, "area_km2": 0.008716, "sal2023_est": 616.872753, "walk_typology": "Access gap", "walk_dist_k1_km": 3.3462521574657682, "exceeds_walk_k1_3km": true, "econ_status": "Non_Wealthy", "Ai_walk": 0.020464, "walk_snap_flag": false, "drive_typology": "Well-served", "walk_dist_k3_km": 6.8982964875905921, "PR_NAME": "KwaZulu-Natal", "MN_NAME": "Ethekwini", "SP_NAME": "KwaMashu A" }, "geometry": { "type": "Polygon", "coordinates": [ [ [ 31.000141266378762, -29.747505037679531 ], [ 31.000140447911402, -29.747540227708601 ], [ 31.00017684396142, -29.747625576318939 ], [ 31.000060254512274, -29.747714817994066 ], [ 31.000077526064615, -29.747812696983623 ], [ 30.999992601996066, -29.747892582648895 ], [ 30.999935747592268, -29.74803652173085 ], [ 30.999858739426539, -29.748090499264283 ], [ 30.999959495657986, -29.748192695614453 ], [ 30.999996639149067, -29.748218176805217 ], [ 30.999984730126613, -29.748295897687242 ], [ 30.999967262320965, -29.748293619700757 ], [ 30.999884787676358, -29.748315956036652 ], [ 30.999790284881179, -29.748369221139782 ], [ 30.9997335845026, -29.748444823337188 ], [ 30.999618462709229, -29.748559943744233 ], [ 30.999510215835738, -29.74864757317842 ], [ 30.999453513893865, -29.748669909596686 ], [ 30.999377912949505, -29.748690527744959 ], [ 30.999305747433926, -29.748695683357543 ], [ 30.999226708996634, -29.748705991923188 ], [ 30.999161834027984, -29.748723152077226 ], [ 30.998876962856698, -29.748518697965515 ], [ 30.998969878471748, -29.748448251778104 ], [ 30.999218709849384, -29.748261036040507 ], [ 30.999266107316295, -29.748189941304872 ], [ 30.999495980001381, -29.74770175735615 ], [ 30.999584968711655, -29.747521811930671 ], [ 30.999696529138944, -29.747296226232187 ], [ 30.999765686107061, -29.747333947916669 ], [ 30.999844459711163, -29.747376916439688 ], [ 30.999935511151747, -29.747412722233886 ], [ 30.999998938681326, -29.747458759353758 ], [ 31.000056228806152, -29.74746796559932 ], [ 31.000109427158229, -29.747497634281977 ], [ 31.000141266378762, -29.747505037679531 ] ] ] } },
{ "type": "Feature", "properties": { "EA_CODE": "59911359", "EA_TYPE": "Township", "White": 0.0, "Black_African": 559.0, "Coloured": 0.0, "Indian_Asian": 0.0, "Other": 0.0, "area_km2": 0.013816, "sal2023_est": 617.978259, "walk_typology": "Access gap", "walk_dist_k1_km": 3.8541810314439329, "exceeds_walk_k1_3km": true, "econ_status": "Non_Wealthy", "Ai_walk": 0.01845, "walk_snap_flag": false, "drive_typology": "Well-served", "walk_dist_k3_km": 6.6941085307674699, "PR_NAME": "KwaZulu-Natal", "MN_NAME": "Ethekwini", "SP_NAME": "KwaMashu A" }, "geometry": { "type": "Polygon", "coordinates": [ [ [ 31.000448211558123, -29.741348369785893 ], [ 31.000480181570978, -29.741388444929754 ], [ 31.000607515930319, -29.741393295873191 ], [ 31.000669365584276, -29.741411485904568 ], [ 31.000746978283786, -29.741478186409346 ], [ 31.000749403908831, -29.741514567175571 ], [ 31.000755466738539, -29.741557012210919 ], [ 31.000774871341637, -29.741637050622209 ], [ 31.000827695440616, -29.741727732730411 ], [ 31.000646299519154, -29.741817253082758 ], [ 31.000553213545778, -29.74186412077681 ], [ 31.000491099161088, -29.74189539524248 ], [ 31.000391250533397, -29.742007181648276 ], [ 31.000352179559325, -29.742109201174582 ], [ 31.000348922635958, -29.742288278169408 ], [ 31.000338070547972, -29.74246409771008 ], [ 31.000337512597241, -29.742469652637535 ], [ 31.000001147995505, -29.742454176933375 ], [ 30.99983535954166, -29.74244902759057 ], [ 30.999806628233301, -29.742347415761976 ], [ 30.999789874654923, -29.742256674236675 ], [ 30.999750785741305, -29.742182683940172 ], [ 30.999704717091586, -29.742086357068807 ], [ 30.999707508704702, -29.741960713982838 ], [ 30.999661440080057, -29.741844842609673 ], [ 30.999581866288032, -29.741758288565357 ], [ 30.999456223050778, -29.741632645604355 ], [ 30.999389213592217, -29.741565635959358 ], [ 30.999352916407712, -29.741525150681774 ], [ 30.999311034905766, -29.741458142050337 ], [ 30.999269154267694, -29.741377172002057 ], [ 30.999257986500762, -29.7413143498895 ], [ 30.999255193830582, -29.741283637190772 ], [ 30.999274738608989, -29.741230588375636 ], [ 30.99927539472349, -29.741229165077762 ], [ 30.999324996044358, -29.741121697364431 ], [ 30.999368272911656, -29.741084004395926 ], [ 30.999425118695257, -29.740954293215854 ], [ 30.999522135733756, -29.740988248868973 ], [ 30.999591260856874, -29.741016140624453 ], [ 30.999697980110032, -29.741048883950256 ], [ 30.999808337584422, -29.741091329396742 ], [ 30.999919906724731, -29.741141050903877 ], [ 31.000006009383345, -29.741172581090733 ], [ 31.000081198413977, -29.741198048181403 ], [ 31.000197618296774, -29.741217451828177 ], [ 31.000333443259255, -29.74125747085241 ], [ 31.00039407787639, -29.741280512942328 ], [ 31.000448211558123, -29.741348369785893 ] ] ] } },
{ "type": "Feature", "properties": { "EA_CODE": "59913793", "EA_TYPE": "Informal residential", "White": 0.0, "Black_African": 562.0, "Coloured": 0.0, "Indian_Asian": 0.0, "Other": 0.0, "area_km2": 0.044401, "sal2023_est": 621.29478, "walk_typology": "Access gap", "walk_dist_k1_km": 4.0609864375621347, "exceeds_walk_k1_3km": true, "econ_status": "Non_Wealthy", "Ai_walk": 0.018567, "walk_snap_flag": false, "drive_typology": "Well-served", "walk_dist_k3_km": 6.1126832607307211, "PR_NAME": "KwaZulu-Natal", "MN_NAME": "Ethekwini", "SP_NAME": "KwaMashu A" }, "geometry": { "type": "Polygon", "coordinates": [ [ [ 31.00364186015074, -29.744329006133484 ], [ 31.002215271085809, -29.743900117282962 ], [ 31.002348923637019, -29.743605887340891 ], [ 31.002578873177455, -29.743166205295278 ], [ 31.002701347824924, -29.742895025587355 ], [ 31.002293779767445, -29.742754230172856 ], [ 31.002267124938474, -29.742742592360081 ], [ 31.002660090944122, -29.742262146212557 ], [ 31.002982812560379, -29.741890874156383 ], [ 31.003029561087494, -29.741837091752981 ], [ 31.003003966786682, -29.741647645380116 ], [ 31.003192501166456, -29.741699641760874 ], [ 31.003408049320182, -29.741796155610455 ], [ 31.003546500247101, -29.741850079091002 ], [ 31.003713677693405, -29.741915191381885 ], [ 31.00395174685432, -29.741998837105964 ], [ 31.004109220751747, -29.741976992938941 ], [ 31.004298976635507, -29.741946805129924 ], [ 31.004385230213266, -29.741951117167392 ], [ 31.004475795721785, -29.742024431775718 ], [ 31.004618113273803, -29.742037369646848 ], [ 31.005057046877969, -29.742026397022162 ], [ 31.004618591440487, -29.742602146631324 ], [ 31.004467467567061, -29.742800592901872 ], [ 31.003705739638271, -29.744103147328278 ], [ 31.00364186015074, -29.744329006133484 ] ] ] } },
{ "type": "Feature", "properties": { "EA_CODE": "59913792", "EA_TYPE": "Informal residential", "White": 0.0, "Black_African": 564.0, "Coloured": 1.0, "Indian_Asian": 0.0, "Other": 0.0, "area_km2": 0.041226, "sal2023_est": 624.6113, "walk_typology": "Access gap", "walk_dist_k1_km": 3.880978976915852, "exceeds_walk_k1_3km": true, "econ_status": "Non_Wealthy", "Ai_walk": 0.017311, "walk_snap_flag": false, "drive_typology": "Well-served", "walk_dist_k3_km": 6.4410371301499101, "PR_NAME": "KwaZulu-Natal", "MN_NAME": "Ethekwini", "SP_NAME": "KwaMashu A" }, "geometry": { "type": "Polygon", "coordinates": [ [ [ 31.001963566606772, -29.744663800612912 ], [ 31.002007685201999, -29.744647624940114 ], [ 31.002010626328119, -29.744613800211912 ], [ 31.002010626169152, -29.744578506106514 ], [ 31.002006213963558, -29.744532915874188 ], [ 31.001991508146379, -29.744490267646153 ], [ 31.001960916071994, -29.744433045909179 ], [ 31.001997684710918, -29.744379119891835 ], [ 31.002215271085809, -29.743900117282962 ], [ 31.00364186015074, -29.744329006133484 ], [ 31.003492456318796, -29.744857256983554 ], [ 31.003477220727532, -29.745664688920051 ], [ 31.00348067987208, -29.745731708280029 ], [ 31.002759035606584, -29.745756152132007 ], [ 31.00256734064288, -29.745809867740281 ], [ 31.002327231654231, -29.745873867871531 ], [ 31.002186398788695, -29.746041588024486 ], [ 31.00203912390695, -29.74616549643406 ], [ 31.001888608988949, -29.746329695006203 ], [ 31.00180774005084, -29.746498994804252 ], [ 31.001715956526304, -29.746579161323812 ], [ 31.001603259033676, -29.746673269109952 ], [ 31.001549815117468, -29.746808041220625 ], [ 31.001424336651624, -29.746867294161714 ], [ 31.001212909095148, -29.747054327241017 ], [ 31.001118897335335, -29.746956218121593 ], [ 31.001093755649269, -29.746915178424185 ], [ 31.001071437607084, -29.74692038463116 ], [ 31.001028836514575, -29.746924644833253 ], [ 31.000963516421706, -29.746918964978835 ], [ 31.000857015442062, -29.746900505053308 ], [ 31.000874055514451, -29.746853644965579 ], [ 31.000918075535161, -29.746776964364123 ], [ 31.000945056426424, -29.746730103378194 ], [ 31.000979992325945, -29.746656346098383 ], [ 31.001037566390441, -29.746557878048268 ], [ 31.001091489199691, -29.74645354626406 ], [ 31.001137078355455, -29.746340308011188 ], [ 31.001184138309274, -29.746215304662968 ], [ 31.001220902971156, -29.74613001027598 ], [ 31.001279728222215, -29.745999124269311 ], [ 31.001334140852169, -29.745887356585037 ], [ 31.001367965423238, -29.745794707685807 ], [ 31.001391495253191, -29.745724117979808 ], [ 31.001412083854667, -29.745659411371619 ], [ 31.001440025723351, -29.745594703788612 ], [ 31.001484144160759, -29.745502054971087 ], [ 31.001532675383675, -29.745412347068847 ], [ 31.001604735302546, -29.745294696966379 ], [ 31.001665030799071, -29.745194695081636 ], [ 31.001710620027634, -29.7451167517094 ], [ 31.001751796781644, -29.745034398160922 ], [ 31.001817975014369, -29.7448961594182 ], [ 31.001859152300362, -29.744810862850894 ], [ 31.001963566606772, -29.744663800612912 ] ] ] } },
{ "type": "Feature", "properties": { "EA_CODE": "59911339", "EA_TYPE": "Township", "White": 2.0, "Black_African": 645.0, "Coloured": 0.0, "Indian_Asian": 0.0, "Other": 0.0, "area_km2": 0.018427, "sal2023_est": 805.699777, "walk_typology": "Access gap", "walk_dist_k1_km": 3.1621962265662651, "exceeds_walk_k1_3km": true, "econ_status": "Non_Wealthy", "Ai_walk": 0.021205, "walk_snap_flag": false, "drive_typology": "Well-served", "walk_dist_k3_km": 7.6455480990326841, "PR_NAME": "KwaZulu-Natal", "MN_NAME": "Ethekwini", "SP_NAME": "KwaMashu A" }, "geometry": { "type": "Polygon", "coordinates": [ [ [ 30.992719994535104, -29.743507609369559 ], [ 30.992690176318099, -29.74361793673209 ], [ 30.992708605431599, -29.743722368594309 ], [ 30.992777625176121, -29.744018970278802 ], [ 30.992695951111813, -29.744107516382009 ], [ 30.992641092232713, -29.744219125070064 ], [ 30.992508674791882, -29.744582328062979 ], [ 30.992482191223896, -29.744667453086343 ], [ 30.992351664787016, -29.745043897754325 ], [ 30.992291130758584, -29.745199016046616 ], [ 30.992219626502411, -29.745192963364431 ], [ 30.992064056427395, -29.745256162619771 ], [ 30.992044282578838, -29.745227952086292 ], [ 30.992004428862888, -29.744936525059774 ], [ 30.991930774770111, -29.744539695445589 ], [ 30.991807516705929, -29.744105287031957 ], [ 30.991750899501515, -29.743902876169614 ], [ 30.991769718784457, -29.743884515297168 ], [ 30.991741495906986, -29.743825810369405 ], [ 30.991680533358149, -29.743749042153059 ], [ 30.991645535662059, -29.743614699068946 ], [ 30.991625214934118, -29.743553736282593 ], [ 30.991600377633048, -29.743518738918123 ], [ 30.991574413095538, -29.743454388889521 ], [ 30.991543931003743, -29.743343752580724 ], [ 30.991536844254391, -29.743213825770308 ], [ 30.991976801220158, -29.743015741374787 ], [ 30.992373623235451, -29.742831986620427 ], [ 30.992409966365049, -29.742883107028302 ], [ 30.992474476304569, -29.742967775550412 ], [ 30.992481195656573, -29.743002719005442 ], [ 30.992504042617018, -29.743095450953234 ], [ 30.9925618320183, -29.743266131794371 ], [ 30.99258736706248, -29.743397839155676 ], [ 30.992720891565103, -29.743504289531398 ], [ 30.992719994535104, -29.743507609369559 ] ] ] } },
{ "type": "Feature", "properties": { "EA_CODE": "59911352", "EA_TYPE": "Informal residential", "White": 0.0, "Black_African": 648.0, "Coloured": 0.0, "Indian_Asian": 0.0, "Other": 0.0, "area_km2": 0.014779, "sal2023_est": 716.368358, "walk_typology": "Access gap", "walk_dist_k1_km": 3.7605036119649191, "exceeds_walk_k1_3km": true, "econ_status": "Non_Wealthy", "Ai_walk": 0.018497, "walk_snap_flag": false, "drive_typology": "Well-served", "walk_dist_k3_km": 6.6855055294285819, "PR_NAME": "KwaZulu-Natal", "MN_NAME": "Ethekwini", "SP_NAME": "KwaMashu A" }, "geometry": { "type": "Polygon", "coordinates": [ [ [ 31.001760971391015, -29.742495137713764 ], [ 31.001683525096016, -29.742589241239731 ], [ 31.001532921605946, -29.742553383197148 ], [ 31.001346458260468, -29.74256593302561 ], [ 31.001197646579726, -29.742646613732088 ], [ 31.001181624717599, -29.742757453941422 ], [ 31.001012976381027, -29.743299233709703 ], [ 31.000855550114409, -29.743804961154233 ], [ 31.00074587463213, -29.743758065012006 ], [ 31.00071183761553, -29.743726296536849 ], [ 31.000621070861008, -29.743694528720134 ], [ 31.000609725524427, -29.743681669851668 ], [ 31.000545433067796, -29.743643850745165 ], [ 31.000574174885347, -29.743581826837744 ], [ 31.000540137826352, -29.743555353875823 ], [ 31.000500806375225, -29.743543252253041 ], [ 31.000471306629311, -29.74350240740964 ], [ 31.000379783641648, -29.743461562047251 ], [ 31.000350285261142, -29.743468370001533 ], [ 31.000257156707271, -29.743454712593909 ], [ 31.000275121862188, -29.743091407587546 ], [ 31.000337512597241, -29.742469652637535 ], [ 31.000338070547972, -29.74246409771008 ], [ 31.000348922635958, -29.742288278169408 ], [ 31.000352179559325, -29.742109201174582 ], [ 31.000391250533397, -29.742007181648276 ], [ 31.000491099161088, -29.74189539524248 ], [ 31.000553213545778, -29.74186412077681 ], [ 31.000575586699107, -29.74190103690573 ], [ 31.00063970118833, -29.741944905163894 ], [ 31.000694367358157, -29.741975274785489 ], [ 31.000815347818442, -29.742031707825323 ], [ 31.000884649195378, -29.742092346666361 ], [ 31.001010257237624, -29.742173198176257 ], [ 31.001215272242504, -29.74229591755773 ], [ 31.001280242182258, -29.742314686991666 ], [ 31.001388523726739, -29.742337787301885 ], [ 31.001476594138527, -29.742398425238608 ], [ 31.001525682455508, -29.7424316323734 ], [ 31.001587764134619, -29.742451844783361 ], [ 31.001607977405953, -29.742456175717511 ], [ 31.001633965402362, -29.742425856973274 ], [ 31.001696047354375, -29.742466281688937 ], [ 31.001760971391015, -29.742495137713764 ] ] ] } },
{ "type": "Feature", "properties": { "EA_CODE": "59911377", "EA_TYPE": "Township", "White": 0.0, "Black_African": 678.0, "Coloured": 0.0, "Indian_Asian": 0.0, "Other": 0.0, "area_km2": 0.126175, "sal2023_est": 652.602069, "walk_typology": "Artifact zone", "walk_dist_k1_km": 3.744698779063361, "exceeds_walk_k1_3km": true, "econ_status": "Non_Wealthy", "Ai_walk": 0.054924, "walk_snap_flag": false, "drive_typology": "Well-served", "walk_dist_k3_km": 6.5479226116846485, "PR_NAME": "KwaZulu-Natal", "MN_NAME": "Ethekwini", "SP_NAME": "KwaMashu A" }, "geometry": { "type": "Polygon", "coordinates": [ [ [ 31.006927802722998, -29.736941782560237 ], [ 31.007601219897957, -29.738257537262509 ], [ 31.007605169211324, -29.738264870901851 ], [ 31.007600640745995, -29.73827271675588 ], [ 31.007234799171329, -29.738906559010456 ], [ 31.006878437363067, -29.739475430769911 ], [ 31.00674578692124, -29.739401302772222 ], [ 31.006837351601305, -29.73895874623981 ], [ 31.006796655748097, -29.738643360774088 ], [ 31.00675596129377, -29.738383931344906 ], [ 31.00670000477778, -29.738180455682592 ], [ 31.006542312981704, -29.737946460805826 ], [ 31.006333750862165, -29.737712464920893 ], [ 31.006120102641493, -29.737534424846135 ], [ 31.005825065422531, -29.737381818655724 ], [ 31.005535113781292, -29.737249560152019 ], [ 31.00522481526875, -29.737193604862561 ], [ 31.00501116678787, -29.737173256667017 ], [ 31.00465352178934, -29.737198152991464 ], [ 31.004287173000556, -29.737298306172438 ], [ 31.003860205104125, -29.737434039818002 ], [ 31.003480775885595, -29.73755361694943 ], [ 31.00297210555275, -29.737687899558669 ], [ 31.002124589628306, -29.737975293016849 ], [ 31.001511679994632, -29.738239225064092 ], [ 31.001484791788542, -29.738253193052554 ], [ 31.001416161072399, -29.7382888448054 ], [ 31.001353786608842, -29.738164098024296 ], [ 31.001289610821722, -29.738056412846898 ], [ 31.001601088138194, -29.737875680068722 ], [ 31.001891802608384, -29.73763498159343 ], [ 31.002129374861589, -29.737397409119897 ], [ 31.002313807068941, -29.737169213860984 ], [ 31.002523246486671, -29.73679722491099 ], [ 31.002663914139589, -29.73642523582032 ], [ 31.002817085824976, -29.735687509402226 ], [ 31.002955522606008, -29.734989793171962 ], [ 31.002973384343584, -29.734899768410372 ], [ 31.00318907546492, -29.734471512365218 ], [ 31.00321665830031, -29.734437438694144 ], [ 31.00345478138356, -29.734143285777453 ], [ 31.003648590883973, -29.733943225304923 ], [ 31.003649611539817, -29.733942348895784 ], [ 31.005529167201185, -29.735439544582832 ], [ 31.006042000266167, -29.735869496208483 ], [ 31.006461591299654, -29.736294266677181 ], [ 31.006684336868116, -29.736573994330925 ], [ 31.006927802722998, -29.736941782560237 ] ] ] } },
{ "type": "Feature", "properties": { "EA_CODE": "59911381", "EA_TYPE": "Township", "White": 0.0, "Black_African": 678.0, "Coloured": 0.0, "Indian_Asian": 0.0, "Other": 0.0, "area_km2": 0.042188, "sal2023_est": 749.53356, "walk_typology": "Access gap", "walk_dist_k1_km": 4.1699966029096611, "exceeds_walk_k1_3km": true, "econ_status": "Non_Wealthy", "Ai_walk": 0.019753, "walk_snap_flag": false, "drive_typology": "Well-served", "walk_dist_k3_km": 6.8755738724832449, "PR_NAME": "KwaZulu-Natal", "MN_NAME": "Ethekwini", "SP_NAME": "KwaMashu A" }, "geometry": { "type": "Polygon", "coordinates": [ [ [ 31.005825065422531, -29.737381818655724 ], [ 31.006120102641493, -29.737534424846135 ], [ 31.006333750862165, -29.737712464920893 ], [ 31.006542312981704, -29.737946460805826 ], [ 31.00670000477778, -29.738180455682592 ], [ 31.00675596129377, -29.738383931344906 ], [ 31.006796655748097, -29.738643360774088 ], [ 31.006837351601305, -29.73895874623981 ], [ 31.00674578692124, -29.739401302772222 ], [ 31.006878437363067, -29.739475430769911 ], [ 31.006677718097819, -29.73979584383623 ], [ 31.006483516985988, -29.739610847718968 ], [ 31.005874080382902, -29.739030295879733 ], [ 31.005807785771616, -29.739021152158433 ], [ 31.00578484114142, -29.739017987187253 ], [ 31.005729879784496, -29.739234351615746 ], [ 31.005731585584588, -29.739406554409509 ], [ 31.005727314579509, -29.739780271091409 ], [ 31.005731584984222, -29.740066431141912 ], [ 31.005708093855663, -29.740081380445901 ], [ 31.005639757684357, -29.740057889275072 ], [ 31.005462509550405, -29.740002366005367 ], [ 31.005268176353272, -29.739985281026399 ], [ 31.004990549465678, -29.739964507332623 ], [ 31.004954254239792, -29.739961791061802 ], [ 31.004566560363191, -29.739927681752949 ], [ 31.004456490000013, -29.739927681695079 ], [ 31.004493844158457, -29.739496404720633 ], [ 31.004552308909354, -29.739488182625241 ], [ 31.004710137464411, -29.739491652146103 ], [ 31.004850621578065, -29.739462166673341 ], [ 31.004900918178325, -29.739403198767608 ], [ 31.005076090098047, -29.73907019874855 ], [ 31.005414292882115, -29.73839379305786 ], [ 31.005525293054177, -29.738362574120735 ], [ 31.005727371530735, -29.738326648898155 ], [ 31.005641893503096, -29.738178626631068 ], [ 31.005471051036846, -29.737894601811828 ], [ 31.004888915793021, -29.737664514189138 ], [ 31.004619167356736, -29.737540426970892 ], [ 31.00453665061152, -29.737509595944697 ], [ 31.004482302829508, -29.737503801269241 ], [ 31.004106607041386, -29.737536547030682 ], [ 31.003988408415616, -29.737557901932838 ], [ 31.003877949273921, -29.737570002198119 ], [ 31.003480775885595, -29.73755361694943 ], [ 31.003860205104125, -29.737434039818002 ], [ 31.004287173000556, -29.737298306172438 ], [ 31.00465352178934, -29.737198152991464 ], [ 31.00501116678787, -29.737173256667017 ], [ 31.00522481526875, -29.737193604862561 ], [ 31.005535113781292, -29.737249560152019 ], [ 31.005825065422531, -29.737381818655724 ] ] ] } },
{ "type": "Feature", "properties": { "EA_CODE": "59911381", "EA_TYPE": "Township", "White": 0.0, "Black_African": 678.0, "Coloured": 0.0, "Indian_Asian": 0.0, "Other": 0.0, "area_km2": 0.042188, "sal2023_est": 749.53356, "walk_typology": "Access gap", "walk_dist_k1_km": 4.1699966029096611, "exceeds_walk_k1_3km": true, "econ_status": "Non_Wealthy", "Ai_walk": 0.019753, "walk_snap_flag": false, "drive_typology": "Well-served", "walk_dist_k3_km": 6.8755738724832449, "PR_NAME": "KwaZulu-Natal", "MN_NAME": "Ethekwini", "SP_NAME": "KwaMashu A" }, "geometry": { "type": "Polygon", "coordinates": [ [ [ 31.005825065422531, -29.737381818655724 ], [ 31.006120102641493, -29.737534424846135 ], [ 31.006333750862165, -29.737712464920893 ], [ 31.006542312981704, -29.737946460805826 ], [ 31.00670000477778, -29.738180455682592 ], [ 31.00675596129377, -29.738383931344906 ], [ 31.006796655748097, -29.738643360774088 ], [ 31.006837351601305, -29.73895874623981 ], [ 31.00674578692124, -29.739401302772222 ], [ 31.006878437363067, -29.739475430769911 ], [ 31.006677718097819, -29.73979584383623 ], [ 31.006483516985988, -29.739610847718968 ], [ 31.005874080382902, -29.739030295879733 ], [ 31.005807785771616, -29.739021152158433 ], [ 31.00578484114142, -29.739017987187253 ], [ 31.005729879784496, -29.739234351615746 ], [ 31.005731585584588, -29.739406554409509 ], [ 31.005727314579509, -29.739780271091409 ], [ 31.005731584984222, -29.740066431141912 ], [ 31.005708093855663, -29.740081380445901 ], [ 31.005639757684357, -29.740057889275072 ], [ 31.005462509550405, -29.740002366005367 ], [ 31.005268176353272, -29.739985281026399 ], [ 31.004990549465678, -29.739964507332623 ], [ 31.004954254239792, -29.739961791061802 ], [ 31.004566560363191, -29.739927681752949 ], [ 31.004456490000013, -29.739927681695079 ], [ 31.004493844158457, -29.739496404720633 ], [ 31.004552308909354, -29.739488182625241 ], [ 31.004710137464411, -29.739491652146103 ], [ 31.004850621578065, -29.739462166673341 ], [ 31.004900918178325, -29.739403198767608 ], [ 31.005076090098047, -29.73907019874855 ], [ 31.005414292882115, -29.73839379305786 ], [ 31.005525293054177, -29.738362574120735 ], [ 31.005727371530735, -29.738326648898155 ], [ 31.005641893503096, -29.738178626631068 ], [ 31.005471051036846, -29.737894601811828 ], [ 31.004888915793021, -29.737664514189138 ], [ 31.004619167356736, -29.737540426970892 ], [ 31.00453665061152, -29.737509595944697 ], [ 31.004482302829508, -29.737503801269241 ], [ 31.004106607041386, -29.737536547030682 ], [ 31.003988408415616, -29.737557901932838 ], [ 31.003877949273921, -29.737570002198119 ], [ 31.003480775885595, -29.73755361694943 ], [ 31.003860205104125, -29.737434039818002 ], [ 31.004287173000556, -29.737298306172438 ], [ 31.00465352178934, -29.737198152991464 ], [ 31.00501116678787, -29.737173256667017 ], [ 31.00522481526875, -29.737193604862561 ], [ 31.005535113781292, -29.737249560152019 ], [ 31.005825065422531, -29.737381818655724 ] ] ] } },
{ "type": "Feature", "properties": { "EA_CODE": "59911366", "EA_TYPE": "Township", "White": 0.0, "Black_African": 697.0, "Coloured": 1.0, "Indian_Asian": 0.0, "Other": 2.0, "area_km2": 0.013036, "sal2023_est": 773.854708, "walk_typology": "Access gap", "walk_dist_k1_km": 3.7259002109758681, "exceeds_walk_k1_3km": true, "econ_status": "Non_Wealthy", "Ai_walk": 0.026043, "walk_snap_flag": false, "drive_typology": "Well-served", "walk_dist_k3_km": 6.5236247703083805, "PR_NAME": "KwaZulu-Natal", "MN_NAME": "Ethekwini", "SP_NAME": "KwaMashu A" }, "geometry": { "type": "Polygon", "coordinates": [ [ [ 31.002539928910334, -29.740880465672436 ], [ 31.001724029063347, -29.741267033014797 ], [ 31.001687643242562, -29.741209222239036 ], [ 31.00160920331388, -29.74112710506008 ], [ 31.001577449964056, -29.741093863263515 ], [ 31.001536127512683, -29.741007775368654 ], [ 31.001474144566917, -29.740849372307729 ], [ 31.001355341901206, -29.740582498055048 ], [ 31.001335570280684, -29.740512273278089 ], [ 31.001273501789161, -29.740436901685804 ], [ 31.001271112600993, -29.740430870844634 ], [ 31.001215878644555, -29.740291519248007 ], [ 31.001193495035434, -29.740239866092736 ], [ 31.001167669029833, -29.740152055860818 ], [ 31.001164224731074, -29.740098680829664 ], [ 31.001276139867596, -29.740041862939798 ], [ 31.00136395132764, -29.7399988186618 ], [ 31.001512022695064, -29.739919617041537 ], [ 31.001472421804557, -29.739719892316678 ], [ 31.001784061679267, -29.739640690774419 ], [ 31.001854851723152, -29.739624257339948 ], [ 31.00190829003482, -29.739765273779724 ], [ 31.002026646144444, -29.740031017202167 ], [ 31.002108611497484, -29.740176318122625 ], [ 31.002149593348541, -29.74023096097423 ], [ 31.002199268765189, -29.740306715617198 ], [ 31.002232800123728, -29.740386196969983 ], [ 31.002332151316324, -29.740545158680963 ], [ 31.002400454583849, -29.74066438007916 ], [ 31.002455096872417, -29.740758764222821 ], [ 31.002539928910334, -29.740880465672436 ] ] ] } },
{ "type": "Feature", "properties": { "EA_CODE": "59911366", "EA_TYPE": "Township", "White": 0.0, "Black_African": 697.0, "Coloured": 1.0, "Indian_Asian": 0.0, "Other": 2.0, "area_km2": 0.013036, "sal2023_est": 773.854708, "walk_typology": "Access gap", "walk_dist_k1_km": 3.7259002109758681, "exceeds_walk_k1_3km": true, "econ_status": "Non_Wealthy", "Ai_walk": 0.026043, "walk_snap_flag": false, "drive_typology": "Well-served", "walk_dist_k3_km": 6.5236247703083805, "PR_NAME": "KwaZulu-Natal", "MN_NAME": "Ethekwini", "SP_NAME": "KwaMashu A" }, "geometry": { "type": "Polygon", "coordinates": [ [ [ 31.002539928910334, -29.740880465672436 ], [ 31.001724029063347, -29.741267033014797 ], [ 31.001687643242562, -29.741209222239036 ], [ 31.00160920331388, -29.74112710506008 ], [ 31.001577449964056, -29.741093863263515 ], [ 31.001536127512683, -29.741007775368654 ], [ 31.001474144566917, -29.740849372307729 ], [ 31.001355341901206, -29.740582498055048 ], [ 31.001335570280684, -29.740512273278089 ], [ 31.001273501789161, -29.740436901685804 ], [ 31.001271112600993, -29.740430870844634 ], [ 31.001215878644555, -29.740291519248007 ], [ 31.001193495035434, -29.740239866092736 ], [ 31.001167669029833, -29.740152055860818 ], [ 31.001164224731074, -29.740098680829664 ], [ 31.001276139867596, -29.740041862939798 ], [ 31.00136395132764, -29.7399988186618 ], [ 31.001512022695064, -29.739919617041537 ], [ 31.001472421804557, -29.739719892316678 ], [ 31.001784061679267, -29.739640690774419 ], [ 31.001854851723152, -29.739624257339948 ], [ 31.00190829003482, -29.739765273779724 ], [ 31.002026646144444, -29.740031017202167 ], [ 31.002108611497484, -29.740176318122625 ], [ 31.002149593348541, -29.74023096097423 ], [ 31.002199268765189, -29.740306715617198 ], [ 31.002232800123728, -29.740386196969983 ], [ 31.002332151316324, -29.740545158680963 ], [ 31.002400454583849, -29.74066438007916 ], [ 31.002455096872417, -29.740758764222821 ], [ 31.002539928910334, -29.740880465672436 ] ] ] } },
{ "type": "Feature", "properties": { "EA_CODE": "59911355", "EA_TYPE": "Informal residential", "White": 1.0, "Black_African": 702.0, "Coloured": 0.0, "Indian_Asian": 1.0, "Other": 1.0, "area_km2": 0.018632, "sal2023_est": 678.590647, "walk_typology": "Access gap", "walk_dist_k1_km": 3.4971737389669704, "exceeds_walk_k1_3km": true, "econ_status": "Non_Wealthy", "Ai_walk": 0.017327, "walk_snap_flag": false, "drive_typology": "Well-served", "walk_dist_k3_km": 7.3070519404570247, "PR_NAME": "KwaZulu-Natal", "MN_NAME": "Ethekwini", "SP_NAME": "KwaMashu A" }, "geometry": { "type": "Polygon", "coordinates": [ [ [ 30.994242525431194, -29.74275275322228 ], [ 30.994111096180458, -29.742631520710429 ], [ 30.993993128617781, -29.742611297671033 ], [ 30.993868419613054, -29.742498386957433 ], [ 30.993688096996774, -29.742580963886873 ], [ 30.993541479803806, -29.742412439400031 ], [ 30.993477609042923, -29.742289754580764 ], [ 30.993847329100436, -29.742106430873218 ], [ 30.994386867088231, -29.741847598428642 ], [ 30.995032125196499, -29.741521323649437 ], [ 30.995680296825391, -29.741171559942117 ], [ 30.995744587468288, -29.7412506196317 ], [ 30.995778073614986, -29.741366429722291 ], [ 30.995819933630415, -29.741406892971934 ], [ 30.995899464632679, -29.741581305161276 ], [ 30.996064714721552, -29.741851536059563 ], [ 30.995058918799693, -29.742352192213172 ], [ 30.994762700692473, -29.742497530360623 ], [ 30.994242525431194, -29.74275275322228 ] ] ] } },
{ "type": "Feature", "properties": { "EA_CODE": "59914499", "EA_TYPE": "Township", "White": 0.0, "Black_African": 708.0, "Coloured": 0.0, "Indian_Asian": 0.0, "Other": 0.0, "area_km2": 0.013359, "sal2023_est": 782.698761, "walk_typology": "Access gap", "walk_dist_k1_km": 3.6382574009580848, "exceeds_walk_k1_3km": true, "econ_status": "Non_Wealthy", "Ai_walk": 0.016961, "walk_snap_flag": false, "drive_typology": "Well-served", "walk_dist_k3_km": 6.535412297334771, "PR_NAME": "KwaZulu-Natal", "MN_NAME": "Ethekwini", "SP_NAME": "KwaMashu A" }, "geometry": { "type": "Polygon", "coordinates": [ [ [ 31.001651718735932, -29.744562462320811 ], [ 31.001656857326008, -29.744701632636737 ], [ 31.001461075226306, -29.745063076147794 ], [ 31.001367032006598, -29.745209092036056 ], [ 31.001226224901956, -29.74548131911439 ], [ 31.001141741153887, -29.745681578379546 ], [ 31.000943046757676, -29.74611182112843 ], [ 31.000838639305975, -29.746328295391844 ], [ 31.00077800006623, -29.746321090062324 ], [ 31.000689921625064, -29.746321090127495 ], [ 31.000654092674793, -29.745780673850501 ], [ 31.000603369686281, -29.745447569888594 ], [ 31.000705274500177, -29.745233570158515 ], [ 31.000778056476598, -29.745080727942536 ], [ 31.000654824760019, -29.744902991679325 ], [ 31.000446280592467, -29.744599654299446 ], [ 31.000283805620981, -29.744361222108516 ], [ 31.000533426008502, -29.744392696062054 ], [ 31.000688847350659, -29.744302226977997 ], [ 31.001058762572839, -29.744445075958701 ], [ 31.001204235955392, -29.744515571729295 ], [ 31.001461980722038, -29.744566109725298 ], [ 31.001651718735932, -29.744562462320811 ] ] ] } },
{ "type": "Feature", "properties": { "EA_CODE": "59914585", "EA_TYPE": "Informal residential", "White": 0.0, "Black_African": 714.0, "Coloured": 0.0, "Indian_Asian": 0.0, "Other": 0.0, "area_km2": 0.014838, "sal2023_est": 889.133912, "walk_typology": "Demand overcrowding", "walk_dist_k1_km": 2.7874800358413618, "exceeds_walk_k1_3km": false, "econ_status": "Non_Wealthy", "Ai_walk": 0.0261, "walk_snap_flag": false, "drive_typology": "Well-served", "walk_dist_k3_km": 7.6709139059435891, "PR_NAME": "KwaZulu-Natal", "MN_NAME": "Ethekwini", "SP_NAME": "KwaMashu A" }, "geometry": { "type": "Polygon", "coordinates": [ [ [ 30.993430544555832, -29.747175602917963 ], [ 30.993556332576969, -29.747162775125595 ], [ 30.993720440112831, -29.746997227840321 ], [ 30.993930613008519, -29.746713637102658 ], [ 30.994114781630685, -29.746537182914306 ], [ 30.994356628788896, -29.746397657296374 ], [ 30.994546745060624, -29.746388228865317 ], [ 30.994804221267266, -29.746375461803211 ], [ 30.994904233109636, -29.746379718078249 ], [ 30.99511276719441, -29.746309496596183 ], [ 30.995246816399543, -29.746244107030986 ], [ 30.995175846788968, -29.746359431679906 ], [ 30.9950307991041, -29.746834696417633 ], [ 30.995090978654886, -29.747005975843624 ], [ 30.995121840598102, -29.747081587373991 ], [ 30.995253000678808, -29.747209660760848 ], [ 30.99543971080892, -29.747339278235515 ], [ 30.99548834204198, -29.74738634022389 ], [ 30.995461681523814, -29.747473380182175 ], [ 30.994677538019172, -29.747408034142651 ], [ 30.99425124096209, -29.74738487921098 ], [ 30.993944086537475, -29.747359623674221 ], [ 30.993521021662318, -29.747307297448344 ], [ 30.993436941374039, -29.747292436146996 ], [ 30.993430544555832, -29.747175602917963 ] ] ] } },
{ "type": "Feature", "properties": { "EA_CODE": "59914491", "EA_TYPE": "Informal residential", "White": 1.0, "Black_African": 750.0, "Coloured": 4.0, "Indian_Asian": 0.0, "Other": 0.0, "area_km2": 0.016037, "sal2023_est": 834.657578, "walk_typology": "Access gap", "walk_dist_k1_km": 4.1184322490600742, "exceeds_walk_k1_3km": true, "econ_status": "Non_Wealthy", "Ai_walk": 0.016121, "walk_snap_flag": false, "drive_typology": "Well-served", "walk_dist_k3_km": 6.457949457446837, "PR_NAME": "KwaZulu-Natal", "MN_NAME": "Ethekwini", "SP_NAME": "KwaMashu A" }, "geometry": { "type": "Polygon", "coordinates": [ [ [ 31.000979992325945, -29.746656346098383 ], [ 31.000945056426424, -29.746730103378194 ], [ 31.000918075535161, -29.746776964364123 ], [ 31.000874055514451, -29.746853644965579 ], [ 31.000857015442062, -29.746900505053308 ], [ 31.000963516421706, -29.746918964978835 ], [ 31.001028836514575, -29.746924644833253 ], [ 31.001071437607084, -29.74692038463116 ], [ 31.001093755649269, -29.746915178424185 ], [ 31.001118897335335, -29.746956218121593 ], [ 31.001212909095148, -29.747054327241017 ], [ 31.001212885122371, -29.747054347797253 ], [ 31.001214805789804, -29.747056306897452 ], [ 31.001355027133968, -29.747199321641908 ], [ 31.001412536922327, -29.747243761579686 ], [ 31.001415993471415, -29.747245017057402 ], [ 31.001304622895752, -29.747363810890793 ], [ 31.001327474677844, -29.747395083218283 ], [ 31.001309434176225, -29.747432368636954 ], [ 31.00130342001377, -29.747496114635094 ], [ 31.00132122903425, -29.747532684724533 ], [ 31.00130582563661, -29.747626014192733 ], [ 31.001285377893055, -29.747749897911639 ], [ 31.001263729572312, -29.747769141673853 ], [ 31.001145857644481, -29.747802820172637 ], [ 31.001150669147922, -29.747891823740954 ], [ 31.001133830429421, -29.747915879364516 ], [ 31.001116992381121, -29.747977220217432 ], [ 31.001127279993842, -29.748153237728314 ], [ 31.000993364916351, -29.748177384162112 ], [ 31.000725091475225, -29.748225756757886 ], [ 31.000624982638232, -29.748227910429744 ], [ 31.000530562493879, -29.748229941336003 ], [ 31.000440710766259, -29.748246692959686 ], [ 31.00040802026027, -29.748274670857793 ], [ 31.000381825619755, -29.748286796111646 ], [ 31.000292990271095, -29.748327914308788 ], [ 31.000272177539038, -29.748311161555634 ], [ 31.000241211858782, -29.748310146823744 ], [ 31.000203646865881, -29.748329943593053 ], [ 31.000173189480243, -29.748359895428912 ], [ 31.000096098453763, -29.748402673359148 ], [ 31.000058328311944, -29.748336574598994 ], [ 31.00000678115045, -29.748298774223084 ], [ 30.999984730126613, -29.748295897687242 ], [ 30.999996639149067, -29.748218176805217 ], [ 30.999959495657986, -29.748192695614453 ], [ 30.999858739426539, -29.748090499264283 ], [ 30.999935747592268, -29.74803652173085 ], [ 30.999992601996066, -29.747892582648895 ], [ 31.000077526064615, -29.747812696983623 ], [ 31.000060254512274, -29.747714817994066 ], [ 31.00017684396142, -29.747625576318939 ], [ 31.000140447911402, -29.747540227708601 ], [ 31.000141266378762, -29.747505037679531 ], [ 31.000142012112704, -29.74747295417971 ], [ 31.000301593512972, -29.747452614968626 ], [ 31.000373561139853, -29.747274259838804 ], [ 31.000708369264345, -29.746598386715739 ], [ 31.000736865054026, -29.746539305960173 ], [ 31.000885024772945, -29.746612964586692 ], [ 31.000979992325945, -29.746656346098383 ] ] ] } },
{ "type": "Feature", "properties": { "EA_CODE": "59911371", "EA_TYPE": "Township", "White": 1.0, "Black_African": 797.0, "Coloured": 4.0, "Indian_Asian": 1.0, "Other": 4.0, "area_km2": 0.023149, "sal2023_est": 892.143927, "walk_typology": "Access gap", "walk_dist_k1_km": 3.7164287096384618, "exceeds_walk_k1_3km": true, "econ_status": "Non_Wealthy", "Ai_walk": 0.026117, "walk_snap_flag": false, "drive_typology": "Well-served", "walk_dist_k3_km": 6.7346857645304068, "PR_NAME": "KwaZulu-Natal", "MN_NAME": "Ethekwini", "SP_NAME": "KwaMashu A" }, "geometry": { "type": "Polygon", "coordinates": [ [ [ 31.001730339486606, -29.739087052688067 ], [ 31.001697531994573, -29.739104868584818 ], [ 31.00163116584767, -29.739140909793338 ], [ 31.001628904577299, -29.739099653059764 ], [ 31.001015211615471, -29.739413472737365 ], [ 31.000468996606294, -29.739682455038171 ], [ 30.999758517728594, -29.740032327752807 ], [ 30.999475610397432, -29.740171210130072 ], [ 30.99938621039356, -29.740078699562897 ], [ 30.999327494158486, -29.740004964223054 ], [ 30.999281066816305, -29.739928496201589 ], [ 30.999241468127053, -29.739845201788249 ], [ 30.999234639663932, -29.739750983272334 ], [ 30.999230544345096, -29.73956117879333 ], [ 30.999153918480687, -29.73939563517348 ], [ 31.000075711292624, -29.73894029091116 ], [ 31.001416161072399, -29.7382888448054 ], [ 31.001484791788542, -29.738253193052554 ], [ 31.001666002209554, -29.739005698133997 ], [ 31.001686781143661, -29.739006843645733 ], [ 31.001730339486606, -29.739087052688067 ] ] ] } },
{ "type": "Feature", "properties": { "EA_CODE": "59911348", "EA_TYPE": "Township", "White": 1.0, "Black_African": 810.0, "Coloured": 0.0, "Indian_Asian": 1.0, "Other": 1.0, "area_km2": 0.019765, "sal2023_est": 782.544959, "walk_typology": "Access gap", "walk_dist_k1_km": 3.4252520379361782, "exceeds_walk_k1_3km": true, "econ_status": "Non_Wealthy", "Ai_walk": 0.016371, "walk_snap_flag": false, "drive_typology": "Well-served", "walk_dist_k3_km": 7.4075945740735891, "PR_NAME": "KwaZulu-Natal", "MN_NAME": "Ethekwini", "SP_NAME": "KwaMashu A" }, "geometry": { "type": "Polygon", "coordinates": [ [ [ 30.997751790900828, -29.742625083643944 ], [ 30.997775755001221, -29.742795625056139 ], [ 30.997792988418851, -29.742876622089319 ], [ 30.997844257047365, -29.742951155789278 ], [ 30.99785933560204, -29.743027412784851 ], [ 30.997895957356459, -29.743057140668078 ], [ 30.998096163971216, -29.743112980754784 ], [ 30.998115226800081, -29.743179702289464 ], [ 30.998119409110579, -29.743194340236112 ], [ 30.998221434961856, -29.74320421188618 ], [ 30.998230939751664, -29.743396409951693 ], [ 30.99802195021703, -29.743373983912218 ], [ 30.997619600253287, -29.743394519544502 ], [ 30.997631008930142, -29.743582383996049 ], [ 30.997641657336487, -29.743917802965811 ], [ 30.99764975285925, -29.744005506898151 ], [ 30.997355903109558, -29.744022939163518 ], [ 30.99724612981548, -29.744028826556359 ], [ 30.99723432582304, -29.744019025189868 ], [ 30.997037427630293, -29.743878383425102 ], [ 30.996705808156502, -29.743641511763666 ], [ 30.996430445635099, -29.743432770325576 ], [ 30.996152121673632, -29.74321736470414 ], [ 30.995953157881647, -29.743072410115527 ], [ 30.996241064614459, -29.742781112237367 ], [ 30.996423936761762, -29.74256604461679 ], [ 30.99649135902197, -29.742597393986138 ], [ 30.996600826603945, -29.742726091833209 ], [ 30.996759109639747, -29.742739405278165 ], [ 30.996858220891976, -29.742721654326811 ], [ 30.99688975243216, -29.74271298290077 ], [ 30.996917392214772, -29.742705381950813 ], [ 30.997096384647815, -29.74263585502889 ], [ 30.997152598557729, -29.742635855300268 ], [ 30.997230999258758, -29.742644730778714 ], [ 30.997525376362329, -29.742646210144411 ], [ 30.997751790900828, -29.742625083643944 ] ] ] } },
{ "type": "Feature", "properties": { "EA_CODE": "59914497", "EA_TYPE": "Township", "White": 0.0, "Black_African": 824.0, "Coloured": 0.0, "Indian_Asian": 0.0, "Other": 0.0, "area_km2": 0.022729, "sal2023_est": 910.937542, "walk_typology": "Access gap", "walk_dist_k1_km": 3.6382574009580848, "exceeds_walk_k1_3km": true, "econ_status": "Non_Wealthy", "Ai_walk": 0.016961, "walk_snap_flag": false, "drive_typology": "Well-served", "walk_dist_k3_km": 6.535412297334771, "PR_NAME": "KwaZulu-Natal", "MN_NAME": "Ethekwini", "SP_NAME": "KwaMashu A" }, "geometry": { "type": "Polygon", "coordinates": [ [ [ 31.000283805620981, -29.744361222108516 ], [ 31.000446280592467, -29.744599654299446 ], [ 31.000654824760019, -29.744902991679325 ], [ 31.000778056476598, -29.745080727942536 ], [ 31.000705274500177, -29.745233570158515 ], [ 31.000613345601806, -29.745229525975137 ], [ 31.000509051569527, -29.745235661273878 ], [ 31.000292280102364, -29.745317460707508 ], [ 30.999978543773324, -29.745435694174976 ], [ 30.999603114479097, -29.745577176973828 ], [ 30.999429287648621, -29.745613987236165 ], [ 30.999353623481714, -29.745661021884985 ], [ 30.999277958135174, -29.745681472331782 ], [ 30.999149122992073, -29.74575100211533 ], [ 30.998985522400471, -29.745990267997694 ], [ 30.998864867370632, -29.746186587692421 ], [ 30.998781022589267, -29.746268388660017 ], [ 30.998662135126224, -29.74630968607951 ], [ 30.998676183202374, -29.74610004670329 ], [ 30.998679546076669, -29.745899928345114 ], [ 30.998662729777784, -29.745763713378718 ], [ 30.998615642956043, -29.745661130826811 ], [ 30.998562282892781, -29.745588295054191 ], [ 30.998428531713877, -29.745421106370305 ], [ 30.998729830159878, -29.745222631396771 ], [ 30.998925796629294, -29.744988978862803 ], [ 30.999347878836105, -29.744519161402451 ], [ 30.999594094211265, -29.744539260319435 ], [ 30.999780011592335, -29.744494037370522 ], [ 30.999918191616217, -29.744260385228721 ], [ 30.99998100180601, -29.744164913926188 ], [ 31.00012420839699, -29.744021707320297 ], [ 31.000220346711316, -29.74392438859077 ], [ 31.000211088756195, -29.744073615332145 ], [ 31.00021108875773, -29.744194083798757 ], [ 31.000223026830309, -29.744248350042074 ], [ 31.000283805620981, -29.744361222108516 ] ] ] } },
{ "type": "Feature", "properties": { "EA_CODE": "59911365", "EA_TYPE": "Township", "White": 0.0, "Black_African": 917.0, "Coloured": 0.0, "Indian_Asian": 0.0, "Other": 0.0, "area_km2": 0.033853, "sal2023_est": 882.649111, "walk_typology": "Access gap", "walk_dist_k1_km": 3.731020786942747, "exceeds_walk_k1_3km": true, "econ_status": "Non_Wealthy", "Ai_walk": 0.018867, "walk_snap_flag": false, "drive_typology": "Well-served", "walk_dist_k3_km": 7.048966407632145, "PR_NAME": "KwaZulu-Natal", "MN_NAME": "Ethekwini", "SP_NAME": "KwaMashu A" }, "geometry": { "type": "Polygon", "coordinates": [ [ [ 30.999475610397432, -29.740171210130072 ], [ 30.998505621106897, -29.740647387278973 ], [ 30.998477193143618, -29.740661206614966 ], [ 30.997833561786258, -29.740974111338826 ], [ 30.997474178381758, -29.741148826671726 ], [ 30.997271708130025, -29.741247258305499 ], [ 30.996064714721552, -29.741851536059563 ], [ 30.995899464632679, -29.741581305161276 ], [ 30.995819933630415, -29.741406892971934 ], [ 30.995778073614986, -29.741366429722291 ], [ 30.995744587468288, -29.7412506196317 ], [ 30.995680296825391, -29.741171559942117 ], [ 30.995883355030287, -29.741061987215272 ], [ 30.996410134026178, -29.740759408862182 ], [ 30.997480096012858, -29.740216225280353 ], [ 30.998562818311385, -29.739687623863546 ], [ 30.999153918480687, -29.73939563517348 ], [ 30.999230544345096, -29.73956117879333 ], [ 30.999234639663932, -29.739750983272334 ], [ 30.999241468127053, -29.739845201788249 ], [ 30.999281066816305, -29.739928496201589 ], [ 30.999327494158486, -29.740004964223054 ], [ 30.99938621039356, -29.740078699562897 ], [ 30.999475610397432, -29.740171210130072 ] ] ] } },
{ "type": "Feature", "properties": { "EA_CODE": "59911380", "EA_TYPE": "Township", "White": 0.0, "Black_African": 509.0, "Coloured": 0.0, "Indian_Asian": 0.0, "Other": 0.0, "area_km2": 0.110677, "sal2023_est": 475.617955, "walk_typology": "Access gap", "walk_dist_k1_km": 5.2997649612244242, "exceeds_walk_k1_3km": true, "econ_status": "Non_Wealthy", "Ai_walk": 0.019522, "walk_snap_flag": false, "drive_typology": "Well-served", "walk_dist_k3_km": 5.5555155255276603, "PR_NAME": "KwaZulu-Natal", "MN_NAME": "Ethekwini", "SP_NAME": "Dalefarm" }, "geometry": { "type": "Polygon", "coordinates": [ [ [ 31.009900151973032, -29.737244634749043 ], [ 31.0099527766215, -29.737420051974762 ], [ 31.010033861036796, -29.737600238129723 ], [ 31.010096926481779, -29.737811955570528 ], [ 31.010175643047521, -29.737900665157664 ], [ 31.010277336771416, -29.738112298993403 ], [ 31.010299324965011, -29.7381920047915 ], [ 31.01026359394778, -29.738249723044145 ], [ 31.010423007054658, -29.738563051269601 ], [ 31.010604407076269, -29.738917605618671 ], [ 31.010854520634279, -29.739406838284491 ], [ 31.010943797607627, -29.739591287205851 ], [ 31.011096954870116, -29.739748948861369 ], [ 31.011205066070207, -29.739784986310386 ], [ 31.011380747094126, -29.739798499573276 ], [ 31.011587960114788, -29.739843546829874 ], [ 31.01166003551975, -29.73987507866855 ], [ 31.011736613509623, -29.739861564971289 ], [ 31.011957074899843, -29.739843445432303 ], [ 31.011963735385748, -29.739868125416315 ], [ 31.011997251396423, -29.740055817814934 ], [ 31.012094448847513, -29.740266971625235 ], [ 31.012198350209598, -29.740514993156516 ], [ 31.012245272896898, -29.740602135645474 ], [ 31.012208405467188, -29.740649058993249 ], [ 31.012144724478343, -29.740752959775079 ], [ 31.01201065760382, -29.74087026757724 ], [ 31.011789448735254, -29.740940653241125 ], [ 31.0114710434204, -29.74097752114028 ], [ 31.01118280113646, -29.740954058990525 ], [ 31.010958240982852, -29.740987576379016 ], [ 31.010804065100309, -29.741188675249809 ], [ 31.010760492749434, -29.741376367258759 ], [ 31.01076439277567, -29.741391965106711 ], [ 31.010682246824278, -29.741375535362835 ], [ 31.010520627536675, -29.741366556536512 ], [ 31.01030513555537, -29.741348599064619 ], [ 31.010107599796097, -29.741285747177916 ], [ 31.009928022995428, -29.741186979380782 ], [ 31.009712530329953, -29.74098944416016 ], [ 31.009353375601769, -29.740980466071711 ], [ 31.008976263514178, -29.741079233357819 ], [ 31.008796686306159, -29.740791909433767 ], [ 31.008563235789421, -29.740307050579759 ], [ 31.008222038941607, -29.739552827265463 ], [ 31.007611475669229, -29.7382957858735 ], [ 31.007600640745995, -29.73827271675588 ], [ 31.007605169211324, -29.738264870901851 ], [ 31.007787527616163, -29.737948923795891 ], [ 31.008137803216393, -29.73738976855585 ], [ 31.008272913850188, -29.737117484136451 ], [ 31.008357046015131, -29.737334287321985 ], [ 31.008510225916801, -29.737532852302838 ], [ 31.008635037669951, -29.737623624916488 ], [ 31.008759850695309, -29.737686031295016 ], [ 31.008907356786555, -29.737731418067995 ], [ 31.009196695480068, -29.737708725047931 ], [ 31.009389587890844, -29.737634972244692 ], [ 31.009837779300387, -29.737288899917466 ], [ 31.009900151973032, -29.737244634749043 ] ] ] } },
{ "type": "Feature", "properties": { "EA_CODE": "59913571", "EA_TYPE": "Township", "White": 1.0, "Black_African": 576.0, "Coloured": 0.0, "Indian_Asian": 2.0, "Other": 0.0, "area_km2": 0.081553, "sal2023_est": 541.027104, "walk_typology": "Access gap", "walk_dist_k1_km": 5.1659129841121834, "exceeds_walk_k1_3km": true, "econ_status": "Non_Wealthy", "Ai_walk": 0.020322, "walk_snap_flag": false, "drive_typology": "Well-served", "walk_dist_k3_km": 5.8461416500082368, "PR_NAME": "KwaZulu-Natal", "MN_NAME": "Ethekwini", "SP_NAME": "Dalefarm" }, "geometry": { "type": "Polygon", "coordinates": [ [ [ 31.013599338836588, -29.73582603887759 ], [ 31.013606042198887, -29.735886369196123 ], [ 31.013833954251499, -29.735872962052756 ], [ 31.013750162977693, -29.735996972555789 ], [ 31.013622799706724, -29.736107577259194 ], [ 31.01333455894007, -29.736281863290714 ], [ 31.013036261974339, -29.736399171439039 ], [ 31.012935712627801, -29.736469555295958 ], [ 31.012898844195643, -29.736563401184714 ], [ 31.012872031366644, -29.736684061096184 ], [ 31.012841865875, -29.736821478264016 ], [ 31.012815053290911, -29.73688515920211 ], [ 31.012707801159902, -29.736962247127469 ], [ 31.012617306075125, -29.736975653862469 ], [ 31.012476536896507, -29.736975654221268 ], [ 31.012382690825142, -29.737109720307963 ], [ 31.0123089536661, -29.737200213915454 ], [ 31.012258680135393, -29.737263895969214 ], [ 31.012191647488375, -29.73735103837388 ], [ 31.012148075168326, -29.737481752550448 ], [ 31.012121262339893, -29.73760241237208 ], [ 31.012064283676597, -29.737759939126523 ], [ 31.011993899844512, -29.737954334962854 ], [ 31.012057581419405, -29.738138676002997 ], [ 31.012034119028016, -29.738333071327926 ], [ 31.011940272643564, -29.738497302343418 ], [ 31.011809558787188, -29.73858779598071 ], [ 31.011658734709457, -29.738681642019575 ], [ 31.011571592481108, -29.738778840150978 ], [ 31.011668790225297, -29.738949773638357 ], [ 31.011709010064127, -29.739097247372449 ], [ 31.011789448887875, -29.739345268757468 ], [ 31.011906756755096, -29.739656971651169 ], [ 31.011957074899843, -29.739843445432303 ], [ 31.011736613509623, -29.739861564971289 ], [ 31.01166003551975, -29.73987507866855 ], [ 31.011587960114788, -29.739843546829874 ], [ 31.011380747094126, -29.739798499573276 ], [ 31.011205066070207, -29.739784986310386 ], [ 31.011096954870116, -29.739748948861369 ], [ 31.010943797607627, -29.739591287205851 ], [ 31.010854520634279, -29.739406838284491 ], [ 31.010604407076269, -29.738917605618671 ], [ 31.010423007054658, -29.738563051269601 ], [ 31.01026359394778, -29.738249723044145 ], [ 31.010299324965011, -29.7381920047915 ], [ 31.010277336771416, -29.738112298993403 ], [ 31.010175643047521, -29.737900665157664 ], [ 31.010096926481779, -29.737811955570528 ], [ 31.010033861036796, -29.737600238129723 ], [ 31.0099527766215, -29.737420051974762 ], [ 31.009900151973032, -29.737244634749043 ], [ 31.010189522702937, -29.737039274719589 ], [ 31.010694446884592, -29.736676182740137 ], [ 31.011046192305795, -29.736420884942465 ], [ 31.011624869063038, -29.735995386591789 ], [ 31.01194824659914, -29.735762781673415 ], [ 31.012129855476257, -29.73559693893591 ], [ 31.012299330244872, -29.735345648010941 ], [ 31.012401599943825, -29.735202470360463 ], [ 31.012454632135956, -29.735062776138061 ], [ 31.012636991988298, -29.735126205010996 ], [ 31.012759098921723, -29.735142705709638 ], [ 31.012861405609428, -29.735221909910912 ], [ 31.012937309311955, -29.735320915734274 ], [ 31.013122118760247, -29.735416621325896 ], [ 31.013599339387014, -29.73567521512415 ], [ 31.013599338836588, -29.73582603887759 ] ] ] } },
{ "type": "Feature", "properties": { "EA_CODE": "59911391", "EA_TYPE": "Township", "White": 0.0, "Black_African": 569.0, "Coloured": 7.0, "Indian_Asian": 4.0, "Other": 6.0, "area_km2": 0.467758, "sal2023_est": 547.568019, "walk_typology": "Access gap", "walk_dist_k1_km": 4.6416130558373343, "exceeds_walk_k1_3km": true, "econ_status": "Non_Wealthy", "Ai_walk": 0.046843, "walk_snap_flag": false, "drive_typology": "Well-served", "walk_dist_k3_km": 8.0025284494048776, "PR_NAME": "KwaZulu-Natal", "MN_NAME": "Ethekwini", "SP_NAME": "Dalefarm" }, "geometry": { "type": "Polygon", "coordinates": [ [ [ 31.012176608727749, -29.727731913564256 ], [ 31.012159046066152, -29.727735900764589 ], [ 31.012381415591527, -29.728023363382988 ], [ 31.01246330054715, -29.728146189917428 ], [ 31.012598410622367, -29.728273112377838 ], [ 31.012790840553588, -29.728363186061816 ], [ 31.012962799520928, -29.728367280421264 ], [ 31.013065155049841, -29.728457353024897 ], [ 31.013228924688313, -29.728588370137231 ], [ 31.013269868298512, -29.728690726284619 ], [ 31.013343564267231, -29.728805364945753 ], [ 31.013450015083997, -29.72895685181954 ], [ 31.013585125633725, -29.729096056915907 ], [ 31.01370795293322, -29.729218884806855 ], [ 31.013830779804405, -29.729296674916608 ], [ 31.01394541987602, -29.729345805839788 ], [ 31.014060059308314, -29.729411313593648 ], [ 31.014109645373232, -29.729472803969493 ], [ 31.014303742361154, -29.729725130806273 ], [ 31.014526286404585, -29.729839992991437 ], [ 31.014461174897484, -29.729924316928056 ], [ 31.014425222668574, -29.729986233183762 ], [ 31.014337342429901, -29.730008202666646 ], [ 31.014285412682685, -29.730022184647343 ], [ 31.014169568840789, -29.73009808215053 ], [ 31.014095669514649, -29.730167986903204 ], [ 31.014035750457584, -29.730201942358438 ], [ 31.013963847465341, -29.730203938791671 ], [ 31.01388395504399, -29.730203938849556 ], [ 31.013830028540863, -29.730231901102265 ], [ 31.013695434522695, -29.730254878831239 ], [ 31.013592452316335, -29.730279111033958 ], [ 31.013492498038154, -29.730303342240976 ], [ 31.013416776055635, -29.730330601577972 ], [ 31.01338194280579, -29.730354832642188 ], [ 31.013366799283514, -29.730386636639437 ], [ 31.013344081696385, -29.730432070358493 ], [ 31.013304706033246, -29.73052748143936 ], [ 31.013233526938215, -29.730591087331756 ], [ 31.013221410869619, -29.730621376122965 ], [ 31.013288047292523, -29.730697098978666 ], [ 31.013360740744631, -29.730759191268241 ], [ 31.013404660306907, -29.730797053396817 ], [ 31.013436463249025, -29.730866716826057 ], [ 31.013465237857716, -29.730954556323741 ], [ 31.012857464647109, -29.731276078274274 ], [ 31.01283336931656, -29.731288825145274 ], [ 31.012786764574642, -29.731313480220887 ], [ 31.012224903098307, -29.731614856068198 ], [ 31.012173411774032, -29.731649687911609 ], [ 31.011962614644613, -29.731728918028079 ], [ 31.011849845732147, -29.731795253300703 ], [ 31.011790145437583, -29.73183836990102 ], [ 31.011763611462168, -29.731884805306443 ], [ 31.011700592901551, -29.731911339200344 ], [ 31.011617673904489, -29.731934556220036 ], [ 31.011398770519943, -29.732060591697334 ], [ 31.010914526395954, -29.732329247411126 ], [ 31.010886620373938, -29.732346160359512 ], [ 31.010695622188553, -29.732461916814682 ], [ 31.010397444827529, -29.73263422713892 ], [ 31.008227391049239, -29.733888259039826 ], [ 31.007925710473074, -29.733411408930383 ], [ 31.007430824979068, -29.732588743191123 ], [ 31.006887737595736, -29.731743582618204 ], [ 31.006669215679782, -29.731351531189322 ], [ 31.006495685107975, -29.730953052305065 ], [ 31.006424988210348, -29.730702396394474 ], [ 31.006351075756072, -29.730393896918276 ], [ 31.006318940862592, -29.730140026670423 ], [ 31.006280378096616, -29.72858146080679 ], [ 31.006249519801425, -29.72647186873332 ], [ 31.006511444612435, -29.726478105775652 ], [ 31.006718712586849, -29.726404558644717 ], [ 31.006932664911925, -29.726257466766118 ], [ 31.007186734322481, -29.72605019966241 ], [ 31.007246908631203, -29.725923165020248 ], [ 31.007414058626345, -29.725802817252806 ], [ 31.007628012154733, -29.725582177970178 ], [ 31.008069289803693, -29.725495258632115 ], [ 31.008236440313333, -29.725468515328924 ], [ 31.008376847104596, -29.725508630737032 ], [ 31.008791381348399, -29.725461828802526 ], [ 31.008958532251061, -29.725562119943213 ], [ 31.009266089300812, -29.725522002720815 ], [ 31.009600389641143, -29.725495259233057 ], [ 31.010028295918687, -29.725555434112646 ], [ 31.01032916813157, -29.725735955890329 ], [ 31.010670155412253, -29.725769386704194 ], [ 31.01090416601842, -29.725929850641606 ], [ 31.011178293044122, -29.726257466723187 ], [ 31.011579454627114, -29.726765604701097 ], [ 31.011733233943033, -29.726986243723729 ], [ 31.011806780240917, -29.727146709005606 ], [ 31.011793407734853, -29.727327230663708 ], [ 31.011873640346181, -29.727467637601375 ], [ 31.011987303531622, -29.727601359151517 ], [ 31.012176608727749, -29.727731913564256 ] ] ] } },
{ "type": "Feature", "properties": { "EA_CODE": "59913576", "EA_TYPE": "Township", "White": 0.0, "Black_African": 569.0, "Coloured": 7.0, "Indian_Asian": 4.0, "Other": 6.0, "area_km2": 0.044813, "sal2023_est": 547.568019, "walk_typology": "Access gap", "walk_dist_k1_km": 5.7598299706376404, "exceeds_walk_k1_3km": true, "econ_status": "Non_Wealthy", "Ai_walk": 0.017005, "walk_snap_flag": false, "drive_typology": "Well-served", "walk_dist_k3_km": 6.6135066961251434, "PR_NAME": "KwaZulu-Natal", "MN_NAME": "Ethekwini", "SP_NAME": "Dalefarm" }, "geometry": { "type": "Polygon", "coordinates": [ [ [ 31.013116901572083, -29.731618766810367 ], [ 31.013181203541333, -29.731835205261575 ], [ 31.01298831660759, -29.731868539947346 ], [ 31.013014460867446, -29.732244741625681 ], [ 31.013027819391787, -29.732356153169356 ], [ 31.013042608254224, -29.732719958830053 ], [ 31.013054439239564, -29.73277911406689 ], [ 31.013048523944072, -29.732903340633015 ], [ 31.013001200355188, -29.733009820254903 ], [ 31.012921340212959, -29.73306897556213 ], [ 31.012817817758481, -29.733107426581501 ], [ 31.012584154255205, -29.733139961956685 ], [ 31.012598943097561, -29.733273062075398 ], [ 31.012569365381847, -29.733364753030934 ], [ 31.012492462694485, -29.733480105947592 ], [ 31.012597778271488, -29.733676266070976 ], [ 31.012768046593443, -29.734059553197827 ], [ 31.012492642706476, -29.733972782037547 ], [ 31.012356827219502, -29.733950146999675 ], [ 31.012243647604183, -29.733953918728382 ], [ 31.011643796906469, -29.733987873374481 ], [ 31.011470735509686, -29.73400059841757 ], [ 31.011387257018441, -29.734006736152704 ], [ 31.011056587036748, -29.734022634127982 ], [ 31.011009588607187, -29.733395987865293 ], [ 31.010992486932142, -29.733176517401073 ], [ 31.010995337864003, -29.733028301945204 ], [ 31.011009589479876, -29.73290574129987 ], [ 31.011115049521134, -29.732697671232273 ], [ 31.010978235700243, -29.732495300715208 ], [ 31.010886620373938, -29.732346160359512 ], [ 31.010914526395954, -29.732329247411126 ], [ 31.011398770519943, -29.732060591697334 ], [ 31.011617673904489, -29.731934556220036 ], [ 31.011700592901551, -29.731911339200344 ], [ 31.011763611462168, -29.731884805306443 ], [ 31.011790145437583, -29.73183836990102 ], [ 31.011849845732147, -29.731795253300703 ], [ 31.011962614644613, -29.731728918028079 ], [ 31.012173411774032, -29.731649687911609 ], [ 31.012224903098307, -29.731614856068198 ], [ 31.012786764574642, -29.731313480220887 ], [ 31.01283336931656, -29.731288825145274 ], [ 31.013006215392355, -29.731479112698882 ], [ 31.013055803789435, -29.731625541827853 ], [ 31.013116901572083, -29.731618766810367 ] ] ] } },
{ "type": "Feature", "properties": { "EA_CODE": "59911383", "EA_TYPE": "Township", "White": 0.0, "Black_African": 659.0, "Coloured": 0.0, "Indian_Asian": 0.0, "Other": 0.0, "area_km2": 0.073235, "sal2023_est": 615.780417, "walk_typology": "Access gap", "walk_dist_k1_km": 5.2019144889214761, "exceeds_walk_k1_3km": true, "econ_status": "Non_Wealthy", "Ai_walk": 0.020104, "walk_snap_flag": false, "drive_typology": "Well-served", "walk_dist_k3_km": 6.0178424846774483, "PR_NAME": "KwaZulu-Natal", "MN_NAME": "Ethekwini", "SP_NAME": "Dalefarm" }, "geometry": { "type": "Polygon", "coordinates": [ [ [ 31.012768046593443, -29.734059553197827 ], [ 31.012586958853106, -29.734674494723954 ], [ 31.012521401657544, -29.734886894944324 ], [ 31.012454632135956, -29.735062776138061 ], [ 31.012401599943825, -29.735202470360463 ], [ 31.012299330244872, -29.735345648010941 ], [ 31.012129855476257, -29.73559693893591 ], [ 31.01194824659914, -29.735762781673415 ], [ 31.011624869063038, -29.735995386591789 ], [ 31.011046192305795, -29.736420884942465 ], [ 31.010694446884592, -29.736676182740137 ], [ 31.010189522702937, -29.737039274719589 ], [ 31.009900151973032, -29.737244634749043 ], [ 31.009837779300387, -29.737288899917466 ], [ 31.009389587890844, -29.737634972244692 ], [ 31.009196695480068, -29.737708725047931 ], [ 31.008907356786555, -29.737731418067995 ], [ 31.008759850695309, -29.737686031295016 ], [ 31.008635037669951, -29.737623624916488 ], [ 31.008510225916801, -29.737532852302838 ], [ 31.008357046015131, -29.737334287321985 ], [ 31.008272913850188, -29.737117484136451 ], [ 31.008558776689128, -29.736541394665267 ], [ 31.008630361618152, -29.736279499124507 ], [ 31.008912535196149, -29.736338132179991 ], [ 31.009380112404887, -29.736327788387079 ], [ 31.009208390806524, -29.736058827644829 ], [ 31.009189770803562, -29.735901590039063 ], [ 31.009230041380384, -29.735807323579099 ], [ 31.009614160199895, -29.735805259265248 ], [ 31.009697114855289, -29.735815873250491 ], [ 31.009893444013112, -29.73576465712312 ], [ 31.010196473952508, -29.735645151832024 ], [ 31.010537518895418, -29.735485399820899 ], [ 31.010545290885386, -29.735359097774133 ], [ 31.010553063820264, -29.735057914167548 ], [ 31.01056277929494, -29.73482668262303 ], [ 31.010574438375421, -29.734661517315498 ], [ 31.010582210749359, -29.734572134368545 ], [ 31.010601418747417, -29.734458166576911 ], [ 31.011493791566544, -29.734404084143442 ], [ 31.011470735509686, -29.73400059841757 ], [ 31.011643796906469, -29.733987873374481 ], [ 31.012243647604183, -29.733953918728382 ], [ 31.012356827219502, -29.733950146999675 ], [ 31.012492642706476, -29.733972782037547 ], [ 31.012768046593443, -29.734059553197827 ] ] ] } },
{ "type": "Feature", "properties": { "EA_CODE": "59913573", "EA_TYPE": "Township", "White": 0.0, "Black_African": 702.0, "Coloured": 0.0, "Indian_Asian": 0.0, "Other": 0.0, "area_km2": 0.059342, "sal2023_est": 655.960323, "walk_typology": "Access gap", "walk_dist_k1_km": 5.6509515672980779, "exceeds_walk_k1_3km": true, "econ_status": "Non_Wealthy", "Ai_walk": 0.01757, "walk_snap_flag": false, "drive_typology": "Well-served", "walk_dist_k3_km": 6.4070436843782641, "PR_NAME": "KwaZulu-Natal", "MN_NAME": "Ethekwini", "SP_NAME": "Dalefarm" }, "geometry": { "type": "Polygon", "coordinates": [ [ [ 31.013599339387014, -29.73567521512415 ], [ 31.013122118760247, -29.735416621325896 ], [ 31.012937309311955, -29.735320915734274 ], [ 31.012861405609428, -29.735221909910912 ], [ 31.012759098921723, -29.735142705709638 ], [ 31.012636991988298, -29.735126205010996 ], [ 31.012454632135956, -29.735062776138061 ], [ 31.012521401657544, -29.734886894944324 ], [ 31.012586958853106, -29.734674494723954 ], [ 31.012768046593443, -29.734059553197827 ], [ 31.012597778271488, -29.733676266070976 ], [ 31.012492462694485, -29.733480105947592 ], [ 31.012569365381847, -29.733364753030934 ], [ 31.012598943097561, -29.733273062075398 ], [ 31.012584154255205, -29.733139961956685 ], [ 31.012817817758481, -29.733107426581501 ], [ 31.012921340212959, -29.73306897556213 ], [ 31.013001200355188, -29.733009820254903 ], [ 31.013048523944072, -29.732903340633015 ], [ 31.013054439239564, -29.73277911406689 ], [ 31.013042608254224, -29.732719958830053 ], [ 31.013027819391787, -29.732356153169356 ], [ 31.013014460867446, -29.732244741625681 ], [ 31.013139097677747, -29.732244741570682 ], [ 31.013359376671708, -29.732227578113772 ], [ 31.013485251474812, -29.732239020834623 ], [ 31.013651176154895, -29.732276211419197 ], [ 31.013788492636511, -29.732342008434934 ], [ 31.013868595359934, -29.732404945221798 ], [ 31.013974443536675, -29.73250793272781 ], [ 31.01404310153287, -29.732590894734095 ], [ 31.014094595607169, -29.732665275165822 ], [ 31.014130090073106, -29.73278516028239 ], [ 31.014147132291715, -29.732811094089648 ], [ 31.014144167901026, -29.73282887794414 ], [ 31.014194488339271, -29.732972648652623 ], [ 31.014415281040613, -29.732916800954186 ], [ 31.014643138352504, -29.733806869070698 ], [ 31.014624150528949, -29.733842472080308 ], [ 31.014659752963674, -29.733904183184141 ], [ 31.014852007612625, -29.734065581569354 ], [ 31.014973057615119, -29.734245968845599 ], [ 31.015053245045262, -29.734392656127287 ], [ 31.015050602268854, -29.734394886180329 ], [ 31.014916535764662, -29.734448512097256 ], [ 31.014829392787735, -29.734485380038066 ], [ 31.014722141574051, -29.734562467533785 ], [ 31.0146886241053, -29.734689830203248 ], [ 31.014681921604907, -29.734844005947632 ], [ 31.014551207167635, -29.734984774652123 ], [ 31.014403734403356, -29.735065214697084 ], [ 31.014259613130626, -29.735179171006667 ], [ 31.014085327689561, -29.735262961687202 ], [ 31.013931152091136, -29.735350104608177 ], [ 31.013753513929714, -29.735500929440189 ], [ 31.013663020183429, -29.735594774647105 ], [ 31.013599339387014, -29.73567521512415 ] ] ] } },
{ "type": "Feature", "properties": { "EA_CODE": "59913574", "EA_TYPE": "Township", "White": 1.0, "Black_African": 847.0, "Coloured": 2.0, "Indian_Asian": 0.0, "Other": 0.0, "area_km2": 0.140267, "sal2023_est": 794.253952, "walk_typology": "Access gap", "walk_dist_k1_km": 5.8298297530585756, "exceeds_walk_k1_3km": true, "econ_status": "Non_Wealthy", "Ai_walk": 0.016652, "walk_snap_flag": false, "drive_typology": "Well-served", "walk_dist_k3_km": 6.5859218701387627, "PR_NAME": "KwaZulu-Natal", "MN_NAME": "Ethekwini", "SP_NAME": "Dalefarm" }, "geometry": { "type": "Polygon", "coordinates": [ [ [ 31.015982690455708, -29.731268209915072 ], [ 31.016652327087229, -29.731636995776629 ], [ 31.016942074098857, -29.731797392033684 ], [ 31.017195801751679, -29.731937848298617 ], [ 31.017671342512781, -29.732471617398499 ], [ 31.018030423444788, -29.732801583955737 ], [ 31.018263339858716, -29.733063615602134 ], [ 31.01829397478307, -29.733152966429323 ], [ 31.018270472835141, -29.733213399089699 ], [ 31.018188301577378, -29.733521543691928 ], [ 31.018085586619438, -29.733665345396645 ], [ 31.017952870593206, -29.733798061185482 ], [ 31.017931513086435, -29.733819417589999 ], [ 31.017448751921219, -29.734004305089123 ], [ 31.017181693547684, -29.734086477190967 ], [ 31.017017348817181, -29.734137834773271 ], [ 31.016870546148503, -29.734133456689054 ], [ 31.016713019194498, -29.734133456950687 ], [ 31.01659235963443, -29.734133456831124 ], [ 31.016401316113992, -29.734136809091147 ], [ 31.016324228171769, -29.734180379568588 ], [ 31.016247139952839, -29.734311093924674 ], [ 31.016146591017129, -29.734354666175502 ], [ 31.016009172881251, -29.734290984186565 ], [ 31.015808073817322, -29.734280929641521 ], [ 31.01569747038776, -29.734267522676408 ], [ 31.015596920133028, -29.734260820037168 ], [ 31.015456151311181, -29.734220599932211 ], [ 31.01530532673743, -29.734190435283271 ], [ 31.015157855232669, -29.734304390584629 ], [ 31.015053245045262, -29.734392656127287 ], [ 31.014973057615119, -29.734245968845599 ], [ 31.014852007612625, -29.734065581569354 ], [ 31.014659752963674, -29.733904183184141 ], [ 31.014624150528949, -29.733842472080308 ], [ 31.014643138352504, -29.733806869070698 ], [ 31.014415281040613, -29.732916800954186 ], [ 31.014194488339271, -29.732972648652623 ], [ 31.014144167901026, -29.73282887794414 ], [ 31.014147132291715, -29.732811094089648 ], [ 31.014130090073106, -29.73278516028239 ], [ 31.014094595607169, -29.732665275165822 ], [ 31.01404310153287, -29.732590894734095 ], [ 31.013974443536675, -29.73250793272781 ], [ 31.013868595359934, -29.732404945221798 ], [ 31.013788492636511, -29.732342008434934 ], [ 31.013651176154895, -29.732276211419197 ], [ 31.013485251474812, -29.732239020834623 ], [ 31.013359376671708, -29.732227578113772 ], [ 31.013139097677747, -29.732244741570682 ], [ 31.013014460867446, -29.732244741625681 ], [ 31.01298831660759, -29.731868539947346 ], [ 31.013181203541333, -29.731835205261575 ], [ 31.013116901572083, -29.731618766810367 ], [ 31.013055803789435, -29.731625541827853 ], [ 31.013006215392355, -29.731479112698882 ], [ 31.01283336931656, -29.731288825145274 ], [ 31.012857464647109, -29.731276078274274 ], [ 31.013465237857716, -29.730954556323741 ], [ 31.013436463249025, -29.730866716826057 ], [ 31.013404660306907, -29.730797053396817 ], [ 31.013360740744631, -29.730759191268241 ], [ 31.013288047292523, -29.730697098978666 ], [ 31.013221410869619, -29.730621376122965 ], [ 31.013233526938215, -29.730591087331756 ], [ 31.013304706033246, -29.73052748143936 ], [ 31.013344081696385, -29.730432070358493 ], [ 31.013366799283514, -29.730386636639437 ], [ 31.01338194280579, -29.730354832642188 ], [ 31.013416776055635, -29.730330601577972 ], [ 31.013492498038154, -29.730303342240976 ], [ 31.013592452316335, -29.730279111033958 ], [ 31.013695434522695, -29.730254878831239 ], [ 31.013830028540863, -29.730231901102265 ], [ 31.01388395504399, -29.730203938849556 ], [ 31.013963847465341, -29.730203938791671 ], [ 31.014035750457584, -29.730201942358438 ], [ 31.014095669514649, -29.730167986903204 ], [ 31.014169568840789, -29.73009808215053 ], [ 31.014285412682685, -29.730022184647343 ], [ 31.014337342429901, -29.730008202666646 ], [ 31.014425222668574, -29.729986233183762 ], [ 31.014461174897484, -29.729924316928056 ], [ 31.014526286404585, -29.729839992991437 ], [ 31.01460459392634, -29.729880410169475 ], [ 31.014779281793828, -29.729958048933248 ], [ 31.014808397621174, -29.73005509778757 ], [ 31.014983085135956, -29.730258901278422 ], [ 31.015439214848737, -29.730782965081779 ], [ 31.015982690455708, -29.731268209915072 ] ] ] } },
{ "type": "Feature", "properties": { "EA_CODE": "59911386", "EA_TYPE": "Township", "White": 0.0, "Black_African": 916.0, "Coloured": 0.0, "Indian_Asian": 0.0, "Other": 0.0, "area_km2": 0.0713, "sal2023_est": 855.925435, "walk_typology": "Access gap", "walk_dist_k1_km": 5.3933414075301229, "exceeds_walk_k1_3km": true, "econ_status": "Non_Wealthy", "Ai_walk": 0.018982, "walk_snap_flag": false, "drive_typology": "Well-served", "walk_dist_k3_km": 6.2804365414284948, "PR_NAME": "KwaZulu-Natal", "MN_NAME": "Ethekwini", "SP_NAME": "Dalefarm" }, "geometry": { "type": "Polygon", "coordinates": [ [ [ 31.011009588607187, -29.733395987865293 ], [ 31.011056587036748, -29.734022634127982 ], [ 31.011387257018441, -29.734006736152704 ], [ 31.011470735509686, -29.73400059841757 ], [ 31.011493791566544, -29.734404084143442 ], [ 31.010601418747417, -29.734458166576911 ], [ 31.010582210749359, -29.734572134368545 ], [ 31.010574438375421, -29.734661517315498 ], [ 31.01056277929494, -29.73482668262303 ], [ 31.010553063820264, -29.735057914167548 ], [ 31.010545290885386, -29.735359097774133 ], [ 31.010537518895418, -29.735485399820899 ], [ 31.010196473952508, -29.735645151832024 ], [ 31.009893444013112, -29.73576465712312 ], [ 31.009697114855289, -29.735815873250491 ], [ 31.009614160199895, -29.735805259265248 ], [ 31.009230041380384, -29.735807323579099 ], [ 31.009189770803562, -29.735901590039063 ], [ 31.009208390806524, -29.736058827644829 ], [ 31.009380112404887, -29.736327788387079 ], [ 31.008912535196149, -29.736338132179991 ], [ 31.008630361618152, -29.736279499124507 ], [ 31.008690532076006, -29.736059364116493 ], [ 31.008741947778457, -29.735606254759414 ], [ 31.008738735271212, -29.735323464004317 ], [ 31.008703386583093, -29.735024605048316 ], [ 31.008597339525306, -29.734626126185027 ], [ 31.008459157142614, -29.734298344632538 ], [ 31.008324187757889, -29.734041261628846 ], [ 31.008227391049239, -29.733888259039826 ], [ 31.010397444827529, -29.73263422713892 ], [ 31.010695622188553, -29.732461916814682 ], [ 31.010886620373938, -29.732346160359512 ], [ 31.010978235700243, -29.732495300715208 ], [ 31.011115049521134, -29.732697671232273 ], [ 31.011009589479876, -29.73290574129987 ], [ 31.010995337864003, -29.733028301945204 ], [ 31.010992486932142, -29.733176517401073 ], [ 31.011009588607187, -29.733395987865293 ] ] ] } },
{ "type": "Feature", "properties": { "EA_CODE": "59913569", "EA_TYPE": "Township", "White": 0.0, "Black_African": 141.0, "Coloured": 1.0, "Indian_Asian": 532.0, "Other": 0.0, "area_km2": 0.376259, "sal2023_est": 745.111533, "walk_typology": "Access gap", "walk_dist_k1_km": 5.0747118483332345, "exceeds_walk_k1_3km": true, "econ_status": "Non_Wealthy", "Ai_walk": 0.013698, "walk_snap_flag": false, "drive_typology": "Well-served", "walk_dist_k3_km": 6.7364453074715946, "PR_NAME": "KwaZulu-Natal", "MN_NAME": "Ethekwini", "SP_NAME": "Duffs Road" }, "geometry": { "type": "Polygon", "coordinates": [ [ [ 31.008796686306159, -29.740791909433767 ], [ 31.008976263514178, -29.741079233357819 ], [ 31.009111199880241, -29.741288464035829 ], [ 31.009275080880876, -29.741485120988742 ], [ 31.009435982434052, -29.741640062671703 ], [ 31.00996338064617, -29.742015498758324 ], [ 31.010720213134416, -29.742536938997979 ], [ 31.011021158522773, -29.742775311298399 ], [ 31.011265490012214, -29.743043480114697 ], [ 31.011399574437256, -29.743246096148614 ], [ 31.011551537168263, -29.743535123091934 ], [ 31.011652844762775, -29.743824149256067 ], [ 31.011706479310742, -29.744178728038733 ], [ 31.011798848333271, -29.745203728614324 ], [ 31.01182621860514, -29.745524677991391 ], [ 31.011809987023348, -29.745525003226682 ], [ 31.011805285743943, -29.745530455933565 ], [ 31.011143693789833, -29.745580703885608 ], [ 31.010760281890541, -29.745580703841984 ], [ 31.01049894362993, -29.745617169175997 ], [ 31.01039391068571, -29.74563182471589 ], [ 31.00950780283485, -29.745717028388224 ], [ 31.009166991839141, -29.745793709953233 ], [ 31.008894343023083, -29.745878913435927 ], [ 31.007224371273981, -29.746415690170263 ], [ 31.006915740931536, -29.746519145896443 ], [ 31.006396706752664, -29.746408777252014 ], [ 31.005869721901863, -29.746305951356266 ], [ 31.00529132461903, -29.746211692808807 ], [ 31.005232411812489, -29.746194251732515 ], [ 31.004962285186213, -29.746130692597834 ], [ 31.00474777292035, -29.746051244187431 ], [ 31.004562392209571, -29.745966498384703 ], [ 31.004366418109452, -29.745820842398054 ], [ 31.004265783326559, -29.745717557906101 ], [ 31.004136016406999, -29.745545419029174 ], [ 31.004008898284237, -29.745301775117341 ], [ 31.00395593175627, -29.745164063608179 ], [ 31.003902965704835, -29.744893937104468 ], [ 31.003953282962819, -29.744525823877169 ], [ 31.004109533635202, -29.744194786050759 ], [ 31.004414086607863, -29.743678368100792 ], [ 31.004512073931718, -29.743723388956649 ], [ 31.004493535670925, -29.743903474070571 ], [ 31.004535193777187, -29.744027895804074 ], [ 31.004950043231574, -29.743297076076029 ], [ 31.005453730868798, -29.742352358604336 ], [ 31.005923679629475, -29.741340162156625 ], [ 31.005930909461874, -29.741149772872742 ], [ 31.005947691282692, -29.740856512699068 ], [ 31.006534248050222, -29.740024869626918 ], [ 31.006677718097819, -29.73979584383623 ], [ 31.006878437363067, -29.739475430769911 ], [ 31.007234799171329, -29.738906559010456 ], [ 31.007600640745995, -29.73827271675588 ], [ 31.007611475669229, -29.7382957858735 ], [ 31.008222038941607, -29.739552827265463 ], [ 31.008563235789421, -29.740307050579759 ], [ 31.008796686306159, -29.740791909433767 ] ] ] } },
{ "type": "Feature", "properties": { "EA_CODE": "59913569", "EA_TYPE": "Township", "White": 0.0, "Black_African": 141.0, "Coloured": 1.0, "Indian_Asian": 532.0, "Other": 0.0, "area_km2": 0.376259, "sal2023_est": 745.111533, "walk_typology": "Access gap", "walk_dist_k1_km": 5.0747118483332345, "exceeds_walk_k1_3km": true, "econ_status": "Non_Wealthy", "Ai_walk": 0.013698, "walk_snap_flag": false, "drive_typology": "Well-served", "walk_dist_k3_km": 6.7364453074715946, "PR_NAME": "KwaZulu-Natal", "MN_NAME": "Ethekwini", "SP_NAME": "Duffs Road" }, "geometry": { "type": "Polygon", "coordinates": [ [ [ 31.008796686306159, -29.740791909433767 ], [ 31.008976263514178, -29.741079233357819 ], [ 31.009111199880241, -29.741288464035829 ], [ 31.009275080880876, -29.741485120988742 ], [ 31.009435982434052, -29.741640062671703 ], [ 31.00996338064617, -29.742015498758324 ], [ 31.010720213134416, -29.742536938997979 ], [ 31.011021158522773, -29.742775311298399 ], [ 31.011265490012214, -29.743043480114697 ], [ 31.011399574437256, -29.743246096148614 ], [ 31.011551537168263, -29.743535123091934 ], [ 31.011652844762775, -29.743824149256067 ], [ 31.011706479310742, -29.744178728038733 ], [ 31.011798848333271, -29.745203728614324 ], [ 31.01182621860514, -29.745524677991391 ], [ 31.011809987023348, -29.745525003226682 ], [ 31.011805285743943, -29.745530455933565 ], [ 31.011143693789833, -29.745580703885608 ], [ 31.010760281890541, -29.745580703841984 ], [ 31.01049894362993, -29.745617169175997 ], [ 31.01039391068571, -29.74563182471589 ], [ 31.00950780283485, -29.745717028388224 ], [ 31.009166991839141, -29.745793709953233 ], [ 31.008894343023083, -29.745878913435927 ], [ 31.007224371273981, -29.746415690170263 ], [ 31.006915740931536, -29.746519145896443 ], [ 31.006396706752664, -29.746408777252014 ], [ 31.005869721901863, -29.746305951356266 ], [ 31.00529132461903, -29.746211692808807 ], [ 31.005232411812489, -29.746194251732515 ], [ 31.004962285186213, -29.746130692597834 ], [ 31.00474777292035, -29.746051244187431 ], [ 31.004562392209571, -29.745966498384703 ], [ 31.004366418109452, -29.745820842398054 ], [ 31.004265783326559, -29.745717557906101 ], [ 31.004136016406999, -29.745545419029174 ], [ 31.004008898284237, -29.745301775117341 ], [ 31.00395593175627, -29.745164063608179 ], [ 31.003902965704835, -29.744893937104468 ], [ 31.003953282962819, -29.744525823877169 ], [ 31.004109533635202, -29.744194786050759 ], [ 31.004414086607863, -29.743678368100792 ], [ 31.004512073931718, -29.743723388956649 ], [ 31.004493535670925, -29.743903474070571 ], [ 31.004535193777187, -29.744027895804074 ], [ 31.004950043231574, -29.743297076076029 ], [ 31.005453730868798, -29.742352358604336 ], [ 31.005923679629475, -29.741340162156625 ], [ 31.005930909461874, -29.741149772872742 ], [ 31.005947691282692, -29.740856512699068 ], [ 31.006534248050222, -29.740024869626918 ], [ 31.006677718097819, -29.73979584383623 ], [ 31.006878437363067, -29.739475430769911 ], [ 31.007234799171329, -29.738906559010456 ], [ 31.007600640745995, -29.73827271675588 ], [ 31.007611475669229, -29.7382957858735 ], [ 31.008222038941607, -29.739552827265463 ], [ 31.008563235789421, -29.740307050579759 ], [ 31.008796686306159, -29.740791909433767 ] ] ] } },
{ "type": "Feature", "properties": { "EA_CODE": "59913550", "EA_TYPE": "Township", "White": 1.0, "Black_African": 17.0, "Coloured": 0.0, "Indian_Asian": 0.0, "Other": 0.0, "area_km2": 0.85451, "sal2023_est": 16.819495, "walk_typology": "Access gap", "walk_dist_k1_km": 5.0513541981389034, "exceeds_walk_k1_3km": true, "econ_status": "Non_Wealthy", "Ai_walk": 0.03887, "walk_snap_flag": false, "drive_typology": "Well-served", "walk_dist_k3_km": 6.21658964268501, "PR_NAME": "KwaZulu-Natal", "MN_NAME": "Ethekwini", "SP_NAME": "Mount Moriah" }, "geometry": { "type": "Polygon", "coordinates": [ [ [ 31.012226240509822, -29.755127321912195 ], [ 31.012100628930689, -29.754471352327322 ], [ 31.01194710385813, -29.75348041935991 ], [ 31.011961060784152, -29.752112652778912 ], [ 31.011933148380283, -29.749767909940253 ], [ 31.01196106101396, -29.747967482693042 ], [ 31.011829724587432, -29.745524607582869 ], [ 31.011987716190625, -29.745521447672086 ], [ 31.012488912930081, -29.745489456790075 ], [ 31.014003168126365, -29.745429029392707 ], [ 31.014836986216661, -29.745396099197158 ], [ 31.015003335729784, -29.745389528717165 ], [ 31.015405246981842, -29.745373657116904 ], [ 31.017000264418549, -29.745265257954586 ], [ 31.017292554170034, -29.745245393684201 ], [ 31.018135428843426, -29.745208746653905 ], [ 31.018804232594874, -29.745071321616496 ], [ 31.019445550379611, -29.74486976475707 ], [ 31.020007075153341, -29.744592745313859 ], [ 31.020734583984513, -29.745599298819425 ], [ 31.020564571868817, -29.745952401852715 ], [ 31.020278709987668, -29.746224046234961 ], [ 31.020843537840999, -29.746284563217046 ], [ 31.02130750456319, -29.746345081413239 ], [ 31.021589918504731, -29.746365252636259 ], [ 31.022013539532146, -29.746587150137955 ], [ 31.022396816247635, -29.746728357122905 ], [ 31.0228002647548, -29.746869564313151 ], [ 31.023143195793072, -29.747071288952714 ], [ 31.02324405852746, -29.747333529823962 ], [ 31.023607162630043, -29.747817669173028 ], [ 31.023748369588084, -29.748079911096184 ], [ 31.023748369475491, -29.748321980132246 ], [ 31.023788714142253, -29.748725429112877 ], [ 31.023768542021031, -29.748846463315914 ], [ 31.02368785201762, -29.749068359622065 ], [ 31.023365092896675, -29.749391119399622 ], [ 31.023203713328414, -29.74961301585877 ], [ 31.023206525570846, -29.749726613267907 ], [ 31.023081130231386, -29.749726613085571 ], [ 31.022926230278205, -29.74971923681133 ], [ 31.022867221609644, -29.749748741586249 ], [ 31.022815588163258, -29.749778247084858 ], [ 31.022763954613094, -29.749807750765424 ], [ 31.022668063946064, -29.749881513147454 ], [ 31.022601677800328, -29.749911018027746 ], [ 31.022505788565326, -29.749940522593192 ], [ 31.022365640373742, -29.749940522992034 ], [ 31.022254997543868, -29.749984780291918 ], [ 31.02187143654605, -29.749962651127412 ], [ 31.021701784187645, -29.749977403884849 ], [ 31.02161326933609, -29.75001428538647 ], [ 31.021450993024295, -29.750058541944927 ], [ 31.021259212353165, -29.750272450959347 ], [ 31.021148570044392, -29.750464232141297 ], [ 31.021037927049168, -29.75060437883371 ], [ 31.020986293836138, -29.750685517206573 ], [ 31.020757632433327, -29.750899426932087 ], [ 31.020492089234178, -29.750958435974422 ], [ 31.020256050836501, -29.751046951275047 ], [ 31.020020013105331, -29.751194473762286 ], [ 31.019761847351777, -29.75129774087355 ], [ 31.019651204333861, -29.751371503110782 ], [ 31.019584817846706, -29.751452641075279 ], [ 31.01952580905521, -29.751541154800645 ], [ 31.019385660859978, -29.751696054729454 ], [ 31.01897259525472, -29.751887835821972 ], [ 31.018485766919166, -29.752138625623388 ], [ 31.018234976863027, -29.752116497058537 ], [ 31.018050572435879, -29.752109121287379 ], [ 31.017939928971487, -29.752146002090228 ], [ 31.017644882493439, -29.752256645265881 ], [ 31.017312953612187, -29.752426296799676 ], [ 31.017128549003466, -29.752544316442261 ], [ 31.016737611459529, -29.752632830333201 ], [ 31.016553206108252, -29.752721344940998 ], [ 31.016442564156154, -29.752795105582127 ], [ 31.016206526245323, -29.753894158395735 ], [ 31.016184396648118, -29.754004801137363 ], [ 31.01573444979288, -29.754085938813787 ], [ 31.015520540431435, -29.754085939292626 ], [ 31.01530663080797, -29.7540711859121 ], [ 31.014923068805714, -29.754100690927928 ], [ 31.01455426021332, -29.754240838659655 ], [ 31.014273965042214, -29.7543736102146 ], [ 31.014052680245449, -29.754380985708618 ], [ 31.013890404135946, -29.75454326180737 ], [ 31.013728127255639, -29.754801429412719 ], [ 31.013455208642768, -29.755015337805773 ], [ 31.013145408673672, -29.755207119145147 ], [ 31.012990509462835, -29.755280880587758 ], [ 31.012226240509822, -29.755127321912195 ] ] ] } },
{ "type": "Feature", "properties": { "EA_CODE": "59913551", "EA_TYPE": "Township", "White": 1.0, "Black_African": 17.0, "Coloured": 0.0, "Indian_Asian": 0.0, "Other": 0.0, "area_km2": 1.201195, "sal2023_est": 16.819495, "walk_typology": "Pharmacy desert", "walk_dist_k1_km": 3.4371995746784294, "exceeds_walk_k1_3km": true, "econ_status": "Non_Wealthy", "Ai_walk": 0.0, "walk_snap_flag": false, "drive_typology": "Well-served", "walk_dist_k3_km": 7.70915624016118, "PR_NAME": "KwaZulu-Natal", "MN_NAME": "Ethekwini", "SP_NAME": "Mount Moriah" }, "geometry": { "type": "Polygon", "coordinates": [ [ [ 31.024837049084159, -29.740864461179495 ], [ 31.025050256389218, -29.741021655775072 ], [ 31.025160474116777, -29.741111997948302 ], [ 31.025740470978384, -29.741623334619518 ], [ 31.025988009351739, -29.741834735611167 ], [ 31.0261976035872, -29.741952181024143 ], [ 31.026416230602962, -29.742020840605317 ], [ 31.026914919841747, -29.74208950096353 ], [ 31.027579838639586, -29.742156354215762 ], [ 31.027758715781161, -29.742203332319807 ], [ 31.028027935787144, -29.742317164118067 ], [ 31.028214040661322, -29.742436414664368 ], [ 31.028329678649886, -29.742553860093217 ], [ 31.028472419414381, -29.742720089706214 ], [ 31.028557340934196, -29.742900774149476 ], [ 31.028604318649549, -29.743101333982501 ], [ 31.028622925372854, -29.743412992117083 ], [ 31.028626001403218, -29.743464510011812 ], [ 31.028698274895465, -29.744259521070276 ], [ 31.028713593083161, -29.744314089902716 ], [ 31.028756094129339, -29.744465500828579 ], [ 31.028853664561073, -29.74464076513615 ], [ 31.029084149307739, -29.744933192176266 ], [ 31.02972953119485, -29.745651750648644 ], [ 31.030281408824138, -29.74628087167882 ], [ 31.030240755207256, -29.746306279932863 ], [ 31.030003945982269, -29.746444504284131 ], [ 31.029534392622597, -29.746719934589827 ], [ 31.029386866581696, -29.746810820225011 ], [ 31.02968712049789, -29.746990972940335 ], [ 31.030064581844517, -29.747209729064156 ], [ 31.030622195945863, -29.747565744313899 ], [ 31.030828085384236, -29.747424196049064 ], [ 31.031021104890179, -29.747570034387781 ], [ 31.031334227207712, -29.74780594836194 ], [ 31.031424303384966, -29.747728738662801 ], [ 31.03155584275326, -29.74753500372119 ], [ 31.03196761985927, -29.747901028257317 ], [ 31.032391284368718, -29.748384439579862 ], [ 31.032413711365649, -29.74841003039375 ], [ 31.029296790028493, -29.749216426093081 ], [ 31.028261628693581, -29.749565292059227 ], [ 31.027478110073673, -29.749868406114686 ], [ 31.026688871535377, -29.750228710010951 ], [ 31.02588819380227, -29.750640486755312 ], [ 31.025184742111271, -29.751057982865454 ], [ 31.024542894629271, -29.751487566168759 ], [ 31.024458413986242, -29.751544107909329 ], [ 31.022308024250695, -29.753042517903953 ], [ 31.021152761493578, -29.753854633034198 ], [ 31.018739292569478, -29.755536055348518 ], [ 31.018350392049598, -29.755822010958074 ], [ 31.015524315420297, -29.757823997243481 ], [ 31.015438337005715, -29.757885409747573 ], [ 31.015434577723759, -29.757885252724066 ], [ 31.015403828949204, -29.757883971969949 ], [ 31.014824451444753, -29.757730607393135 ], [ 31.014679605942526, -29.757645404644755 ], [ 31.014602923607299, -29.757543160991744 ], [ 31.014406957623411, -29.757509080393191 ], [ 31.014253593636578, -29.757500559977746 ], [ 31.014185429948057, -29.757423877619406 ], [ 31.014176909688221, -29.757253472306324 ], [ 31.014134309401232, -29.7571001073335 ], [ 31.013980944434763, -29.757031945128226 ], [ 31.01387870119872, -29.757091586686673 ], [ 31.01385313977147, -29.757202350628798 ], [ 31.013682735219763, -29.757100107016544 ], [ 31.013512328680829, -29.757031944709411 ], [ 31.013341924476038, -29.757014904784182 ], [ 31.013188559087123, -29.7567848565477 ], [ 31.013162997659691, -29.756657052629858 ], [ 31.013256721079578, -29.75662297179592 ], [ 31.013307843197719, -29.756512209171532 ], [ 31.013256721482957, -29.756427006116187 ], [ 31.013086316081285, -29.756461086724268 ], [ 31.012907390144125, -29.756622971798205 ], [ 31.012796626639613, -29.75670817540032 ], [ 31.012643262542667, -29.756597412103844 ], [ 31.012481377356224, -29.756486647866272 ], [ 31.012413213982903, -29.75634180322049 ], [ 31.012336531623767, -29.756205479216273 ], [ 31.012183166777657, -29.756094716222442 ], [ 31.012021281912865, -29.755983952222493 ], [ 31.011843890053612, -29.75600007909097 ], [ 31.012226240509822, -29.755127321912195 ], [ 31.012990509462835, -29.755280880587758 ], [ 31.013145408673672, -29.755207119145147 ], [ 31.013455208642768, -29.755015337805773 ], [ 31.013728127255639, -29.754801429412719 ], [ 31.013890404135946, -29.75454326180737 ], [ 31.014052680245449, -29.754380985708618 ], [ 31.014273965042214, -29.7543736102146 ], [ 31.01455426021332, -29.754240838659655 ], [ 31.014923068805714, -29.754100690927928 ], [ 31.01530663080797, -29.7540711859121 ], [ 31.015520540431435, -29.754085939292626 ], [ 31.01573444979288, -29.754085938813787 ], [ 31.016184396648118, -29.754004801137363 ], [ 31.016206526245323, -29.753894158395735 ], [ 31.016442564156154, -29.752795105582127 ], [ 31.016553206108252, -29.752721344940998 ], [ 31.016737611459529, -29.752632830333201 ], [ 31.017128549003466, -29.752544316442261 ], [ 31.017312953612187, -29.752426296799676 ], [ 31.017644882493439, -29.752256645265881 ], [ 31.017939928971487, -29.752146002090228 ], [ 31.018050572435879, -29.752109121287379 ], [ 31.018234976863027, -29.752116497058537 ], [ 31.018485766919166, -29.752138625623388 ], [ 31.01897259525472, -29.751887835821972 ], [ 31.019385660859978, -29.751696054729454 ], [ 31.01952580905521, -29.751541154800645 ], [ 31.019584817846706, -29.751452641075279 ], [ 31.019651204333861, -29.751371503110782 ], [ 31.019761847351777, -29.75129774087355 ], [ 31.020020013105331, -29.751194473762286 ], [ 31.020256050836501, -29.751046951275047 ], [ 31.020492089234178, -29.750958435974422 ], [ 31.020757632433327, -29.750899426932087 ], [ 31.020986293836138, -29.750685517206573 ], [ 31.021037927049168, -29.75060437883371 ], [ 31.021148570044392, -29.750464232141297 ], [ 31.021259212353165, -29.750272450959347 ], [ 31.021450993024295, -29.750058541944927 ], [ 31.02161326933609, -29.75001428538647 ], [ 31.021701784187645, -29.749977403884849 ], [ 31.02187143654605, -29.749962651127412 ], [ 31.022254997543868, -29.749984780291918 ], [ 31.022365640373742, -29.749940522992034 ], [ 31.022505788565326, -29.749940522593192 ], [ 31.022601677800328, -29.749911018027746 ], [ 31.022668063946064, -29.749881513147454 ], [ 31.022763954613094, -29.749807750765424 ], [ 31.022815588163258, -29.749778247084858 ], [ 31.022867221609644, -29.749748741586249 ], [ 31.022926230278205, -29.74971923681133 ], [ 31.023081130231386, -29.749726613085571 ], [ 31.023206525570846, -29.749726613267907 ], [ 31.023203713328414, -29.74961301585877 ], [ 31.023365092896675, -29.749391119399622 ], [ 31.02368785201762, -29.749068359622065 ], [ 31.023768542021031, -29.748846463315914 ], [ 31.023788714142253, -29.748725429112877 ], [ 31.023748369475491, -29.748321980132246 ], [ 31.023748369588084, -29.748079911096184 ], [ 31.023607162630043, -29.747817669173028 ], [ 31.02324405852746, -29.747333529823962 ], [ 31.023143195793072, -29.747071288952714 ], [ 31.0228002647548, -29.746869564313151 ], [ 31.022396816247635, -29.746728357122905 ], [ 31.022013539532146, -29.746587150137955 ], [ 31.021589918504731, -29.746365252636259 ], [ 31.02130750456319, -29.746345081413239 ], [ 31.020843537840999, -29.746284563217046 ], [ 31.020278709987668, -29.746224046234961 ], [ 31.020564571868817, -29.745952401852715 ], [ 31.020734583984513, -29.745599298819425 ], [ 31.020007075153341, -29.744592745313859 ], [ 31.019445550379611, -29.74486976475707 ], [ 31.018804232594874, -29.745071321616496 ], [ 31.018135428843426, -29.745208746653905 ], [ 31.017292554170034, -29.745245393684201 ], [ 31.017000264418549, -29.745265257954586 ], [ 31.016981560297467, -29.744940271377413 ], [ 31.016964744519637, -29.744529962906693 ], [ 31.016910614147591, -29.744377208770921 ], [ 31.017692781200502, -29.74434090639248 ], [ 31.017909166865746, -29.74433084217095 ], [ 31.018664249780755, -29.744173063579517 ], [ 31.019250284757888, -29.743902585842726 ], [ 31.020163147479739, -29.743395440911947 ], [ 31.020433624275526, -29.743046074074805 ], [ 31.020625213609819, -29.742764327256833 ], [ 31.020794261375713, -29.742369880373928 ], [ 31.020828070796057, -29.742043052633836 ], [ 31.020850611614399, -29.741671147323064 ], [ 31.020861880853658, -29.741400669093704 ], [ 31.020873150081556, -29.741051301915256 ], [ 31.020895689916426, -29.740735745227525 ], [ 31.021256327637399, -29.740352568032055 ], [ 31.021292034933531, -29.740216454687705 ], [ 31.021369369895414, -29.740209204804142 ], [ 31.021474092986288, -29.74017006579728 ], [ 31.021588873358922, -29.740106000825424 ], [ 31.021652176598565, -29.740180924091487 ], [ 31.02201606957798, -29.740521339555141 ], [ 31.022919932096983, -29.740685678848216 ], [ 31.024837049084159, -29.740864461179495 ] ] ] } },
{ "type": "Feature", "properties": { "EA_CODE": "59913554", "EA_TYPE": "Township", "White": 1.0, "Black_African": 17.0, "Coloured": 0.0, "Indian_Asian": 0.0, "Other": 0.0, "area_km2": 0.186004, "sal2023_est": 19.899121, "walk_typology": "Artifact zone", "walk_dist_k1_km": 4.9173593710327967, "exceeds_walk_k1_3km": true, "econ_status": "Non_Wealthy", "Ai_walk": 0.053525, "walk_snap_flag": false, "drive_typology": "Well-served", "walk_dist_k3_km": 5.5131387543800949, "PR_NAME": "KwaZulu-Natal", "MN_NAME": "Ethekwini", "SP_NAME": "Mount Moriah" }, "geometry": { "type": "Polygon", "coordinates": [ [ [ 31.012226240509822, -29.755127321912195 ], [ 31.011843890053612, -29.75600007909097 ], [ 31.011833836001152, -29.756000992881702 ], [ 31.01176567397949, -29.755864668381697 ], [ 31.011629349837442, -29.755770944803256 ], [ 31.011407823055656, -29.755651661690546 ], [ 31.011331140510894, -29.755566458836448 ], [ 31.011262977775385, -29.75530233118392 ], [ 31.011177774611934, -29.755131924868028 ], [ 31.011152215119804, -29.754808155249499 ], [ 31.011058492582354, -29.754620709403159 ], [ 31.010947727681799, -29.754322500114124 ], [ 31.010785843586138, -29.754024289798082 ], [ 31.010768803186664, -29.753802762867537 ], [ 31.011152215615194, -29.753078540404715 ], [ 31.011032931020065, -29.752857012990535 ], [ 31.010862525939313, -29.752507681663573 ], [ 31.010648068637899, -29.7523427153609 ], [ 31.010640998981366, -29.752337276636013 ], [ 31.010555795802865, -29.752175392073624 ], [ 31.010172384344251, -29.752235034402702 ], [ 31.010001977638627, -29.75214131130576 ], [ 31.009848613698949, -29.751877182823307 ], [ 31.009874174377025, -29.751638614649256 ], [ 31.009891214752358, -29.751365965737239 ], [ 31.009916190480478, -29.75125982339511 ], [ 31.009650418074607, -29.751164417379329 ], [ 31.009412927735998, -29.75108108701815 ], [ 31.009352512914841, -29.75105608787214 ], [ 31.009108773089427, -29.750866513157526 ], [ 31.009056692520733, -29.750901928355262 ], [ 31.009037943324937, -29.750881095297245 ], [ 31.008667125494586, -29.750414447898805 ], [ 31.008648375421782, -29.750304035088281 ], [ 31.008612960093032, -29.750106126552968 ], [ 31.008617127162545, -29.750056129237951 ], [ 31.008621292904657, -29.749937383753945 ], [ 31.008623375872155, -29.749872803357366 ], [ 31.008660875521681, -29.749795723420487 ], [ 31.008708789917414, -29.749676978103835 ], [ 31.008842116932712, -29.749474901779852 ], [ 31.009100675201566, -29.749067507114159 ], [ 31.009406678108554, -29.748585354922369 ], [ 31.009556672441672, -29.748395779818324 ], [ 31.00971291506464, -29.748241618930571 ], [ 31.009837910051623, -29.748152040146874 ], [ 31.009923324021038, -29.748085375706385 ], [ 31.010133732617092, -29.747983296233755 ], [ 31.010402470716208, -29.747866633739708 ], [ 31.010583713613382, -29.747795804215226 ], [ 31.010737874426795, -29.747687475050245 ], [ 31.010821203918518, -29.747564563198011 ], [ 31.010892034358758, -29.747474983837481 ], [ 31.010958698222705, -29.747306241342375 ], [ 31.011496175833553, -29.747302074296162 ], [ 31.01145451122235, -29.747181245765677 ], [ 31.011383680935641, -29.747025002072856 ], [ 31.011333683530648, -29.746916673363323 ], [ 31.011269102579856, -29.746804177836253 ], [ 31.011192022071146, -29.746675016040168 ], [ 31.01113369129704, -29.746595853376117 ], [ 31.011039945433019, -29.746468774842647 ], [ 31.010902450215799, -29.746293781889548 ], [ 31.010650376943914, -29.745977128147107 ], [ 31.010579547277882, -29.74586463169339 ], [ 31.010562881281057, -29.745833384270025 ], [ 31.0105462156322, -29.745793801894269 ], [ 31.01049894362993, -29.745617169175997 ], [ 31.010760281890541, -29.745580703841984 ], [ 31.011143693789833, -29.745580703885608 ], [ 31.011805285743943, -29.745530455933565 ], [ 31.011809987023348, -29.745525003226682 ], [ 31.01182621860514, -29.745524677991391 ], [ 31.011829724587432, -29.745524607582869 ], [ 31.01196106101396, -29.747967482693042 ], [ 31.011933148380283, -29.749767909940253 ], [ 31.011961060784152, -29.752112652778912 ], [ 31.01194710385813, -29.75348041935991 ], [ 31.012100628930689, -29.754471352327322 ], [ 31.012226240509822, -29.755127321912195 ] ] ] } },
{ "type": "Feature", "properties": { "EA_CODE": "59913560", "EA_TYPE": "Township", "White": 0.0, "Black_African": 501.0, "Coloured": 0.0, "Indian_Asian": 4.0, "Other": 0.0, "area_km2": 0.142564, "sal2023_est": 471.880289, "walk_typology": "Pharmacy desert", "walk_dist_k1_km": 5.3267894554519843, "exceeds_walk_k1_3km": true, "econ_status": "Non_Wealthy", "Ai_walk": 0.0, "walk_snap_flag": false, "drive_typology": "Well-served", "walk_dist_k3_km": 6.9564846986799838, "PR_NAME": "KwaZulu-Natal", "MN_NAME": "Ethekwini", "SP_NAME": "Mount Moriah" }, "geometry": { "type": "Polygon", "coordinates": [ [ [ 31.016541476629342, -29.741046228245828 ], [ 31.016685010886338, -29.741117563173397 ], [ 31.01679428952913, -29.741173762572981 ], [ 31.016881711341487, -29.741264307616294 ], [ 31.016919178239441, -29.741351730219598 ], [ 31.017031578001152, -29.741529697046214 ], [ 31.017134610728679, -29.741623363702654 ], [ 31.017190811469973, -29.741657707694408 ], [ 31.01702533344805, -29.741848163746443 ], [ 31.016884833297095, -29.741994909369307 ], [ 31.01684736583811, -29.742091697555924 ], [ 31.016784921815621, -29.742194730767043 ], [ 31.016694696235191, -29.742292323340084 ], [ 31.016631933435946, -29.742360209398523 ], [ 31.016422743741998, -29.74257252133987 ], [ 31.01631971015307, -29.742638087303305 ], [ 31.016085543450806, -29.742875376791378 ], [ 31.015998077856093, -29.742954992992367 ], [ 31.015987136446032, -29.74296495303782 ], [ 31.015842009261071, -29.743097055098755 ], [ 31.01553603143423, -29.743349954959534 ], [ 31.01517385283454, -29.743652811306379 ], [ 31.015027108483565, -29.74375272173252 ], [ 31.014855385854077, -29.743899467009093 ], [ 31.01486423249489, -29.743949578143209 ], [ 31.014943875795357, -29.744034199062334 ], [ 31.01484681003074, -29.744151175865447 ], [ 31.014771239948498, -29.74419498462867 ], [ 31.014503346052482, -29.744350286336527 ], [ 31.014075259895577, -29.744611616687859 ], [ 31.013902627380265, -29.744650679921467 ], [ 31.01390098672222, -29.744644222812834 ], [ 31.013817196517099, -29.744500101926963 ], [ 31.013673075079193, -29.744392848975878 ], [ 31.01352225090254, -29.744379443201201 ], [ 31.013398239920853, -29.744268837943263 ], [ 31.013314449605225, -29.744107959387236 ], [ 31.013267526119414, -29.743967189851997 ], [ 31.013234009569839, -29.743833123916929 ], [ 31.013217251142038, -29.743678947836596 ], [ 31.013177030793344, -29.743501310689147 ], [ 31.013099943418059, -29.743320321663891 ], [ 31.012999393913891, -29.743182905139378 ], [ 31.012929009262713, -29.743032080299724 ], [ 31.012768130156303, -29.742841036698685 ], [ 31.01275137211239, -29.742673453565409 ], [ 31.012758074793638, -29.742512575232134 ], [ 31.012748019617629, -29.742331586209954 ], [ 31.012701097630469, -29.74218746502757 ], [ 31.012630713061935, -29.742009827911819 ], [ 31.012499997771588, -29.741949497833954 ], [ 31.012412856330577, -29.741956202155936 ], [ 31.01225532833541, -29.741959552758278 ], [ 31.012024064019414, -29.741895872230565 ], [ 31.0117995041638, -29.741875761662776 ], [ 31.01161516366178, -29.741912629894532 ], [ 31.011457636012501, -29.741946147365141 ], [ 31.011330274271238, -29.74206345384377 ], [ 31.011176098266091, -29.74200647567816 ], [ 31.011085602746899, -29.741936092410246 ], [ 31.011052086759666, -29.741828838613994 ], [ 31.010904613655086, -29.741704828366487 ], [ 31.010804065006763, -29.741550651614165 ], [ 31.01076439277567, -29.741391965106711 ], [ 31.010760492749434, -29.741376367258759 ], [ 31.010804065100309, -29.741188675249809 ], [ 31.010958240982852, -29.740987576379016 ], [ 31.01118280113646, -29.740954058990525 ], [ 31.0114710434204, -29.74097752114028 ], [ 31.011789448735254, -29.740940653241125 ], [ 31.01201065760382, -29.74087026757724 ], [ 31.012144724478343, -29.740752959775079 ], [ 31.012208405467188, -29.740649058993249 ], [ 31.012245272896898, -29.740602135645474 ], [ 31.012434827366658, -29.740772664127647 ], [ 31.012455892082244, -29.740791613826225 ], [ 31.01267233768008, -29.74084830300546 ], [ 31.012837248915115, -29.740899837287017 ], [ 31.012893938542597, -29.741116283045468 ], [ 31.013038235607432, -29.741111129780446 ], [ 31.013847330021644, -29.7409204512111 ], [ 31.014068986266256, -29.740917873609284 ], [ 31.014290528941068, -29.740915298183268 ], [ 31.014568816919954, -29.740879224227978 ], [ 31.01489864045536, -29.740662778194906 ], [ 31.015094174185656, -29.740481256956301 ], [ 31.015226698244796, -29.740589367636094 ], [ 31.015397584069532, -29.740669579678521 ], [ 31.015575446101249, -29.74073584176891 ], [ 31.015774231753888, -29.740805592312483 ], [ 31.016088104598328, -29.7408927786229 ], [ 31.016408951775059, -29.741011353057694 ], [ 31.016541476629342, -29.741046228245828 ] ] ] } },
{ "type": "Feature", "properties": { "EA_CODE": "59914729", "EA_TYPE": "Township", "White": 0.0, "Black_African": 485.0, "Coloured": 0.0, "Indian_Asian": 21.0, "Other": 6.0, "area_km2": 0.047003, "sal2023_est": 478.421204, "walk_typology": "Pharmacy desert", "walk_dist_k1_km": 6.4216097067428803, "exceeds_walk_k1_3km": true, "econ_status": "Non_Wealthy", "Ai_walk": 0.0, "walk_snap_flag": false, "drive_typology": "Well-served", "walk_dist_k3_km": 8.0560933040221414, "PR_NAME": "KwaZulu-Natal", "MN_NAME": "Ethekwini", "SP_NAME": "Mount Moriah" }, "geometry": { "type": "Polygon", "coordinates": [ [ [ 31.028127587728136, -29.736701691936965 ], [ 31.028072221204042, -29.736624178353082 ], [ 31.027845216811411, -29.736402711230699 ], [ 31.027737699315562, -29.736274822058697 ], [ 31.027623778368202, -29.736144626691107 ], [ 31.02750985726383, -29.736030705227222 ], [ 31.02742577225294, -29.735954757970571 ], [ 31.02733626185373, -29.735903221636281 ], [ 31.027260314667259, -29.735862536137546 ], [ 31.027227766185081, -29.735805575304173 ], [ 31.027168093567322, -29.735786587884935 ], [ 31.027075871618635, -29.735678091539377 ], [ 31.026796491802333, -29.735425837181644 ], [ 31.02674766874102, -29.735284792275699 ], [ 31.026645246151563, -29.735138484353996 ], [ 31.02648059388515, -29.73521104216805 ], [ 31.026176406970524, -29.735347787156577 ], [ 31.025989430585309, -29.735434298895907 ], [ 31.025950229511167, -29.735460240052323 ], [ 31.025630907498183, -29.734950691028672 ], [ 31.025910997858645, -29.734736503902027 ], [ 31.025838915880666, -29.734569685235368 ], [ 31.025832736706022, -29.734466710247805 ], [ 31.025707108050543, -29.734429639274826 ], [ 31.02575551418612, -29.734231160853877 ], [ 31.025946179235202, -29.734209495423372 ], [ 31.026240843520245, -29.734049163397678 ], [ 31.026473836483632, -29.733838873679009 ], [ 31.026725852960841, -29.733995111030897 ], [ 31.0273437968143, -29.734324101939734 ], [ 31.027983544049857, -29.734499627800922 ], [ 31.028174259645528, -29.734785702731976 ], [ 31.028218272238533, -29.735086448363123 ], [ 31.028555693258699, -29.735409199092263 ], [ 31.02879775679002, -29.735717279724579 ], [ 31.028783086605507, -29.736340775757355 ], [ 31.028709734589459, -29.736480145570521 ], [ 31.028438329271662, -29.736560834239288 ], [ 31.028240277246958, -29.73666352730995 ], [ 31.028127587728136, -29.736701691936965 ] ] ] } },
{ "type": "Feature", "properties": { "EA_CODE": "59913564", "EA_TYPE": "Township", "White": 0.0, "Black_African": 530.0, "Coloured": 0.0, "Indian_Asian": 36.0, "Other": 0.0, "area_km2": 0.052699, "sal2023_est": 528.87969, "walk_typology": "Pharmacy desert", "walk_dist_k1_km": 5.6413175053778444, "exceeds_walk_k1_3km": true, "econ_status": "Non_Wealthy", "Ai_walk": 0.0, "walk_snap_flag": false, "drive_typology": "Well-served", "walk_dist_k3_km": 7.2710127486058438, "PR_NAME": "KwaZulu-Natal", "MN_NAME": "Ethekwini", "SP_NAME": "Mount Moriah" }, "geometry": { "type": "Polygon", "coordinates": [ [ [ 31.016071131047614, -29.7399561562187 ], [ 31.016157698345321, -29.740219792435692 ], [ 31.016146102745658, -29.74021863330433 ], [ 31.016217141126397, -29.740324320429856 ], [ 31.016238065629359, -29.740383607080393 ], [ 31.016328741162241, -29.740512643764269 ], [ 31.016443826999449, -29.740693992620276 ], [ 31.016524039059526, -29.740795130009317 ], [ 31.016555427406782, -29.740875341841445 ], [ 31.016555427459643, -29.740983453214081 ], [ 31.016541476629342, -29.741046228245828 ], [ 31.016408951775059, -29.741011353057694 ], [ 31.016088104598328, -29.7408927786229 ], [ 31.015774231753888, -29.740805592312483 ], [ 31.015575446101249, -29.74073584176891 ], [ 31.015397584069532, -29.740669579678521 ], [ 31.015226698244796, -29.740589367636094 ], [ 31.015094174185656, -29.740481256956301 ], [ 31.01500349902712, -29.74027898342586 ], [ 31.014996523883195, -29.740132509089914 ], [ 31.015003499365879, -29.739999984899388 ], [ 31.015055811977181, -29.739926747598425 ], [ 31.015111610684048, -29.739850023328263 ], [ 31.015202285708376, -29.739769810939325 ], [ 31.015292302989966, -29.73972242905629 ], [ 31.015264116527756, -29.739595588384095 ], [ 31.015242976277602, -29.739440559726908 ], [ 31.015242975778484, -29.739299625073429 ], [ 31.015264115903271, -29.739109362585189 ], [ 31.015348677501574, -29.738982521743363 ], [ 31.015553031636191, -29.738742932916999 ], [ 31.016067443090698, -29.738129868321142 ], [ 31.016631181964378, -29.737439288821662 ], [ 31.016791734718435, -29.737254410444439 ], [ 31.016863723787569, -29.737171513029519 ], [ 31.017030094087911, -29.736976348767957 ], [ 31.017486273288906, -29.737197526743071 ], [ 31.017719144426131, -29.737264700654254 ], [ 31.017638534692377, -29.737533399057259 ], [ 31.017450446507368, -29.738187229694866 ], [ 31.017450446551816, -29.738335013640693 ], [ 31.017741535391735, -29.738800755948716 ], [ 31.017714666571482, -29.738858973558482 ], [ 31.017329531915255, -29.738984366337831 ], [ 31.016890659221595, -29.739145584959314 ], [ 31.016621962443534, -29.739257541678541 ], [ 31.016501048503958, -29.739311281700424 ], [ 31.016389090277833, -29.739373977557232 ], [ 31.016295046629793, -29.73944115209347 ], [ 31.016120392691516, -29.739633719204569 ], [ 31.016026348165223, -29.739768067764256 ], [ 31.016071131047614, -29.7399561562187 ] ] ] } },
{ "type": "Feature", "properties": { "EA_CODE": "59913564", "EA_TYPE": "Township", "White": 0.0, "Black_African": 530.0, "Coloured": 0.0, "Indian_Asian": 36.0, "Other": 0.0, "area_km2": 0.052699, "sal2023_est": 528.87969, "walk_typology": "Pharmacy desert", "walk_dist_k1_km": 5.6413175053778444, "exceeds_walk_k1_3km": true, "econ_status": "Non_Wealthy", "Ai_walk": 0.0, "walk_snap_flag": false, "drive_typology": "Well-served", "walk_dist_k3_km": 7.2710127486058438, "PR_NAME": "KwaZulu-Natal", "MN_NAME": "Ethekwini", "SP_NAME": "Mount Moriah" }, "geometry": { "type": "Polygon", "coordinates": [ [ [ 31.016071131047614, -29.7399561562187 ], [ 31.016157698345321, -29.740219792435692 ], [ 31.016146102745658, -29.74021863330433 ], [ 31.016217141126397, -29.740324320429856 ], [ 31.016238065629359, -29.740383607080393 ], [ 31.016328741162241, -29.740512643764269 ], [ 31.016443826999449, -29.740693992620276 ], [ 31.016524039059526, -29.740795130009317 ], [ 31.016555427406782, -29.740875341841445 ], [ 31.016555427459643, -29.740983453214081 ], [ 31.016541476629342, -29.741046228245828 ], [ 31.016408951775059, -29.741011353057694 ], [ 31.016088104598328, -29.7408927786229 ], [ 31.015774231753888, -29.740805592312483 ], [ 31.015575446101249, -29.74073584176891 ], [ 31.015397584069532, -29.740669579678521 ], [ 31.015226698244796, -29.740589367636094 ], [ 31.015094174185656, -29.740481256956301 ], [ 31.01500349902712, -29.74027898342586 ], [ 31.014996523883195, -29.740132509089914 ], [ 31.015003499365879, -29.739999984899388 ], [ 31.015055811977181, -29.739926747598425 ], [ 31.015111610684048, -29.739850023328263 ], [ 31.015202285708376, -29.739769810939325 ], [ 31.015292302989966, -29.73972242905629 ], [ 31.015264116527756, -29.739595588384095 ], [ 31.015242976277602, -29.739440559726908 ], [ 31.015242975778484, -29.739299625073429 ], [ 31.015264115903271, -29.739109362585189 ], [ 31.015348677501574, -29.738982521743363 ], [ 31.015553031636191, -29.738742932916999 ], [ 31.016067443090698, -29.738129868321142 ], [ 31.016631181964378, -29.737439288821662 ], [ 31.016791734718435, -29.737254410444439 ], [ 31.016863723787569, -29.737171513029519 ], [ 31.017030094087911, -29.736976348767957 ], [ 31.017486273288906, -29.737197526743071 ], [ 31.017719144426131, -29.737264700654254 ], [ 31.017638534692377, -29.737533399057259 ], [ 31.017450446507368, -29.738187229694866 ], [ 31.017450446551816, -29.738335013640693 ], [ 31.017741535391735, -29.738800755948716 ], [ 31.017714666571482, -29.738858973558482 ], [ 31.017329531915255, -29.738984366337831 ], [ 31.016890659221595, -29.739145584959314 ], [ 31.016621962443534, -29.739257541678541 ], [ 31.016501048503958, -29.739311281700424 ], [ 31.016389090277833, -29.739373977557232 ], [ 31.016295046629793, -29.73944115209347 ], [ 31.016120392691516, -29.739633719204569 ], [ 31.016026348165223, -29.739768067764256 ], [ 31.016071131047614, -29.7399561562187 ] ] ] } },
{ "type": "Feature", "properties": { "EA_CODE": "59913563", "EA_TYPE": "Township", "White": 0.0, "Black_African": 487.0, "Coloured": 0.0, "Indian_Asian": 93.0, "Other": 2.0, "area_km2": 0.072289, "sal2023_est": 543.830353, "walk_typology": "Pharmacy desert", "walk_dist_k1_km": 5.712411893944779, "exceeds_walk_k1_3km": true, "econ_status": "Non_Wealthy", "Ai_walk": 0.0, "walk_snap_flag": false, "drive_typology": "Well-served", "walk_dist_k3_km": 7.3421071371727784, "PR_NAME": "KwaZulu-Natal", "MN_NAME": "Ethekwini", "SP_NAME": "Mount Moriah" }, "geometry": { "type": "Polygon", "coordinates": [ [ [ 31.016791734718435, -29.737254410444439 ], [ 31.016631181964378, -29.737439288821662 ], [ 31.016067443090698, -29.738129868321142 ], [ 31.015553031636191, -29.738742932916999 ], [ 31.015348677501574, -29.738982521743363 ], [ 31.015264115903271, -29.739109362585189 ], [ 31.015242975778484, -29.739299625073429 ], [ 31.015242976277602, -29.739440559726908 ], [ 31.015264116527756, -29.739595588384095 ], [ 31.015292302989966, -29.73972242905629 ], [ 31.015202285708376, -29.739769810939325 ], [ 31.015111610684048, -29.739850023328263 ], [ 31.015055811977181, -29.739926747598425 ], [ 31.015003499365879, -29.739999984899388 ], [ 31.014996523883195, -29.740132509089914 ], [ 31.01500349902712, -29.74027898342586 ], [ 31.015094174185656, -29.740481256956301 ], [ 31.01489864045536, -29.740662778194906 ], [ 31.014568816919954, -29.740879224227978 ], [ 31.014290528941068, -29.740915298183268 ], [ 31.014068986266256, -29.740917873609284 ], [ 31.013847330021644, -29.7409204512111 ], [ 31.013038235607432, -29.741111129780446 ], [ 31.012893938542597, -29.741116283045468 ], [ 31.012837248915115, -29.740899837287017 ], [ 31.01267233768008, -29.74084830300546 ], [ 31.012455892082244, -29.740791613826225 ], [ 31.012434827366658, -29.740772664127647 ], [ 31.012533720813376, -29.740686132223104 ], [ 31.012621410790086, -29.740507728947716 ], [ 31.0127181722793, -29.740244659742196 ], [ 31.0128088851509, -29.740026947946781 ], [ 31.012908479512927, -29.739903134772256 ], [ 31.013027584183199, -29.739676836778905 ], [ 31.013139179038436, -29.739567667632656 ], [ 31.013210210916295, -29.73949817998556 ], [ 31.013400777718804, -29.739335403629614 ], [ 31.013817643355193, -29.738942359368313 ], [ 31.014182897046158, -29.738585046390174 ], [ 31.014673232981142, -29.738153314765434 ], [ 31.014960925797574, -29.737884097911639 ], [ 31.01523542255563, -29.737628078185011 ], [ 31.015438654322683, -29.73743276274995 ], [ 31.01558909947833, -29.737274400033861 ], [ 31.015768577107107, -29.737168824800726 ], [ 31.015971809994745, -29.737081724627611 ], [ 31.016245396535194, -29.737059108358249 ], [ 31.016515704638739, -29.737094148683667 ], [ 31.016700917097833, -29.737189256982024 ], [ 31.016791734718435, -29.737254410444439 ] ] ] } },
{ "type": "Feature", "properties": { "EA_CODE": "59914725", "EA_TYPE": "Township", "White": 0.0, "Black_African": 596.0, "Coloured": 2.0, "Indian_Asian": 6.0, "Other": 9.0, "area_km2": 0.06099, "sal2023_est": 572.797262, "walk_typology": "Pharmacy desert", "walk_dist_k1_km": 5.8615929455015463, "exceeds_walk_k1_3km": true, "econ_status": "Non_Wealthy", "Ai_walk": 0.0, "walk_snap_flag": false, "drive_typology": "Well-served", "walk_dist_k3_km": 7.4960765427808074, "PR_NAME": "KwaZulu-Natal", "MN_NAME": "Ethekwini", "SP_NAME": "Mount Moriah" }, "geometry": { "type": "Polygon", "coordinates": [ [ [ 31.023300938611076, -29.736597005833975 ], [ 31.023391282011975, -29.736572914448683 ], [ 31.023191797671327, -29.737252758713826 ], [ 31.02316374542599, -29.737373389188207 ], [ 31.023124470125591, -29.737449132008567 ], [ 31.023054337256408, -29.737451937930636 ], [ 31.022922487262225, -29.737454742592941 ], [ 31.022776610445959, -29.737451937749078 ], [ 31.022552183741826, -29.737409857728665 ], [ 31.022395085745448, -29.737353751375803 ], [ 31.02225762474599, -29.737342529737322 ], [ 31.02215663348381, -29.737350946264165 ], [ 31.022030393573949, -29.737398635585318 ], [ 31.021918179829495, -29.737505238969561 ], [ 31.021909234801353, -29.737545147684454 ], [ 31.021543384159358, -29.737530154183652 ], [ 31.021208953646674, -29.737512076258096 ], [ 31.02116971264055, -29.737509955242825 ], [ 31.02087010359082, -29.737503223092439 ], [ 31.020509896970566, -29.737466192417216 ], [ 31.020169889182931, -29.73744262727752 ], [ 31.019873744828399, -29.737354328624523 ], [ 31.019586439212027, -29.737181946319911 ], [ 31.019364804576426, -29.737058815420994 ], [ 31.019126749946466, -29.736919266774763 ], [ 31.019048260775712, -29.736858219796979 ], [ 31.018905115087996, -29.736746882769875 ], [ 31.018698674710457, -29.736610219645613 ], [ 31.018771176404847, -29.736488326283006 ], [ 31.018878803581199, -29.736374368301789 ], [ 31.019002256924217, -29.736225588779998 ], [ 31.019132041907497, -29.736098970376162 ], [ 31.019283986348299, -29.736004005214063 ], [ 31.019537226435336, -29.735874219875928 ], [ 31.019667010792027, -29.735798247680947 ], [ 31.020091187281896, -29.735567167201008 ], [ 31.020407737627998, -29.735421554333424 ], [ 31.020566010648462, -29.735383567761087 ], [ 31.020676804335682, -29.735370906348592 ], [ 31.02103450548471, -29.735313927350738 ], [ 31.021346400589071, -29.735258886706983 ], [ 31.021346812039134, -29.735261300650787 ], [ 31.021366609371707, -29.73538503287643 ], [ 31.021339387712171, -29.735488968028029 ], [ 31.021289895268531, -29.735550833850773 ], [ 31.021163687893278, -29.735709211141121 ], [ 31.021077076081127, -29.735855214660322 ], [ 31.021062228076982, -29.735959150010533 ], [ 31.021067176748513, -29.736045762683393 ], [ 31.021089448791372, -29.736149697857865 ], [ 31.021156264302068, -29.736248682890992 ], [ 31.021220930525534, -29.736301238359172 ], [ 31.021352068167886, -29.73639065022126 ], [ 31.021554736401118, -29.73643237613841 ], [ 31.021703756288808, -29.736462179888203 ], [ 31.021942189239375, -29.736497944810019 ], [ 31.022228308106282, -29.73655159195124 ], [ 31.022532310385913, -29.736623122366048 ], [ 31.022937646042145, -29.736676769357999 ], [ 31.023033018788851, -29.736676768982026 ], [ 31.023152235175473, -29.736652926292837 ], [ 31.023300938611076, -29.736597005833975 ] ] ] } },
{ "type": "Feature", "properties": { "EA_CODE": "59914728", "EA_TYPE": "Township", "White": 1.0, "Black_African": 608.0, "Coloured": 11.0, "Indian_Asian": 1.0, "Other": 2.0, "area_km2": 0.066982, "sal2023_est": 582.141426, "walk_typology": "Pharmacy desert", "walk_dist_k1_km": 6.2839587716340493, "exceeds_walk_k1_3km": true, "econ_status": "Non_Wealthy", "Ai_walk": 0.0, "walk_snap_flag": false, "drive_typology": "Well-served", "walk_dist_k3_km": 7.9184423689133103, "PR_NAME": "KwaZulu-Natal", "MN_NAME": "Ethekwini", "SP_NAME": "Mount Moriah" }, "geometry": { "type": "Polygon", "coordinates": [ [ [ 31.02542546538551, -29.734666878623717 ], [ 31.02526316323673, -29.734796115615641 ], [ 31.025184513014487, -29.734858632062426 ], [ 31.02509981333932, -29.734890899238454 ], [ 31.025061496475288, -29.734929215903826 ], [ 31.025011079199086, -29.734985683153656 ], [ 31.024867894844398, -29.735052232824419 ], [ 31.024724711531505, -29.735122816804438 ], [ 31.024660178288418, -29.735167184075138 ], [ 31.024589594620931, -29.735231716933821 ], [ 31.024496826810491, -29.735330534400354 ], [ 31.02447666022222, -29.735376917835151 ], [ 31.024373809912671, -29.735447500744328 ], [ 31.024274992905053, -29.735554384699295 ], [ 31.024125759543885, -29.735659251691541 ], [ 31.023968458254664, -29.735780253393202 ], [ 31.023889807966839, -29.735856886261544 ], [ 31.023742591187634, -29.735973852611178 ], [ 31.023627641299814, -29.736036370318796 ], [ 31.023474372620811, -29.73611501998171 ], [ 31.023278755836579, -29.736163421176215 ], [ 31.023294889165626, -29.736231987679233 ], [ 31.023302956464459, -29.736270304046663 ], [ 31.023349339003047, -29.736314670991845 ], [ 31.023367489634374, -29.736352987700258 ], [ 31.023359423116432, -29.736411471998775 ], [ 31.023339255844348, -29.736494154903081 ], [ 31.023300938611076, -29.736597005833975 ], [ 31.023152235175473, -29.736652926292837 ], [ 31.023033018788851, -29.736676768982026 ], [ 31.022937646042145, -29.736676769357999 ], [ 31.022532310385913, -29.736623122366048 ], [ 31.022228308106282, -29.73655159195124 ], [ 31.021942189239375, -29.736497944810019 ], [ 31.021703756288808, -29.736462179888203 ], [ 31.021554736401118, -29.73643237613841 ], [ 31.021352068167886, -29.73639065022126 ], [ 31.021220930525534, -29.736301238359172 ], [ 31.021156264302068, -29.736248682890992 ], [ 31.021089448791372, -29.736149697857865 ], [ 31.021067176748513, -29.736045762683393 ], [ 31.021062228076982, -29.735959150010533 ], [ 31.021077076081127, -29.735855214660322 ], [ 31.021163687893278, -29.735709211141121 ], [ 31.021289895268531, -29.735550833850773 ], [ 31.021339387712171, -29.735488968028029 ], [ 31.021366609371707, -29.73538503287643 ], [ 31.021346812039134, -29.735261300650787 ], [ 31.021346400589071, -29.735258886706983 ], [ 31.021319854699978, -29.73510342821227 ], [ 31.021277866793785, -29.73488748505347 ], [ 31.021211883908197, -29.734761518565712 ], [ 31.021133905597278, -29.734671543373427 ], [ 31.021049927164039, -29.734641550644923 ], [ 31.020893969450992, -29.734581566759601 ], [ 31.020774000598351, -29.734569570398524 ], [ 31.020684023967124, -29.734563572110726 ], [ 31.020684023817619, -29.734467596903432 ], [ 31.020654032585654, -29.734377620599631 ], [ 31.020654032491713, -29.734263650597942 ], [ 31.020682968869284, -29.734120823697165 ], [ 31.020688881020526, -29.734066437708989 ], [ 31.021198203001813, -29.734227214730751 ], [ 31.021609212102298, -29.734299892836688 ], [ 31.022007690432222, -29.734371318647401 ], [ 31.022127985808901, -29.734411417401514 ], [ 31.022329731045609, -29.734539230596326 ], [ 31.022564056543015, -29.734621933672045 ], [ 31.022735728351314, -29.734687094076797 ], [ 31.02293496712975, -29.734743483029614 ], [ 31.023114157104256, -29.734778569081531 ], [ 31.023243223833042, -29.734793605987708 ], [ 31.023386075266053, -29.734806137311292 ], [ 31.023481308840271, -29.734831197873852 ], [ 31.02357278265243, -29.734865031310687 ], [ 31.023660499579023, -29.734847487972505 ], [ 31.02378580626144, -29.734786087211827 ], [ 31.023972515245784, -29.734734710901318 ], [ 31.024152957596833, -29.734687093659065 ], [ 31.024309593053587, -29.734644489870501 ], [ 31.024391043476534, -29.734604391090802 ], [ 31.024532640480032, -29.73453797773368 ], [ 31.024671731988192, -29.73448910799338 ], [ 31.02477573746997, -29.734471565395136 ], [ 31.02491357622845, -29.734476577179315 ], [ 31.025057679431345, -29.734485348663238 ], [ 31.025102790622679, -29.734492867392614 ], [ 31.025150406670612, -29.734520435359158 ], [ 31.025201782618783, -29.734578077104093 ], [ 31.025249400290313, -29.734609402747864 ], [ 31.025354659558968, -29.734644489721887 ], [ 31.02542546538551, -29.734666878623717 ] ] ] } },
{ "type": "Feature", "properties": { "EA_CODE": "59913556", "EA_TYPE": "Township", "White": 0.0, "Black_African": 597.0, "Coloured": 6.0, "Indian_Asian": 37.0, "Other": 0.0, "area_km2": 0.052419, "sal2023_est": 598.026505, "walk_typology": "Access gap", "walk_dist_k1_km": 5.0246031373627851, "exceeds_walk_k1_3km": true, "econ_status": "Non_Wealthy", "Ai_walk": 0.012508, "walk_snap_flag": false, "drive_typology": "Well-served", "walk_dist_k3_km": 6.6542983805907845, "PR_NAME": "KwaZulu-Natal", "MN_NAME": "Ethekwini", "SP_NAME": "Mount Moriah" }, "geometry": { "type": "Polygon", "coordinates": [ [ [ 31.016578504010379, -29.743727869169771 ], [ 31.016601585967098, -29.74374763741714 ], [ 31.016844273625026, -29.74355666406446 ], [ 31.016872781120671, -29.743691427302924 ], [ 31.01687278080086, -29.743998904000172 ], [ 31.016899911429796, -29.744032064135563 ], [ 31.016910614147591, -29.744377208770921 ], [ 31.016964744519637, -29.744529962906693 ], [ 31.016981560297467, -29.744940271377413 ], [ 31.017000264418549, -29.745265257954586 ], [ 31.015405246981842, -29.745373657116904 ], [ 31.015003335729784, -29.745389528717165 ], [ 31.014836986216661, -29.745396099197158 ], [ 31.014003168126365, -29.745429029392707 ], [ 31.013988129651295, -29.745361474711732 ], [ 31.014004887825223, -29.745247518867298 ], [ 31.013998185443004, -29.74511010210588 ], [ 31.013974723433453, -29.744996145991085 ], [ 31.013954613609705, -29.744855376972545 ], [ 31.013902627380265, -29.744650679921467 ], [ 31.014075259895577, -29.744611616687859 ], [ 31.014503346052482, -29.744350286336527 ], [ 31.014771239948498, -29.74419498462867 ], [ 31.01484681003074, -29.744151175865447 ], [ 31.014943875795357, -29.744034199062334 ], [ 31.01486423249489, -29.743949578143209 ], [ 31.014855385854077, -29.743899467009093 ], [ 31.015027108483565, -29.74375272173252 ], [ 31.01517385283454, -29.743652811306379 ], [ 31.01553603143423, -29.743349954959534 ], [ 31.015842009261071, -29.743097055098755 ], [ 31.015987136446032, -29.74296495303782 ], [ 31.016203652584615, -29.743106520665915 ], [ 31.016406500155675, -29.743300924925659 ], [ 31.016466507691245, -29.743454339869722 ], [ 31.016578504010379, -29.743727869169771 ] ] ] } },
{ "type": "Feature", "properties": { "EA_CODE": "59914726", "EA_TYPE": "Township", "White": 0.0, "Black_African": 618.0, "Coloured": 2.0, "Indian_Asian": 45.0, "Other": 0.0, "area_km2": 0.084245, "sal2023_est": 621.386915, "walk_typology": "Pharmacy desert", "walk_dist_k1_km": 6.0877244385536811, "exceeds_walk_k1_3km": true, "econ_status": "Non_Wealthy", "Ai_walk": 0.0, "walk_snap_flag": false, "drive_typology": "Well-served", "walk_dist_k3_km": 7.7222080358329421, "PR_NAME": "KwaZulu-Natal", "MN_NAME": "Ethekwini", "SP_NAME": "Mount Moriah" }, "geometry": { "type": "Polygon", "coordinates": [ [ [ 31.025630907498183, -29.734950691028672 ], [ 31.025950229511167, -29.735460240052323 ], [ 31.025989430585309, -29.735434298895907 ], [ 31.026176406970524, -29.735347787156577 ], [ 31.02648059388515, -29.73521104216805 ], [ 31.026645246151563, -29.735138484353996 ], [ 31.02674766874102, -29.735284792275699 ], [ 31.026796491802333, -29.735425837181644 ], [ 31.027075871618635, -29.735678091539377 ], [ 31.027168093567322, -29.735786587884935 ], [ 31.027227766185081, -29.735805575304173 ], [ 31.027260314667259, -29.735862536137546 ], [ 31.02733626185373, -29.735903221636281 ], [ 31.02742577225294, -29.735954757970571 ], [ 31.02750985726383, -29.736030705227222 ], [ 31.027623778368202, -29.736144626691107 ], [ 31.027737699315562, -29.736274822058697 ], [ 31.027845216811411, -29.736402711230699 ], [ 31.028072221204042, -29.736624178353082 ], [ 31.028127587728136, -29.736701691936965 ], [ 31.027773239626587, -29.736984061828231 ], [ 31.027607140254002, -29.737172308599224 ], [ 31.02731923315784, -29.737327335553168 ], [ 31.027138455947874, -29.737371789355908 ], [ 31.026905318234729, -29.737395368689274 ], [ 31.026577982997004, -29.737362634950063 ], [ 31.026021513966647, -29.737226245647722 ], [ 31.025530511845808, -29.737160779403542 ], [ 31.025246822627764, -29.73717714633618 ], [ 31.024952220607585, -29.73728080190882 ], [ 31.024624886247445, -29.737482658240186 ], [ 31.024150249741982, -29.73717168979735 ], [ 31.023973948636279, -29.736896543937149 ], [ 31.023853664446719, -29.736446783179058 ], [ 31.023542940174046, -29.736532472057185 ], [ 31.023492479089185, -29.736545928149635 ], [ 31.023391282011975, -29.736572914448683 ], [ 31.023300938611076, -29.736597005833975 ], [ 31.023339255844348, -29.736494154903081 ], [ 31.023359423116432, -29.736411471998775 ], [ 31.023367489634374, -29.736352987700258 ], [ 31.023349339003047, -29.736314670991845 ], [ 31.023302956464459, -29.736270304046663 ], [ 31.023294889165626, -29.736231987679233 ], [ 31.023278755836579, -29.736163421176215 ], [ 31.023474372620811, -29.73611501998171 ], [ 31.023627641299814, -29.736036370318796 ], [ 31.023742591187634, -29.735973852611178 ], [ 31.023889807966839, -29.735856886261544 ], [ 31.023968458254664, -29.735780253393202 ], [ 31.024125759543885, -29.735659251691541 ], [ 31.024274992905053, -29.735554384699295 ], [ 31.024373809912671, -29.735447500744328 ], [ 31.02447666022222, -29.735376917835151 ], [ 31.024496826810491, -29.735330534400354 ], [ 31.024589594620931, -29.735231716933821 ], [ 31.024660178288418, -29.735167184075138 ], [ 31.024724711531505, -29.735122816804438 ], [ 31.024867894844398, -29.735052232824419 ], [ 31.025011079199086, -29.734985683153656 ], [ 31.025061496475288, -29.734929215903826 ], [ 31.02509981333932, -29.734890899238454 ], [ 31.025184513014487, -29.734858632062426 ], [ 31.02526316323673, -29.734796115615641 ], [ 31.02542546538551, -29.734666878623717 ], [ 31.025565084468418, -29.734555702558421 ], [ 31.025707108050543, -29.734429639274826 ], [ 31.025832736706022, -29.734466710247805 ], [ 31.025838915880666, -29.734569685235368 ], [ 31.025910997858645, -29.734736503902027 ], [ 31.025630907498183, -29.734950691028672 ] ] ] } },
{ "type": "Feature", "properties": { "EA_CODE": "59913572", "EA_TYPE": "Township", "White": 1.0, "Black_African": 570.0, "Coloured": 2.0, "Indian_Asian": 101.0, "Other": 0.0, "area_km2": 0.101972, "sal2023_est": 629.796663, "walk_typology": "Pharmacy desert", "walk_dist_k1_km": 6.1149096051372469, "exceeds_walk_k1_3km": true, "econ_status": "Non_Wealthy", "Ai_walk": 0.0, "walk_snap_flag": false, "drive_typology": "Well-served", "walk_dist_k3_km": 7.7446048483652463, "PR_NAME": "KwaZulu-Natal", "MN_NAME": "Ethekwini", "SP_NAME": "Mount Moriah" }, "geometry": { "type": "Polygon", "coordinates": [ [ [ 31.020688881020526, -29.734066437708989 ], [ 31.020682968869284, -29.734120823697165 ], [ 31.020654032491713, -29.734263650597942 ], [ 31.020654032585654, -29.734377620599631 ], [ 31.020684023817619, -29.734467596903432 ], [ 31.020684023967124, -29.734563572110726 ], [ 31.020774000598351, -29.734569570398524 ], [ 31.020893969450992, -29.734581566759601 ], [ 31.021049927164039, -29.734641550644923 ], [ 31.021133905597278, -29.734671543373427 ], [ 31.021211883908197, -29.734761518565712 ], [ 31.021277866793785, -29.73488748505347 ], [ 31.021319854699978, -29.73510342821227 ], [ 31.021346400589071, -29.735258886706983 ], [ 31.02103450548471, -29.735313927350738 ], [ 31.020676804335682, -29.735370906348592 ], [ 31.020566010648462, -29.735383567761087 ], [ 31.020407737627998, -29.735421554333424 ], [ 31.020091187281896, -29.735567167201008 ], [ 31.019667010792027, -29.735798247680947 ], [ 31.019537226435336, -29.735874219875928 ], [ 31.019283986348299, -29.736004005214063 ], [ 31.019132041907497, -29.736098970376162 ], [ 31.019002256924217, -29.736225588779998 ], [ 31.018878803581199, -29.736374368301789 ], [ 31.018771176404847, -29.736488326283006 ], [ 31.018698674710457, -29.736610219645613 ], [ 31.018485703315065, -29.736529918703987 ], [ 31.018290187620302, -29.736467075079577 ], [ 31.018059758523396, -29.736442635370487 ], [ 31.01793756047168, -29.736442634769116 ], [ 31.017543036723712, -29.736522936649468 ], [ 31.017522088922661, -29.736481040000875 ], [ 31.017452262011346, -29.736400738691518 ], [ 31.017277693647074, -29.736330911937898 ], [ 31.01708566977663, -29.736271559436073 ], [ 31.016963471965163, -29.736222679649586 ], [ 31.016802869961378, -29.736149362115867 ], [ 31.01671618471385, -29.736101031327763 ], [ 31.016637180484064, -29.736107615156833 ], [ 31.01649233905113, -29.736101031066994 ], [ 31.016373831964234, -29.736022026695103 ], [ 31.016294827690739, -29.73592327057932 ], [ 31.016288243702867, -29.735785013929235 ], [ 31.016321163003084, -29.735534833026335 ], [ 31.016433085970757, -29.73524515069597 ], [ 31.01658451161509, -29.734935716623038 ], [ 31.016768854608571, -29.734692119796144 ], [ 31.016887360729733, -29.734534111159036 ], [ 31.017017348817181, -29.734137834773271 ], [ 31.017181693547684, -29.734086477190967 ], [ 31.017448751921219, -29.734004305089123 ], [ 31.017931513086435, -29.733819417589999 ], [ 31.017952870593206, -29.733798061185482 ], [ 31.019915632097089, -29.733817615909114 ], [ 31.020688881020526, -29.734066437708989 ] ] ] } },
{ "type": "Feature", "properties": { "EA_CODE": "59913566", "EA_TYPE": "Township", "White": 9.0, "Black_African": 685.0, "Coloured": 0.0, "Indian_Asian": 4.0, "Other": 1.0, "area_km2": 0.09669, "sal2023_est": 653.157074, "walk_typology": "Pharmacy desert", "walk_dist_k1_km": 5.5884699636067872, "exceeds_walk_k1_3km": true, "econ_status": "Non_Wealthy", "Ai_walk": 0.0, "walk_snap_flag": false, "drive_typology": "Well-served", "walk_dist_k3_km": 7.2229535608860482, "PR_NAME": "KwaZulu-Natal", "MN_NAME": "Ethekwini", "SP_NAME": "Mount Moriah" }, "geometry": { "type": "Polygon", "coordinates": [ [ [ 31.021909234801353, -29.737545147684454 ], [ 31.021954086155358, -29.737546985940138 ], [ 31.022106301419125, -29.737590902713823 ], [ 31.022250484736333, -29.737650458139413 ], [ 31.022416609806555, -29.737766432231794 ], [ 31.022450729520671, -29.737806082787937 ], [ 31.022181958739846, -29.737911375248657 ], [ 31.022112810873317, -29.738122110878322 ], [ 31.022162202295362, -29.738237357072034 ], [ 31.02214244586537, -29.738359188783001 ], [ 31.022096346631567, -29.738500777981681 ], [ 31.022096347583243, -29.738563339604578 ], [ 31.022139152790757, -29.738622609864112 ], [ 31.022241227742363, -29.738695050197268 ], [ 31.022310375917911, -29.738757613363976 ], [ 31.022320255045919, -29.738820175324111 ], [ 31.022316962307613, -29.73891237208726 ], [ 31.022221472300942, -29.738994690611452 ], [ 31.022033784680499, -29.739113229916452 ], [ 31.021876052742705, -29.739225896086019 ], [ 31.021898659421275, -29.739236877889397 ], [ 31.022435795339135, -29.739532758375002 ], [ 31.021711523909907, -29.740037543641748 ], [ 31.021588873358922, -29.740106000825424 ], [ 31.021474092986288, -29.74017006579728 ], [ 31.021369369895414, -29.740209204804142 ], [ 31.021292034933531, -29.740216454687705 ], [ 31.021267820685072, -29.740218724854536 ], [ 31.021194832365325, -29.740219782542237 ], [ 31.020994821212881, -29.74011049257123 ], [ 31.020619189130432, -29.739957892742531 ], [ 31.020384420171371, -29.73993441626433 ], [ 31.020044003652007, -29.739946153883395 ], [ 31.019656633790408, -29.74000484685396 ], [ 31.019257525168715, -29.740040061971882 ], [ 31.019021358999616, -29.739992180602048 ], [ 31.018416957739337, -29.73980838691395 ], [ 31.018498252019846, -29.739684679421675 ], [ 31.018731528643492, -29.739447866856111 ], [ 31.019392481934005, -29.738832863325147 ], [ 31.019304119593251, -29.7387692416027 ], [ 31.019155670308791, -29.738716224992459 ], [ 31.018908255052011, -29.738716225051526 ], [ 31.018657305390665, -29.738716224877056 ], [ 31.018666575529274, -29.738585130865573 ], [ 31.018723496623206, -29.738445017055323 ], [ 31.018767282230428, -29.738396853245924 ], [ 31.018684089083468, -29.738129759748002 ], [ 31.018732253453368, -29.737516760811143 ], [ 31.01879793220127, -29.737057010693889 ], [ 31.019048260775712, -29.736858219796979 ], [ 31.019126749946466, -29.736919266774763 ], [ 31.019364804576426, -29.737058815420994 ], [ 31.019586439212027, -29.737181946319911 ], [ 31.019873744828399, -29.737354328624523 ], [ 31.020169889182931, -29.73744262727752 ], [ 31.020509896970566, -29.737466192417216 ], [ 31.02087010359082, -29.737503223092439 ], [ 31.02116971264055, -29.737509955242825 ], [ 31.021208953646674, -29.737512076258096 ], [ 31.021543384159358, -29.737530154183652 ], [ 31.021909234801353, -29.737545147684454 ] ] ] } },
{ "type": "Feature", "properties": { "EA_CODE": "59913558", "EA_TYPE": "Township", "White": 0.0, "Black_African": 670.0, "Coloured": 6.0, "Indian_Asian": 66.0, "Other": 0.0, "area_km2": 0.035314, "sal2023_est": 693.336979, "walk_typology": "Access gap", "walk_dist_k1_km": 4.7750597359624631, "exceeds_walk_k1_3km": true, "econ_status": "Non_Wealthy", "Ai_walk": 0.013481, "walk_snap_flag": false, "drive_typology": "Well-served", "walk_dist_k3_km": 6.4047549791904634, "PR_NAME": "KwaZulu-Natal", "MN_NAME": "Ethekwini", "SP_NAME": "Mount Moriah" }, "geometry": { "type": "Polygon", "coordinates": [ [ [ 31.017737030121658, -29.743397722167281 ], [ 31.017658038500556, -29.743572689296119 ], [ 31.017638736039508, -29.743734824849895 ], [ 31.017654177027442, -29.743947147265786 ], [ 31.017692781200502, -29.74434090639248 ], [ 31.016910614147591, -29.744377208770921 ], [ 31.016899911429796, -29.744032064135563 ], [ 31.01687278080086, -29.743998904000172 ], [ 31.016872781120671, -29.743691427302924 ], [ 31.016844273625026, -29.74355666406446 ], [ 31.016601585967098, -29.74374763741714 ], [ 31.016578504010379, -29.743727869169771 ], [ 31.016466507691245, -29.743454339869722 ], [ 31.016406500155675, -29.743300924925659 ], [ 31.016203652584615, -29.743106520665915 ], [ 31.015987136446032, -29.74296495303782 ], [ 31.015998077856093, -29.742954992992367 ], [ 31.016085543450806, -29.742875376791378 ], [ 31.01631971015307, -29.742638087303305 ], [ 31.016422743741998, -29.74257252133987 ], [ 31.016631933435946, -29.742360209398523 ], [ 31.016694696235191, -29.742292323340084 ], [ 31.016784921815621, -29.742194730767043 ], [ 31.01684736583811, -29.742091697555924 ], [ 31.016884833297095, -29.741994909369307 ], [ 31.01702533344805, -29.741848163746443 ], [ 31.017190811469973, -29.741657707694408 ], [ 31.017328290028999, -29.741749136165971 ], [ 31.017450912229165, -29.741817259880047 ], [ 31.01760078440379, -29.741899008219733 ], [ 31.017784717158143, -29.742028441997604 ], [ 31.017937993656147, -29.742191938256308 ], [ 31.018016336128603, -29.742297529157522 ], [ 31.018166208421231, -29.742501899965013 ], [ 31.01823092525953, -29.742634739563332 ], [ 31.01824454954146, -29.742818672808902 ], [ 31.018179832058077, -29.742948108169745 ], [ 31.018029960697518, -29.743121822142349 ], [ 31.017801747815, -29.743339817326618 ], [ 31.017737030121658, -29.743397722167281 ] ] ] } },
{ "type": "Feature", "properties": { "EA_CODE": "59913559", "EA_TYPE": "Township", "White": 0.0, "Black_African": 708.0, "Coloured": 4.0, "Indian_Asian": 58.0, "Other": 0.0, "area_km2": 0.046311, "sal2023_est": 719.500639, "walk_typology": "Access gap", "walk_dist_k1_km": 4.9207142329392193, "exceeds_walk_k1_3km": true, "econ_status": "Non_Wealthy", "Ai_walk": 0.012904, "walk_snap_flag": false, "drive_typology": "Well-served", "walk_dist_k3_km": 6.5504094761672187, "PR_NAME": "KwaZulu-Natal", "MN_NAME": "Ethekwini", "SP_NAME": "Mount Moriah" }, "geometry": { "type": "Polygon", "coordinates": [ [ [ 31.020794261375713, -29.742369880373928 ], [ 31.020625213609819, -29.742764327256833 ], [ 31.020433624275526, -29.743046074074805 ], [ 31.020163147479739, -29.743395440911947 ], [ 31.019250284757888, -29.743902585842726 ], [ 31.018664249780755, -29.744173063579517 ], [ 31.017909166865746, -29.74433084217095 ], [ 31.017692781200502, -29.74434090639248 ], [ 31.017654177027442, -29.743947147265786 ], [ 31.017638736039508, -29.743734824849895 ], [ 31.017658038500556, -29.743572689296119 ], [ 31.017737030121658, -29.743397722167281 ], [ 31.017917306981914, -29.743453477569183 ], [ 31.018047446806374, -29.743435958806817 ], [ 31.018492923175067, -29.743378397562374 ], [ 31.018643083613913, -29.743333350096307 ], [ 31.018830783623436, -29.743200708230262 ], [ 31.018935896034744, -29.743035530680668 ], [ 31.018975939345182, -29.742912900017277 ], [ 31.018980944361275, -29.742812793003509 ], [ 31.018955918403783, -29.742702674979718 ], [ 31.018920880491777, -29.742540001098703 ], [ 31.018870827320757, -29.742349798430286 ], [ 31.018823275930185, -29.742182118589504 ], [ 31.01879574612277, -29.74198941271969 ], [ 31.018810763511024, -29.741916835224384 ], [ 31.01886081572086, -29.741844258381288 ], [ 31.019063533143363, -29.741741648152193 ], [ 31.019438934440988, -29.741629027953984 ], [ 31.01962913727365, -29.741591486574322 ], [ 31.019814335400408, -29.7415589528295 ], [ 31.019979511761722, -29.741583978748988 ], [ 31.02016721309835, -29.741659060344393 ], [ 31.020312368598194, -29.741804214651587 ], [ 31.020434999074769, -29.742026952949306 ], [ 31.020587662583981, -29.742212151254098 ], [ 31.020740324677281, -29.742297242395416 ], [ 31.020794261375713, -29.742369880373928 ] ] ] } },
{ "type": "Feature", "properties": { "EA_CODE": "59913561", "EA_TYPE": "Township", "White": 5.0, "Black_African": 806.0, "Coloured": 0.0, "Indian_Asian": 19.0, "Other": 0.0, "area_km2": 0.102079, "sal2023_est": 775.565624, "walk_typology": "Pharmacy desert", "walk_dist_k1_km": 5.5548790183936116, "exceeds_walk_k1_3km": true, "econ_status": "Non_Wealthy", "Ai_walk": 0.0, "walk_snap_flag": false, "drive_typology": "Well-served", "walk_dist_k3_km": 7.1893626156728727, "PR_NAME": "KwaZulu-Natal", "MN_NAME": "Ethekwini", "SP_NAME": "Mount Moriah" }, "geometry": { "type": "Polygon", "coordinates": [ [ [ 31.018416957739337, -29.73980838691395 ], [ 31.019021358999616, -29.739992180602048 ], [ 31.019257525168715, -29.740040061971882 ], [ 31.019656633790408, -29.74000484685396 ], [ 31.020044003652007, -29.739946153883395 ], [ 31.020384420171371, -29.73993441626433 ], [ 31.020619189130432, -29.739957892742531 ], [ 31.020994821212881, -29.74011049257123 ], [ 31.021194832365325, -29.740219782542237 ], [ 31.021267820685072, -29.740218724854536 ], [ 31.021292034933531, -29.740216454687705 ], [ 31.021256327637399, -29.740352568032055 ], [ 31.020895689916426, -29.740735745227525 ], [ 31.020873150081556, -29.741051301915256 ], [ 31.020861880853658, -29.741400669093704 ], [ 31.020850611614399, -29.741671147323064 ], [ 31.020828070796057, -29.742043052633836 ], [ 31.020794261375713, -29.742369880373928 ], [ 31.020740324677281, -29.742297242395416 ], [ 31.020587662583981, -29.742212151254098 ], [ 31.020434999074769, -29.742026952949306 ], [ 31.020312368598194, -29.741804214651587 ], [ 31.02016721309835, -29.741659060344393 ], [ 31.019979511761722, -29.741583978748988 ], [ 31.019814335400408, -29.7415589528295 ], [ 31.01962913727365, -29.741591486574322 ], [ 31.019438934440988, -29.741629027953984 ], [ 31.019063533143363, -29.741741648152193 ], [ 31.01886081572086, -29.741844258381288 ], [ 31.018810763511024, -29.741916835224384 ], [ 31.01879574612277, -29.74198941271969 ], [ 31.018823275930185, -29.742182118589504 ], [ 31.018870827320757, -29.742349798430286 ], [ 31.018920880491777, -29.742540001098703 ], [ 31.018955918403783, -29.742702674979718 ], [ 31.018980944361275, -29.742812793003509 ], [ 31.018975939345182, -29.742912900017277 ], [ 31.018935896034744, -29.743035530680668 ], [ 31.018830783623436, -29.743200708230262 ], [ 31.018643083613913, -29.743333350096307 ], [ 31.018492923175067, -29.743378397562374 ], [ 31.018047446806374, -29.743435958806817 ], [ 31.017917306981914, -29.743453477569183 ], [ 31.017737030121658, -29.743397722167281 ], [ 31.017801747815, -29.743339817326618 ], [ 31.018029960697518, -29.743121822142349 ], [ 31.018179832058077, -29.742948108169745 ], [ 31.01824454954146, -29.742818672808902 ], [ 31.01823092525953, -29.742634739563332 ], [ 31.018166208421231, -29.742501899965013 ], [ 31.018016336128603, -29.742297529157522 ], [ 31.017937993656147, -29.742191938256308 ], [ 31.017784717158143, -29.742028441997604 ], [ 31.01760078440379, -29.741899008219733 ], [ 31.017450912229165, -29.741817259880047 ], [ 31.017328290028999, -29.741749136165971 ], [ 31.017190811469973, -29.741657707694408 ], [ 31.017134610728679, -29.741623363702654 ], [ 31.017031578001152, -29.741529697046214 ], [ 31.016919178239441, -29.741351730219598 ], [ 31.016881711341487, -29.741264307616294 ], [ 31.01679428952913, -29.741173762572981 ], [ 31.016685010886338, -29.741117563173397 ], [ 31.016541476629342, -29.741046228245828 ], [ 31.016555427459643, -29.740983453214081 ], [ 31.016555427406782, -29.740875341841445 ], [ 31.016524039059526, -29.740795130009317 ], [ 31.016443826999449, -29.740693992620276 ], [ 31.016328741162241, -29.740512643764269 ], [ 31.016238065629359, -29.740383607080393 ], [ 31.016217141126397, -29.740324320429856 ], [ 31.016146102745658, -29.74021863330433 ], [ 31.016157698345321, -29.740219792435692 ], [ 31.016328172196257, -29.74023684008688 ], [ 31.016610041408065, -29.740152278718085 ], [ 31.016849629774885, -29.740053624891434 ], [ 31.017068079622593, -29.739919737249281 ], [ 31.017378135430974, -29.739792896128915 ], [ 31.017624769608517, -29.739701289045065 ], [ 31.018005293643252, -29.739708334828158 ], [ 31.018416957739337, -29.73980838691395 ] ] ] } },
{ "type": "Feature", "properties": { "EA_CODE": "59913570", "EA_TYPE": "Township", "White": 0.0, "Black_African": 880.0, "Coloured": 1.0, "Indian_Asian": 6.0, "Other": 0.0, "area_km2": 0.03831, "sal2023_est": 828.827359, "walk_typology": "Pharmacy desert", "walk_dist_k1_km": 5.6640253855733222, "exceeds_walk_k1_3km": true, "econ_status": "Non_Wealthy", "Ai_walk": 0.0, "walk_snap_flag": false, "drive_typology": "Well-served", "walk_dist_k3_km": 7.2937206288013217, "PR_NAME": "KwaZulu-Natal", "MN_NAME": "Ethekwini", "SP_NAME": "Mount Moriah" }, "geometry": { "type": "Polygon", "coordinates": [ [ [ 31.017092004559217, -29.736903724021857 ], [ 31.017030094087911, -29.736976348767957 ], [ 31.016863723787569, -29.737171513029519 ], [ 31.016791734718435, -29.737254410444439 ], [ 31.016700917097833, -29.737189256982024 ], [ 31.016515704638739, -29.737094148683667 ], [ 31.016245396535194, -29.737059108358249 ], [ 31.015971809994745, -29.737081724627611 ], [ 31.015768577107107, -29.737168824800726 ], [ 31.01558909947833, -29.737274400033861 ], [ 31.015438654322683, -29.73743276274995 ], [ 31.01523542255563, -29.737628078185011 ], [ 31.014960925797574, -29.737884097911639 ], [ 31.014673232981142, -29.738153314765434 ], [ 31.014182897046158, -29.738585046390174 ], [ 31.013817643355193, -29.738942359368313 ], [ 31.013400777718804, -29.739335403629614 ], [ 31.013210210916295, -29.73949817998556 ], [ 31.013139179038436, -29.739567667632656 ], [ 31.01306969385681, -29.739351133733887 ], [ 31.013030381863018, -29.739172917133224 ], [ 31.013051348596633, -29.738897727901939 ], [ 31.01313783629616, -29.738538672225534 ], [ 31.013363228791295, -29.738203203838538 ], [ 31.013557170656345, -29.738108853926491 ], [ 31.013882156514274, -29.737736693653304 ], [ 31.014306732613317, -29.737225629098997 ], [ 31.014697238227097, -29.736890160545553 ], [ 31.014969805765411, -29.7367067022893 ], [ 31.015263341188898, -29.736586143590959 ], [ 31.015774405267486, -29.736428893322742 ], [ 31.016178015066032, -29.736512760026308 ], [ 31.01626974513281, -29.73657041837739 ], [ 31.016505620874504, -29.736646423161403 ], [ 31.016691700784094, -29.736798431705324 ], [ 31.016974752507423, -29.736877056778358 ], [ 31.017092004559217, -29.736903724021857 ] ] ] } },
{ "type": "Feature", "properties": { "EA_CODE": "59913565", "EA_TYPE": "Township", "White": 0.0, "Black_African": 901.0, "Coloured": 2.0, "Indian_Asian": 6.0, "Other": 1.0, "area_km2": 0.158497, "sal2023_est": 850.318937, "walk_typology": "Pharmacy desert", "walk_dist_k1_km": 6.0131354439396594, "exceeds_walk_k1_3km": true, "econ_status": "Non_Wealthy", "Ai_walk": 0.0, "walk_snap_flag": false, "drive_typology": "Well-served", "walk_dist_k3_km": 7.6476190412189187, "PR_NAME": "KwaZulu-Natal", "MN_NAME": "Ethekwini", "SP_NAME": "Mount Moriah" }, "geometry": { "type": "Polygon", "coordinates": [ [ [ 31.024150249741982, -29.73717168979735 ], [ 31.024624886247445, -29.737482658240186 ], [ 31.024952220607585, -29.73728080190882 ], [ 31.025246822627764, -29.73717714633618 ], [ 31.025530511845808, -29.737160779403542 ], [ 31.026021513966647, -29.737226245647722 ], [ 31.026577982997004, -29.737362634950063 ], [ 31.026905318234729, -29.737395368689274 ], [ 31.027138455947874, -29.737371789355908 ], [ 31.027592090568668, -29.737907159398084 ], [ 31.027520212251595, -29.737939179844613 ], [ 31.027106445630697, -29.738179490306894 ], [ 31.026837224975058, -29.738363788166382 ], [ 31.026465014656239, -29.738683600164578 ], [ 31.026148818624169, -29.739008832402249 ], [ 31.026002463010631, -29.739191322837652 ], [ 31.025829005860828, -29.739437054372004 ], [ 31.025319476586979, -29.740161597810776 ], [ 31.024837049084159, -29.740864461179495 ], [ 31.022919932096983, -29.740685678848216 ], [ 31.02201606957798, -29.740521339555141 ], [ 31.021652176598565, -29.740180924091487 ], [ 31.021588873358922, -29.740106000825424 ], [ 31.021711523909907, -29.740037543641748 ], [ 31.022435795339135, -29.739532758375002 ], [ 31.021898659421275, -29.739236877889397 ], [ 31.021876052742705, -29.739225896086019 ], [ 31.022033784680499, -29.739113229916452 ], [ 31.022221472300942, -29.738994690611452 ], [ 31.022316962307613, -29.73891237208726 ], [ 31.022320255045919, -29.738820175324111 ], [ 31.022310375917911, -29.738757613363976 ], [ 31.022241227742363, -29.738695050197268 ], [ 31.022139152790757, -29.738622609864112 ], [ 31.022096347583243, -29.738563339604578 ], [ 31.022096346631567, -29.738500777981681 ], [ 31.02214244586537, -29.738359188783001 ], [ 31.022162202295362, -29.738237357072034 ], [ 31.022112810873317, -29.738122110878322 ], [ 31.022181958739846, -29.737911375248657 ], [ 31.022450729520671, -29.737806082787937 ], [ 31.022416609806555, -29.737766432231794 ], [ 31.022250484736333, -29.737650458139413 ], [ 31.022106301419125, -29.737590902713823 ], [ 31.021954086155358, -29.737546985940138 ], [ 31.021909234801353, -29.737545147684454 ], [ 31.021918179829495, -29.737505238969561 ], [ 31.022030393573949, -29.737398635585318 ], [ 31.02215663348381, -29.737350946264165 ], [ 31.02225762474599, -29.737342529737322 ], [ 31.022395085745448, -29.737353751375803 ], [ 31.022552183741826, -29.737409857728665 ], [ 31.022776610445959, -29.737451937749078 ], [ 31.022922487262225, -29.737454742592941 ], [ 31.023054337256408, -29.737451937930636 ], [ 31.023124470125591, -29.737449132008567 ], [ 31.02316374542599, -29.737373389188207 ], [ 31.023191797671327, -29.737252758713826 ], [ 31.023391282011975, -29.736572914448683 ], [ 31.023492479089185, -29.736545928149635 ], [ 31.023542940174046, -29.736532472057185 ], [ 31.023853664446719, -29.736446783179058 ], [ 31.023973948636279, -29.736896543937149 ], [ 31.024150249741982, -29.73717168979735 ] ] ] } },
{ "type": "Feature", "properties": { "EA_CODE": "59913787", "EA_TYPE": "Township", "White": 0.0, "Black_African": 339.0, "Coloured": 2.0, "Indian_Asian": 199.0, "Other": 0.0, "area_km2": 0.148185, "sal2023_est": 596.973632, "walk_typology": "Pharmacy desert", "walk_dist_k1_km": 4.5692547751920838, "exceeds_walk_k1_3km": true, "econ_status": "Non_Wealthy", "Ai_walk": 0.0, "walk_snap_flag": false, "drive_typology": "Well-served", "walk_dist_k3_km": 6.8079544782755352, "PR_NAME": "KwaZulu-Natal", "MN_NAME": "Ethekwini", "SP_NAME": "Corovoca Township" }, "geometry": { "type": "Polygon", "coordinates": [ [ [ 31.003792169040832, -29.748904885573449 ], [ 31.003664177020248, -29.749032877898333 ], [ 31.003636258860556, -29.749069171287534 ], [ 31.003885340837996, -29.74974384879738 ], [ 31.00428747937169, -29.75057975454817 ], [ 31.004612280751587, -29.751196377900335 ], [ 31.004501875479207, -29.75122810440477 ], [ 31.004440304317519, -29.751230781193126 ], [ 31.004325193103284, -29.751185272106405 ], [ 31.004191344415275, -29.751115670294553 ], [ 31.004014663392461, -29.751072838417798 ], [ 31.003872782005171, -29.750992528082435 ], [ 31.003754993783943, -29.750928280790962 ], [ 31.003514424676244, -29.750746277688446 ], [ 31.002787430367135, -29.751038177680883 ], [ 31.002412917660184, -29.751297031790681 ], [ 31.001928253668098, -29.751682560229185 ], [ 31.001052555954569, -29.752161714715072 ], [ 31.000931389672608, -29.752001997440011 ], [ 31.000810224363466, -29.751886339054369 ], [ 31.000661520822202, -29.751831262883947 ], [ 31.000466204230328, -29.751792653777969 ], [ 31.000495681330719, -29.751699855400748 ], [ 31.000536770904638, -29.75160006493828 ], [ 31.000550467975458, -29.751517884873543 ], [ 31.000241516779003, -29.751451055075357 ], [ 30.999537116644056, -29.75136604068172 ], [ 30.999348871929701, -29.751347823802558 ], [ 30.999221350867526, -29.751372113152257 ], [ 30.998765920605301, -29.75143283727564 ], [ 30.998644471657997, -29.75142676520349 ], [ 30.998323405914562, -29.750942618234081 ], [ 30.998494497150229, -29.750825290856458 ], [ 30.99977978396997, -29.749943890929099 ], [ 31.000313539303594, -29.749577863280262 ], [ 31.000855759358728, -29.749206030296854 ], [ 31.000991194826351, -29.749113153328025 ], [ 31.001862945639452, -29.748513825103629 ], [ 31.002807341323425, -29.747937198245268 ], [ 31.003520178981031, -29.747655694943649 ], [ 31.003553356782014, -29.747644635618965 ], [ 31.004214855109424, -29.747424137180904 ], [ 31.004214961649996, -29.747424478275164 ], [ 31.004263957888263, -29.747408053903762 ], [ 31.004325434215669, -29.747942894300216 ], [ 31.004310900646466, -29.748226290239522 ], [ 31.004201902108669, -29.748444286883469 ], [ 31.004114704415588, -29.74861868411768 ], [ 31.003896707454135, -29.748800348253386 ], [ 31.003792169040832, -29.748904885573449 ] ] ] } },
{ "type": "Feature", "properties": { "EA_CODE": "59913788", "EA_TYPE": "Township", "White": 0.0, "Black_African": 339.0, "Coloured": 2.0, "Indian_Asian": 199.0, "Other": 0.0, "area_km2": 0.177991, "sal2023_est": 596.973632, "walk_typology": "Pharmacy desert", "walk_dist_k1_km": 4.6486761590686072, "exceeds_walk_k1_3km": true, "econ_status": "Non_Wealthy", "Ai_walk": 0.0, "walk_snap_flag": false, "drive_typology": "Well-served", "walk_dist_k3_km": 6.874719565640917, "PR_NAME": "KwaZulu-Natal", "MN_NAME": "Ethekwini", "SP_NAME": "Corovoca Township" }, "geometry": { "type": "Polygon", "coordinates": [ [ [ 31.010958698222705, -29.747306241342375 ], [ 31.010892034358758, -29.747474983837481 ], [ 31.010821203918518, -29.747564563198011 ], [ 31.010737874426795, -29.747687475050245 ], [ 31.010583713613382, -29.747795804215226 ], [ 31.010402470716208, -29.747866633739708 ], [ 31.010133732617092, -29.747983296233755 ], [ 31.009923324021038, -29.748085375706385 ], [ 31.009837910051623, -29.748152040146874 ], [ 31.00971291506464, -29.748241618930571 ], [ 31.009556672441672, -29.748395779818324 ], [ 31.009406678108554, -29.748585354922369 ], [ 31.009100675201566, -29.749067507114159 ], [ 31.00765262537946, -29.749068976095703 ], [ 31.007285934642709, -29.748915097048588 ], [ 31.006929068007064, -29.748990400176286 ], [ 31.006578747713188, -29.749095167874895 ], [ 31.006169496025578, -29.749173745126228 ], [ 31.00573732543408, -29.749131181614711 ], [ 31.005226578885662, -29.749124633571096 ], [ 31.004866437083965, -29.749042783871641 ], [ 31.004601241144879, -29.748921645112709 ], [ 31.004244372985156, -29.748823424662703 ], [ 31.003923520621736, -29.748921645138257 ], [ 31.003792169040832, -29.748904885573449 ], [ 31.003896707454135, -29.748800348253386 ], [ 31.004114704415588, -29.74861868411768 ], [ 31.004201902108669, -29.748444286883469 ], [ 31.004310900646466, -29.748226290239522 ], [ 31.004325434215669, -29.747942894300216 ], [ 31.004263957888263, -29.747408053903762 ], [ 31.006915740931536, -29.746519145896443 ], [ 31.007224371273981, -29.746415690170263 ], [ 31.008894343023083, -29.745878913435927 ], [ 31.009166991839141, -29.745793709953233 ], [ 31.00950780283485, -29.745717028388224 ], [ 31.01039391068571, -29.74563182471589 ], [ 31.01049894362993, -29.745617169175997 ], [ 31.0105462156322, -29.745793801894269 ], [ 31.010562881281057, -29.745833384270025 ], [ 31.010579547277882, -29.74586463169339 ], [ 31.010650376943914, -29.745977128147107 ], [ 31.010902450215799, -29.746293781889548 ], [ 31.011039945433019, -29.746468774842647 ], [ 31.01113369129704, -29.746595853376117 ], [ 31.011192022071146, -29.746675016040168 ], [ 31.011269102579856, -29.746804177836253 ], [ 31.011333683530648, -29.746916673363323 ], [ 31.011383680935641, -29.747025002072856 ], [ 31.01145451122235, -29.747181245765677 ], [ 31.011496175833553, -29.747302074296162 ], [ 31.010958698222705, -29.747306241342375 ] ] ] } },
{ "type": "Feature", "properties": { "EA_CODE": "59911322", "EA_TYPE": "Township", "White": 0.0, "Black_African": 583.0, "Coloured": 1.0, "Indian_Asian": 1.0, "Other": 0.0, "area_km2": 0.109816, "sal2023_est": 646.721434, "walk_typology": "Pharmacy desert", "walk_dist_k1_km": 3.5224063136890504, "exceeds_walk_k1_3km": true, "econ_status": "Non_Wealthy", "Ai_walk": 0.0, "walk_snap_flag": false, "drive_typology": "Well-served", "walk_dist_k3_km": 7.2325796677329031, "PR_NAME": "KwaZulu-Natal", "MN_NAME": "Ethekwini", "SP_NAME": "Corovoca Township" }, "geometry": { "type": "Polygon", "coordinates": [ [ [ 30.999861677468285, -29.754884259768875 ], [ 30.999861273707882, -29.754884341400835 ], [ 30.999690458026979, -29.754918503706861 ], [ 30.999514980183111, -29.754953600168854 ], [ 30.999043953630657, -29.75500991934403 ], [ 30.998752121208909, -29.755122556320824 ], [ 30.998108234130534, -29.755608109198796 ], [ 30.997076931253265, -29.756324155721661 ], [ 30.996759231044681, -29.756529439432949 ], [ 30.996735677363553, -29.756501847189739 ], [ 30.995900358298464, -29.757073222914858 ], [ 30.995846759024602, -29.757277096569524 ], [ 30.995773320990011, -29.757296537154055 ], [ 30.995511968404415, -29.75730949631102 ], [ 30.995321892958685, -29.757367814933186 ], [ 30.995286478389243, -29.757394730364538 ], [ 30.99516499764994, -29.757289233951386 ], [ 30.995060354059614, -29.757168067932028 ], [ 30.994994263730952, -29.756991826336016 ], [ 30.994895127728835, -29.756452087988681 ], [ 30.994906142617889, -29.756198740730142 ], [ 30.994961218936233, -29.756005977200406 ], [ 30.995049339233478, -29.755846258269106 ], [ 30.995159489967406, -29.755730600083691 ], [ 30.995478926636821, -29.755471745837706 ], [ 30.995963591061692, -29.755141293656084 ], [ 30.996305058280821, -29.754909976977697 ], [ 30.996426224509573, -29.754761272844384 ], [ 30.996508836835872, -29.754634600098001 ], [ 30.996635510385946, -29.754238056837284 ], [ 30.997015530085825, -29.753197132614432 ], [ 30.99720715029444, -29.752678356208687 ], [ 30.9972758209652, -29.752693729745562 ], [ 30.99776091173371, -29.75273653236296 ], [ 30.997903585695916, -29.752754365683735 ], [ 30.998049826695347, -29.752800734728645 ], [ 30.998206767954041, -29.752893472672469 ], [ 30.998410078137944, -29.753046848395662 ], [ 30.998649056853839, -29.753221623393507 ], [ 30.998841667220614, -29.753371431027336 ], [ 30.999169816662949, -29.753613976645624 ], [ 30.999330324728312, -29.753749516755338 ], [ 30.999066379323896, -29.753942126947333 ], [ 30.999383828200845, -29.754159705115026 ], [ 30.999861677468285, -29.754884259768875 ] ] ] } },
{ "type": "Feature", "properties": { "EA_CODE": "59911324", "EA_TYPE": "Township", "White": 0.0, "Black_African": 612.0, "Coloured": 5.0, "Indian_Asian": 1.0, "Other": 5.0, "area_km2": 0.246784, "sal2023_est": 688.73069, "walk_typology": "Pharmacy desert", "walk_dist_k1_km": 3.8852950687157848, "exceeds_walk_k1_3km": true, "econ_status": "Non_Wealthy", "Ai_walk": 0.0, "walk_snap_flag": false, "drive_typology": "Well-served", "walk_dist_k3_km": 7.2431454935057307, "PR_NAME": "KwaZulu-Natal", "MN_NAME": "Ethekwini", "SP_NAME": "Corovoca Township" }, "geometry": { "type": "Polygon", "coordinates": [ [ [ 31.004325193103284, -29.751185272106405 ], [ 31.004440304317519, -29.751230781193126 ], [ 31.004501875479207, -29.75122810440477 ], [ 31.004612280751587, -29.751196377900335 ], [ 31.005021721348452, -29.751973683809872 ], [ 31.00534252850537, -29.75254978128288 ], [ 31.005609113757444, -29.75299032634662 ], [ 31.005865187287842, -29.753241789338837 ], [ 31.006044892993909, -29.753381763666226 ], [ 31.005733502075405, -29.753593450649323 ], [ 31.005648574044031, -29.753612195712545 ], [ 31.005633406201706, -29.753741118779452 ], [ 31.00563322718094, -29.753742641212202 ], [ 31.005628094405466, -29.753786271690451 ], [ 31.005474499614827, -29.753991065629627 ], [ 31.005474499588448, -29.754134422075399 ], [ 31.005366982253395, -29.754313616943151 ], [ 31.004419807222078, -29.755347829241511 ], [ 31.003943660302312, -29.755404148097892 ], [ 31.003610868667732, -29.755363189002342 ], [ 31.003462392779234, -29.755301751270526 ], [ 31.003170560785119, -29.755102075687311 ], [ 31.002771212236834, -29.754825604094609 ], [ 31.002336024155859, -29.754625928618019 ], [ 31.002039071706992, -29.754564490924125 ], [ 31.001557805154597, -29.754605449807251 ], [ 31.00002696594893, -29.754851202952182 ], [ 31.000002670635183, -29.754856062445469 ], [ 30.999861677468285, -29.754884259768875 ], [ 30.999383828200845, -29.754159705115026 ], [ 30.999066379323896, -29.753942126947333 ], [ 30.999330324728312, -29.753749516755338 ], [ 30.999169816662949, -29.753613976645624 ], [ 30.998841667220614, -29.753371431027336 ], [ 30.998649056853839, -29.753221623393507 ], [ 30.998410078137944, -29.753046848395662 ], [ 30.998206767954041, -29.752893472672469 ], [ 30.998049826695347, -29.752800734728645 ], [ 30.997903585695916, -29.752754365683735 ], [ 30.99776091173371, -29.75273653236296 ], [ 30.9972758209652, -29.752693729745562 ], [ 30.99720715029444, -29.752678356208687 ], [ 30.997241339186552, -29.752585796167281 ], [ 30.997351489817859, -29.752442600430808 ], [ 30.997621359819753, -29.752227805571152 ], [ 30.997924274379915, -29.752051565121942 ], [ 30.998425459732658, -29.751853292846956 ], [ 30.998766928366202, -29.751726620125449 ], [ 30.999262606431675, -29.751594438869734 ], [ 30.999791329795912, -29.751671544560896 ], [ 31.000187872537577, -29.751737634820767 ], [ 31.000466204230328, -29.751792653777969 ], [ 31.000661520822202, -29.751831262883947 ], [ 31.000810224363466, -29.751886339054369 ], [ 31.000931389672608, -29.752001997440011 ], [ 31.001052555954569, -29.752161714715072 ], [ 31.001928253668098, -29.751682560229185 ], [ 31.002412917660184, -29.751297031790681 ], [ 31.002787430367135, -29.751038177680883 ], [ 31.003514424676244, -29.750746277688446 ], [ 31.003754993783943, -29.750928280790962 ], [ 31.003872782005171, -29.750992528082435 ], [ 31.004014663392461, -29.751072838417798 ], [ 31.004191344415275, -29.751115670294553 ], [ 31.004325193103284, -29.751185272106405 ] ] ] } },
{ "type": "Feature", "properties": { "EA_CODE": "59913786", "EA_TYPE": "Township", "White": 0.0, "Black_African": 612.0, "Coloured": 5.0, "Indian_Asian": 1.0, "Other": 5.0, "area_km2": 0.240104, "sal2023_est": 688.73069, "walk_typology": "Pharmacy desert", "walk_dist_k1_km": 4.9107082767202019, "exceeds_walk_k1_3km": true, "econ_status": "Non_Wealthy", "Ai_walk": 0.0, "walk_snap_flag": false, "drive_typology": "Well-served", "walk_dist_k3_km": 6.7770908908102214, "PR_NAME": "KwaZulu-Natal", "MN_NAME": "Ethekwini", "SP_NAME": "Corovoca Township" }, "geometry": { "type": "Polygon", "coordinates": [ [ [ 31.009100675201566, -29.749067507114159 ], [ 31.008842116932712, -29.749474901779852 ], [ 31.008708789917414, -29.749676978103835 ], [ 31.008660875521681, -29.749795723420487 ], [ 31.008623375872155, -29.749872803357366 ], [ 31.008621292904657, -29.749937383753945 ], [ 31.008617127162545, -29.750056129237951 ], [ 31.008612960093032, -29.750106126552968 ], [ 31.008648375421782, -29.750304035088281 ], [ 31.008667125494586, -29.750414447898805 ], [ 31.009037943324937, -29.750881095297245 ], [ 31.009056692520733, -29.750901928355262 ], [ 31.009108773089427, -29.750866513157526 ], [ 31.009352512914841, -29.75105608787214 ], [ 31.009412927735998, -29.75108108701815 ], [ 31.009650418074607, -29.751164417379329 ], [ 31.009916190480478, -29.75125982339511 ], [ 31.009891214752358, -29.751365965737239 ], [ 31.009874174377025, -29.751638614649256 ], [ 31.009848613698949, -29.751877182823307 ], [ 31.010001977638627, -29.75214131130576 ], [ 31.010172384344251, -29.752235034402702 ], [ 31.010555795802865, -29.752175392073624 ], [ 31.010640998981366, -29.752337276636013 ], [ 31.010648068637899, -29.7523427153609 ], [ 31.00912455073669, -29.754060165852497 ], [ 31.009086666974682, -29.75403491010568 ], [ 31.008800624317615, -29.753912319847256 ], [ 31.008441935069158, -29.753821511815612 ], [ 31.00830221996457, -29.753814558296106 ], [ 31.007438514724413, -29.75377156796981 ], [ 31.006966316724807, -29.753739785845294 ], [ 31.006621248889136, -29.753671679602604 ], [ 31.006194454050892, -29.753490065672803 ], [ 31.006044892993909, -29.753381763666226 ], [ 31.005865187287842, -29.753241789338837 ], [ 31.005609113757444, -29.75299032634662 ], [ 31.00534252850537, -29.75254978128288 ], [ 31.005021721348452, -29.751973683809872 ], [ 31.004612280751587, -29.751196377900335 ], [ 31.00428747937169, -29.75057975454817 ], [ 31.003885340837996, -29.74974384879738 ], [ 31.003636258860556, -29.749069171287534 ], [ 31.003664177020248, -29.749032877898333 ], [ 31.003792169040832, -29.748904885573449 ], [ 31.003923520621736, -29.748921645138257 ], [ 31.004244372985156, -29.748823424662703 ], [ 31.004601241144879, -29.748921645112709 ], [ 31.004866437083965, -29.749042783871641 ], [ 31.005226578885662, -29.749124633571096 ], [ 31.00573732543408, -29.749131181614711 ], [ 31.006169496025578, -29.749173745126228 ], [ 31.006578747713188, -29.749095167874895 ], [ 31.006929068007064, -29.748990400176286 ], [ 31.007285934642709, -29.748915097048588 ], [ 31.00765262537946, -29.749068976095703 ], [ 31.009100675201566, -29.749067507114159 ] ] ] } },
{ "type": "Feature", "properties": { "EA_CODE": "59911323", "EA_TYPE": "Township", "White": 0.0, "Black_African": 722.0, "Coloured": 0.0, "Indian_Asian": 8.0, "Other": 0.0, "area_km2": 0.149586, "sal2023_est": 807.019909, "walk_typology": "Access gap", "walk_dist_k1_km": 3.3629396445128719, "exceeds_walk_k1_3km": true, "econ_status": "Non_Wealthy", "Ai_walk": 0.005227, "walk_snap_flag": false, "drive_typology": "Well-served", "walk_dist_k3_km": 7.2503727626424714, "PR_NAME": "KwaZulu-Natal", "MN_NAME": "Ethekwini", "SP_NAME": "Corovoca Township" }, "geometry": { "type": "Polygon", "coordinates": [ [ [ 31.000466204230328, -29.751792653777969 ], [ 31.000187872537577, -29.751737634820767 ], [ 30.999791329795912, -29.751671544560896 ], [ 30.999262606431675, -29.751594438869734 ], [ 30.998766928366202, -29.751726620125449 ], [ 30.998425459732658, -29.751853292846956 ], [ 30.997924274379915, -29.752051565121942 ], [ 30.997621359819753, -29.752227805571152 ], [ 30.997351489817859, -29.752442600430808 ], [ 30.997241339186552, -29.752585796167281 ], [ 30.99720715029444, -29.752678356208687 ], [ 30.997015530085825, -29.753197132614432 ], [ 30.996635510385946, -29.754238056837284 ], [ 30.996508836835872, -29.754634600098001 ], [ 30.996426224509573, -29.754761272844384 ], [ 30.996305058280821, -29.754909976977697 ], [ 30.995963591061692, -29.755141293656084 ], [ 30.995478926636821, -29.755471745837706 ], [ 30.995159489967406, -29.755730600083691 ], [ 30.995049339233478, -29.755846258269106 ], [ 30.994961218936233, -29.756005977200406 ], [ 30.994906142617889, -29.756198740730142 ], [ 30.994895127728835, -29.756452087988681 ], [ 30.994994263730952, -29.756991826336016 ], [ 30.995060354059614, -29.757168067932028 ], [ 30.99516499764994, -29.757289233951386 ], [ 30.995286478389243, -29.757394730364538 ], [ 30.99511452232499, -29.757525417332918 ], [ 30.995105899504676, -29.757531969739198 ], [ 30.995105094642895, -29.757538727352255 ], [ 30.995032381918371, -29.757596898407296 ], [ 30.994903325616299, -29.757813712818869 ], [ 30.994877010559751, -29.757966192066636 ], [ 30.99487410666552, -29.757977321736067 ], [ 30.994828009412796, -29.758154029733539 ], [ 30.994788807891855, -29.758287967147542 ], [ 30.994715305835125, -29.758395770006736 ], [ 30.994620569828601, -29.758498673371754 ], [ 30.994484999269744, -29.758573808084964 ], [ 30.994349429179724, -29.758609741857097 ], [ 30.994205692622273, -29.758604842283283 ], [ 30.994204535971924, -29.758604773602716 ], [ 30.994211464177489, -29.758516101336571 ], [ 30.994261054755491, -29.75788133160561 ], [ 30.994273270836089, -29.757496526599589 ], [ 30.994169435633516, -29.757142263180317 ], [ 30.993991970574122, -29.756758606693655 ], [ 30.993567956846881, -29.756187820743204 ], [ 30.99271993240589, -29.755714882691485 ], [ 30.992714877701836, -29.7557360339399 ], [ 30.992714107716004, -29.755733006056321 ], [ 30.992719846202188, -29.755711202274341 ], [ 30.992736808997318, -29.755646738700278 ], [ 30.992768591619402, -29.755533230366147 ], [ 30.992895721922704, -29.755110975907762 ], [ 30.993072797266667, -29.754747747091315 ], [ 30.993390622363233, -29.754261927763785 ], [ 30.993653963410189, -29.753935021710525 ], [ 30.993944546610965, -29.753653518601819 ], [ 30.994148863196372, -29.753494606387818 ], [ 30.994462148926399, -29.753276667675838 ], [ 30.994979749713515, -29.752995166046187 ], [ 30.995111279877914, -29.752927102178905 ], [ 30.995629022802426, -29.752659179429607 ], [ 30.996296455706545, -29.752282328323105 ], [ 30.996968431404998, -29.751882776183773 ], [ 30.998217031433331, -29.75101556626387 ], [ 30.998323405914562, -29.750942618234081 ], [ 30.998644471657997, -29.75142676520349 ], [ 30.998765920605301, -29.75143283727564 ], [ 30.999221350867526, -29.751372113152257 ], [ 30.999348871929701, -29.751347823802558 ], [ 30.999537116644056, -29.75136604068172 ], [ 31.000241516779003, -29.751451055075357 ], [ 31.000550467975458, -29.751517884873543 ], [ 31.000536770904638, -29.75160006493828 ], [ 31.000495681330719, -29.751699855400748 ], [ 31.000466204230328, -29.751792653777969 ] ] ] } },
{ "type": "Feature", "properties": { "EA_CODE": "59911325", "EA_TYPE": "Township", "White": 0.0, "Black_African": 723.0, "Coloured": 7.0, "Indian_Asian": 0.0, "Other": 0.0, "area_km2": 0.072563, "sal2023_est": 909.058481, "walk_typology": "Access gap", "walk_dist_k1_km": 3.1138556667126123, "exceeds_walk_k1_3km": true, "econ_status": "Non_Wealthy", "Ai_walk": 0.005632, "walk_snap_flag": false, "drive_typology": "Well-served", "walk_dist_k3_km": 7.3467755082300572, "PR_NAME": "KwaZulu-Natal", "MN_NAME": "Ethekwini", "SP_NAME": "Emgidweni" }, "geometry": { "type": "Polygon", "coordinates": [ [ [ 30.997243997361842, -29.749918423252087 ], [ 30.99737640343039, -29.750049686913151 ], [ 30.997401378780911, -29.750121047398128 ], [ 30.997429923517046, -29.750238790928922 ], [ 30.99748344308863, -29.750338694968711 ], [ 30.997765316123481, -29.750121047341533 ], [ 30.997951286214658, -29.750287778200189 ], [ 30.997972260152462, -29.750306583372897 ], [ 30.998494497150229, -29.750825290856458 ], [ 30.998323405914562, -29.750942618234081 ], [ 30.998217031433331, -29.75101556626387 ], [ 30.996968431404998, -29.751882776183773 ], [ 30.996296455706545, -29.752282328323105 ], [ 30.995629022802426, -29.752659179429607 ], [ 30.995111279877914, -29.752927102178905 ], [ 30.994774823673254, -29.752464690953907 ], [ 30.994561846309427, -29.752560813754631 ], [ 30.994465698750556, -29.752566750684782 ], [ 30.994208618629486, -29.752305160735673 ], [ 30.994591984387199, -29.751984937612942 ], [ 30.994411577199568, -29.751809040635322 ], [ 30.99440255704803, -29.751610593445367 ], [ 30.994361401498342, -29.751493005945825 ], [ 30.996713537951102, -29.749662245229047 ], [ 30.997058668764122, -29.750027384172878 ], [ 30.997243997361842, -29.749918423252087 ] ] ] } },
{ "type": "Feature", "properties": { "EA_CODE": "59911334", "EA_TYPE": "Township", "White": 0.0, "Black_African": 838.0, "Coloured": 0.0, "Indian_Asian": 2.0, "Other": 0.0, "area_km2": 0.075438, "sal2023_est": 1046.039896, "walk_typology": "Demand overcrowding", "walk_dist_k1_km": 1.9803760625042639, "exceeds_walk_k1_3km": false, "econ_status": "Non_Wealthy", "Ai_walk": 0.015571, "walk_snap_flag": false, "drive_typology": "Well-served", "walk_dist_k3_km": 8.017301033352382, "PR_NAME": "KwaZulu-Natal", "MN_NAME": "Ethekwini", "SP_NAME": "Emgidweni" }, "geometry": { "type": "Polygon", "coordinates": [ [ [ 30.990068802853038, -29.746191981614068 ], [ 30.988491568742443, -29.74859525728705 ], [ 30.988261209952149, -29.748520728938722 ], [ 30.988057952029575, -29.748425876214814 ], [ 30.987827592988801, -29.747667045065871 ], [ 30.987671761638957, -29.747816101098525 ], [ 30.987475278889008, -29.748100663369321 ], [ 30.987434627510094, -29.748358122811805 ], [ 30.987576908365199, -29.748696886149819 ], [ 30.98701431113416, -29.748966703386959 ], [ 30.986877483787499, -29.748657475240517 ], [ 30.98671870230158, -29.748071966710874 ], [ 30.986707585735981, -29.748042853188696 ], [ 30.986510301263422, -29.747526153820374 ], [ 30.986497309237727, -29.74753072465418 ], [ 30.986499582927543, -29.747522387685148 ], [ 30.986677762103223, -29.747428609051664 ], [ 30.987149782192017, -29.74723479959604 ], [ 30.98728732412993, -29.747150398696597 ], [ 30.987434244410355, -29.747037864683346 ], [ 30.987590541967453, -29.746887818711041 ], [ 30.988115702700092, -29.746109454834087 ], [ 30.988418921420568, -29.745640561034133 ], [ 30.989159160669256, -29.744494951801432 ], [ 30.989512840418609, -29.744645082112296 ], [ 30.989722327140662, -29.744835948141272 ], [ 30.989596634001433, -29.744994227421703 ], [ 30.99005285018945, -29.745231644594853 ], [ 30.989742016351673, -29.745705641742703 ], [ 30.990332699779824, -29.745769746934247 ], [ 30.990068802853038, -29.746191981614068 ] ] ] } },
{ "type": "Feature", "properties": { "EA_CODE": "59911321", "EA_TYPE": "Township", "White": 0.0, "Black_African": 851.0, "Coloured": 1.0, "Indian_Asian": 1.0, "Other": 0.0, "area_km2": 0.139102, "sal2023_est": 1062.228609, "walk_typology": "Demand overcrowding", "walk_dist_k1_km": 2.5094463411409658, "exceeds_walk_k1_3km": false, "econ_status": "Non_Wealthy", "Ai_walk": 0.025549, "walk_snap_flag": false, "drive_typology": "Well-served", "walk_dist_k3_km": 7.4247288898717771, "PR_NAME": "KwaZulu-Natal", "MN_NAME": "Ethekwini", "SP_NAME": "Emgidweni" }, "geometry": { "type": "Polygon", "coordinates": [ [ [ 30.992324125027647, -29.74814343236871 ], [ 30.992326286595951, -29.748164323157827 ], [ 30.992531752993624, -29.748304310868608 ], [ 30.992756412023397, -29.748455589290906 ], [ 30.992907690208572, -29.748554935000964 ], [ 30.993337815586056, -29.748273829582153 ], [ 30.99343038766634, -29.748271572159176 ], [ 30.993482318617641, -29.748296408189571 ], [ 30.99369455995582, -29.748308827427429 ], [ 30.994262416559277, -29.748326890080801 ], [ 30.994331685594727, -29.748329791173266 ], [ 30.994478043706561, -29.748335921061475 ], [ 30.994768181610358, -29.748344952965507 ], [ 30.995101218516545, -29.748364145212037 ], [ 30.995503120001135, -29.748377691653467 ], [ 30.995787310569543, -29.748387564575737 ], [ 30.995958081843302, -29.748393497026314 ], [ 30.996138712855981, -29.748408172698742 ], [ 30.996209836238748, -29.748445427581942 ], [ 30.996291119472868, -29.748514293665306 ], [ 30.996323858772811, -29.74857638509782 ], [ 30.996324988372773, -29.748650894606865 ], [ 30.99631482751721, -29.748743467581789 ], [ 30.99628547528788, -29.748927485068794 ], [ 30.996398369075941, -29.749022316177498 ], [ 30.996582085738883, -29.749158750122302 ], [ 30.996679244977443, -29.74925495743846 ], [ 30.996725443515853, -29.749303537368114 ], [ 30.996734968957909, -29.749307346834676 ], [ 30.996754019733576, -29.749319252705117 ], [ 30.996774023556465, -29.749345448069622 ], [ 30.99677402299865, -29.749352115552206 ], [ 30.996850702748205, -29.749428319765485 ], [ 30.99688737563179, -29.749459276617007 ], [ 30.996870229794446, -29.7494759470903 ], [ 30.996891662203083, -29.749491664001429 ], [ 30.996906425966916, -29.749479281322959 ], [ 30.996933915515168, -29.749501468009129 ], [ 30.997049818634778, -29.749626404360885 ], [ 30.997158197170354, -29.749731772288349 ], [ 30.997307217127961, -29.749864234241514 ], [ 30.997243997361842, -29.749918423252087 ], [ 30.997058668764122, -29.750027384172878 ], [ 30.996713537951102, -29.749662245229047 ], [ 30.994361401498342, -29.751493005945825 ], [ 30.99409905364681, -29.751697201176878 ], [ 30.992659331273043, -29.752794247135746 ], [ 30.992285349201669, -29.751175924392765 ], [ 30.992878761400089, -29.751068030246834 ], [ 30.992806096548811, -29.750677451797628 ], [ 30.992615348331388, -29.750232373689109 ], [ 30.992424600103352, -29.750059793076243 ], [ 30.991925022670188, -29.749850879054101 ], [ 30.992050318802068, -29.748373938214478 ], [ 30.992075325156705, -29.748158090587363 ], [ 30.992077582947537, -29.748126354283265 ], [ 30.992324125027647, -29.74814343236871 ] ] ] } },
{ "type": "Feature", "properties": { "EA_CODE": "59911319", "EA_TYPE": "Township", "White": 1.0, "Black_African": 873.0, "Coloured": 0.0, "Indian_Asian": 0.0, "Other": 1.0, "area_km2": 0.06144, "sal2023_est": 1089.624892, "walk_typology": "Demand overcrowding", "walk_dist_k1_km": 2.5110092841610605, "exceeds_walk_k1_3km": false, "econ_status": "Non_Wealthy", "Ai_walk": 0.013279, "walk_snap_flag": false, "drive_typology": "Well-served", "walk_dist_k3_km": 7.4892549440926013, "PR_NAME": "KwaZulu-Natal", "MN_NAME": "Ethekwini", "SP_NAME": "Emgidweni" }, "geometry": { "type": "Polygon", "coordinates": [ [ [ 30.992285349201669, -29.751175924392765 ], [ 30.99227926955534, -29.75117702933402 ], [ 30.99183710946922, -29.751313566157041 ], [ 30.991469376572866, -29.751433079182224 ], [ 30.991120030300753, -29.751547995751412 ], [ 30.990540850970969, -29.751644525792596 ], [ 30.989561761873656, -29.751842182345818 ], [ 30.989437652223994, -29.75135493626523 ], [ 30.988723565858141, -29.751467846154455 ], [ 30.988663780284519, -29.751207908080012 ], [ 30.988584388968484, -29.750910192019564 ], [ 30.98849838239542, -29.750708406543424 ], [ 30.988673230880689, -29.750368622110031 ], [ 30.991925022670188, -29.749850879054101 ], [ 30.992424600103352, -29.750059793076243 ], [ 30.992615348331388, -29.750232373689109 ], [ 30.992806096548811, -29.750677451797628 ], [ 30.992878761400089, -29.751068030246834 ], [ 30.992285349201669, -29.751175924392765 ] ] ] } },
{ "type": "Feature", "properties": { "EA_CODE": "59911327", "EA_TYPE": "Township", "White": 1.0, "Black_African": 891.0, "Coloured": 1.0, "Indian_Asian": 0.0, "Other": 0.0, "area_km2": 0.082878, "sal2023_est": 1112.040033, "walk_typology": "Demand overcrowding", "walk_dist_k1_km": 2.1165312668967822, "exceeds_walk_k1_3km": false, "econ_status": "Non_Wealthy", "Ai_walk": 0.026979, "walk_snap_flag": false, "drive_typology": "Well-served", "walk_dist_k3_km": 7.7309313411244958, "PR_NAME": "KwaZulu-Natal", "MN_NAME": "Ethekwini", "SP_NAME": "Emgidweni" }, "geometry": { "type": "Polygon", "coordinates": [ [ [ 30.988491568742443, -29.74859525728705 ], [ 30.988602848151444, -29.748659142293295 ], [ 30.988817145459016, -29.748784038161531 ], [ 30.988963077432459, -29.748870809056623 ], [ 30.989198668061913, -29.748518137383556 ], [ 30.989661712895838, -29.748740840125905 ], [ 30.989743297399706, -29.748749658816632 ], [ 30.990279106368241, -29.748754068950198 ], [ 30.990402585199753, -29.748758478718599 ], [ 30.990457709067297, -29.748566646368548 ], [ 30.990539294239177, -29.748447577961361 ], [ 30.99061205802052, -29.74836158433035 ], [ 30.990728921552588, -29.748302048902787 ], [ 30.990898705379259, -29.748275589824399 ], [ 30.991772315223589, -29.748341232150491 ], [ 30.992050318802068, -29.748373938214478 ], [ 30.991925022670188, -29.749850879054101 ], [ 30.988673230880689, -29.750368622110031 ], [ 30.98849838239542, -29.750708406543424 ], [ 30.988392528098583, -29.750579397230108 ], [ 30.988200666138756, -29.750384227200513 ], [ 30.987797096296482, -29.749907881611186 ], [ 30.987343906006192, -29.74942161173156 ], [ 30.987042882347286, -29.749031274069541 ], [ 30.987017236116795, -29.748973314165983 ], [ 30.98701431113416, -29.748966703386959 ], [ 30.987576908365199, -29.748696886149819 ], [ 30.987434627510094, -29.748358122811805 ], [ 30.987475278889008, -29.748100663369321 ], [ 30.987671761638957, -29.747816101098525 ], [ 30.987827592988801, -29.747667045065871 ], [ 30.988057952029575, -29.748425876214814 ], [ 30.988261209952149, -29.748520728938722 ], [ 30.988491568742443, -29.74859525728705 ] ] ] } },
{ "type": "Feature", "properties": { "EA_CODE": "59911318", "EA_TYPE": "Township", "White": 0.0, "Black_African": 874.0, "Coloured": 6.0, "Indian_Asian": 15.0, "Other": 1.0, "area_km2": 0.068251, "sal2023_est": 1115.775889, "walk_typology": "Demand overcrowding", "walk_dist_k1_km": 2.7734308141460566, "exceeds_walk_k1_3km": false, "econ_status": "Non_Wealthy", "Ai_walk": 0.024256, "walk_snap_flag": false, "drive_typology": "Well-served", "walk_dist_k3_km": 7.1825730462962731, "PR_NAME": "KwaZulu-Natal", "MN_NAME": "Ethekwini", "SP_NAME": "Emgidweni" }, "geometry": { "type": "Polygon", "coordinates": [ [ [ 30.995111279877914, -29.752927102178905 ], [ 30.994979749713515, -29.752995166046187 ], [ 30.994462148926399, -29.753276667675838 ], [ 30.994148863196372, -29.753494606387818 ], [ 30.993944546610965, -29.753653518601819 ], [ 30.993653963410189, -29.753935021710525 ], [ 30.993390622363233, -29.754261927763785 ], [ 30.993072797266667, -29.754747747091315 ], [ 30.992895721922704, -29.755110975907762 ], [ 30.992768591619402, -29.755533230366147 ], [ 30.992736808997318, -29.755646738700278 ], [ 30.992719846202188, -29.755711202274341 ], [ 30.992603554934, -29.755643876440782 ], [ 30.992348842170383, -29.755514866202418 ], [ 30.991968427168452, -29.755124527088398 ], [ 30.991344172085618, -29.754513234254656 ], [ 30.991625277239837, -29.754219906764078 ], [ 30.991289198312344, -29.753883827758489 ], [ 30.992659331273043, -29.752794247135746 ], [ 30.99409905364681, -29.751697201176878 ], [ 30.994361401498342, -29.751493005945825 ], [ 30.99440255704803, -29.751610593445367 ], [ 30.994411577199568, -29.751809040635322 ], [ 30.994591984387199, -29.751984937612942 ], [ 30.994208618629486, -29.752305160735673 ], [ 30.994465698750556, -29.752566750684782 ], [ 30.994561846309427, -29.752560813754631 ], [ 30.994774823673254, -29.752464690953907 ], [ 30.995111279877914, -29.752927102178905 ] ] ] } },
{ "type": "Feature", "properties": { "EA_CODE": "59911317", "EA_TYPE": "Township", "White": 0.0, "Black_African": 936.0, "Coloured": 1.0, "Indian_Asian": 0.0, "Other": 0.0, "area_km2": 0.072238, "sal2023_est": 1166.832599, "walk_typology": "Demand overcrowding", "walk_dist_k1_km": 2.5743822286979454, "exceeds_walk_k1_3km": false, "econ_status": "Non_Wealthy", "Ai_walk": 0.013029, "walk_snap_flag": false, "drive_typology": "Well-served", "walk_dist_k3_km": 7.4710858470775747, "PR_NAME": "KwaZulu-Natal", "MN_NAME": "Ethekwini", "SP_NAME": "Emgidweni" }, "geometry": { "type": "Polygon", "coordinates": [ [ [ 30.992659331273043, -29.752794247135746 ], [ 30.991289198312344, -29.753883827758489 ], [ 30.991625277239837, -29.754219906764078 ], [ 30.991344172085618, -29.754513234254656 ], [ 30.9913398439034, -29.75450899515997 ], [ 30.991012428539808, -29.754188376399 ], [ 30.990585702559095, -29.75377157382588 ], [ 30.989821564201385, -29.753037206691346 ], [ 30.989495288438469, -29.752729311703934 ], [ 30.989351835359614, -29.752593941245017 ], [ 30.989193053217317, -29.752455007063165 ], [ 30.989057062228074, -29.752275304637333 ], [ 30.989007807266805, -29.752210218891904 ], [ 30.988842410229132, -29.751912503321254 ], [ 30.988739863411766, -29.751538703587276 ], [ 30.988723565858141, -29.751467846154455 ], [ 30.989437652223994, -29.75135493626523 ], [ 30.989561761873656, -29.751842182345818 ], [ 30.990540850970969, -29.751644525792596 ], [ 30.991120030300753, -29.751547995751412 ], [ 30.991469376572866, -29.751433079182224 ], [ 30.99183710946922, -29.751313566157041 ], [ 30.99227926955534, -29.75117702933402 ], [ 30.992285349201669, -29.751175924392765 ], [ 30.992659331273043, -29.752794247135746 ] ] ] } },
{ "type": "Feature", "properties": { "EA_CODE": "59911337", "EA_TYPE": "Township", "White": 0.0, "Black_African": 1021.0, "Coloured": 0.0, "Indian_Asian": 0.0, "Other": 0.0, "area_km2": 0.0795, "sal2023_est": 1271.436588, "walk_typology": "Demand overcrowding", "walk_dist_k1_km": 2.56001805391965, "exceeds_walk_k1_3km": false, "econ_status": "Non_Wealthy", "Ai_walk": 0.025446, "walk_snap_flag": false, "drive_typology": "Well-served", "walk_dist_k3_km": 8.0408614566094645, "PR_NAME": "KwaZulu-Natal", "MN_NAME": "Ethekwini", "SP_NAME": "Emgidweni" }, "geometry": { "type": "Polygon", "coordinates": [ [ [ 30.991536844254391, -29.743213825770308 ], [ 30.991543931003743, -29.743343752580724 ], [ 30.991574413095538, -29.743454388889521 ], [ 30.991600377633048, -29.743518738918123 ], [ 30.991625214934118, -29.743553736282593 ], [ 30.991645535662059, -29.743614699068946 ], [ 30.991680533358149, -29.743749042153059 ], [ 30.991741495906986, -29.743825810369405 ], [ 30.991769718784457, -29.743884515297168 ], [ 30.991750899501515, -29.743902876169614 ], [ 30.991807516705929, -29.744105287031957 ], [ 30.991930774770111, -29.744539695445589 ], [ 30.992004428862888, -29.744936525059774 ], [ 30.992044282578838, -29.745227952086292 ], [ 30.992064056427395, -29.745256162619771 ], [ 30.992280232957331, -29.745508925118074 ], [ 30.992535888550847, -29.745871102106815 ], [ 30.992555971834584, -29.745899554681401 ], [ 30.992561378554154, -29.746163127859095 ], [ 30.992536726856532, -29.746375835217787 ], [ 30.99250549428718, -29.746374224565646 ], [ 30.992295912194212, -29.746366997640919 ], [ 30.992088259626424, -29.746397386034587 ], [ 30.991029741787052, -29.746311287212912 ], [ 30.990244715747725, -29.746245445763382 ], [ 30.990068802853038, -29.746191981614068 ], [ 30.990332699779824, -29.745769746934247 ], [ 30.989742016351673, -29.745705641742703 ], [ 30.99005285018945, -29.745231644594853 ], [ 30.989596634001433, -29.744994227421703 ], [ 30.989722327140662, -29.744835948141272 ], [ 30.989512840418609, -29.744645082112296 ], [ 30.989159160669256, -29.744494951801432 ], [ 30.989206663389496, -29.744421436961179 ], [ 30.989409849805284, -29.744161982874854 ], [ 30.989669304783817, -29.743865016736425 ], [ 30.990163206266306, -29.743342981547542 ], [ 30.990685241236413, -29.742858457716778 ], [ 30.991065325048929, -29.742558997698652 ], [ 30.991066390490428, -29.742559141283934 ], [ 30.991173639135496, -29.74258623478768 ], [ 30.991228956838366, -29.742612200914831 ], [ 30.991298951733331, -29.742697999679397 ], [ 30.991379106472191, -29.742822184021236 ], [ 30.991440069000301, -29.742923788093876 ], [ 30.991492000552643, -29.742970075191646 ], [ 30.991508934029024, -29.74301184455145 ], [ 30.991533771267626, -29.743157477943164 ], [ 30.991536844254391, -29.743213825770308 ] ] ] } },
{ "type": "Feature", "properties": { "EA_CODE": "59911333", "EA_TYPE": "Township", "White": 0.0, "Black_African": 1259.0, "Coloured": 1.0, "Indian_Asian": 7.0, "Other": 0.0, "area_km2": 0.073953, "sal2023_est": 1577.776844, "walk_typology": "Demand overcrowding", "walk_dist_k1_km": 2.3787015709625141, "exceeds_walk_k1_3km": false, "econ_status": "Non_Wealthy", "Ai_walk": 0.026661, "walk_snap_flag": false, "drive_typology": "Well-served", "walk_dist_k3_km": 7.837838654017629, "PR_NAME": "KwaZulu-Natal", "MN_NAME": "Ethekwini", "SP_NAME": "Emgidweni" }, "geometry": { "type": "Polygon", "coordinates": [ [ [ 30.992536726856532, -29.746375835217787 ], [ 30.992514070382576, -29.746571329076897 ], [ 30.99247622396938, -29.746818682090403 ], [ 30.992449191458242, -29.746984935922171 ], [ 30.992424861582492, -29.747199850033983 ], [ 30.992398426574223, -29.74736593617703 ], [ 30.992397287519019, -29.747380154665709 ], [ 30.992392893613172, -29.747435028066835 ], [ 30.992366928434123, -29.747628077318435 ], [ 30.992322898658877, -29.74813158297226 ], [ 30.992324125027647, -29.74814343236871 ], [ 30.992077582947537, -29.748126354283265 ], [ 30.992075325156705, -29.748158090587363 ], [ 30.992050318802068, -29.748373938214478 ], [ 30.991772315223589, -29.748341232150491 ], [ 30.990898705379259, -29.748275589824399 ], [ 30.990728921552588, -29.748302048902787 ], [ 30.99061205802052, -29.74836158433035 ], [ 30.990539294239177, -29.748447577961361 ], [ 30.990457709067297, -29.748566646368548 ], [ 30.990402585199753, -29.748758478718599 ], [ 30.990279106368241, -29.748754068950198 ], [ 30.989743297399706, -29.748749658816632 ], [ 30.989661712895838, -29.748740840125905 ], [ 30.989198668061913, -29.748518137383556 ], [ 30.988963077432459, -29.748870809056623 ], [ 30.988817145459016, -29.748784038161531 ], [ 30.988602848151444, -29.748659142293295 ], [ 30.988491568742443, -29.74859525728705 ], [ 30.990068802853038, -29.746191981614068 ], [ 30.990244715747725, -29.746245445763382 ], [ 30.991029741787052, -29.746311287212912 ], [ 30.992088259626424, -29.746397386034587 ], [ 30.992295912194212, -29.746366997640919 ], [ 30.99250549428718, -29.746374224565646 ], [ 30.992536726856532, -29.746375835217787 ] ] ] } },
{ "type": "Feature", "properties": { "EA_CODE": "59914418", "EA_TYPE": "Township", "White": 0.0, "Black_African": 799.0, "Coloured": 0.0, "Indian_Asian": 0.0, "Other": 0.0, "area_km2": 0.074203, "sal2023_est": 994.983187, "walk_typology": "Well-served", "walk_dist_k1_km": 1.514183981793767, "exceeds_walk_k1_3km": false, "econ_status": "Non_Wealthy", "Ai_walk": 0.06228, "walk_snap_flag": false, "drive_typology": "Well-served", "walk_dist_k3_km": 8.8514663910896836, "PR_NAME": "KwaZulu-Natal", "MN_NAME": "Ethekwini", "SP_NAME": "Emlandweni" }, "geometry": { "type": "Polygon", "coordinates": [ [ [ 30.98403096186124, -29.742693197242456 ], [ 30.983916389321664, -29.74319119784057 ], [ 30.985645424775232, -29.743322604060985 ], [ 30.985168211195074, -29.745065471980908 ], [ 30.985126714163009, -29.745508104752936 ], [ 30.984903740352024, -29.745635518839382 ], [ 30.984628752517455, -29.745521937796013 ], [ 30.984407435066334, -29.745494273425976 ], [ 30.983992467172705, -29.745432027634134 ], [ 30.983425343489589, -29.745286788958254 ], [ 30.983141781286289, -29.745134634312844 ], [ 30.983072620503577, -29.745003227349343 ], [ 30.982441855465556, -29.744328749547254 ], [ 30.981729494848807, -29.743545154877744 ], [ 30.982316505335159, -29.74322034316307 ], [ 30.982971743053785, -29.742919820645564 ], [ 30.983424990455646, -29.742707976841519 ], [ 30.983730438711653, -29.742683344066648 ], [ 30.98403096186124, -29.742693197242456 ] ] ] } },
{ "type": "Feature", "properties": { "EA_CODE": "59914420", "EA_TYPE": "Township", "White": 1.0, "Black_African": 846.0, "Coloured": 4.0, "Indian_Asian": 0.0, "Other": 1.0, "area_km2": 0.167581, "sal2023_est": 1060.983323, "walk_typology": "Well-served", "walk_dist_k1_km": 1.3297123543146907, "exceeds_walk_k1_3km": false, "econ_status": "Non_Wealthy", "Ai_walk": 0.05983, "walk_snap_flag": false, "drive_typology": "Well-served", "walk_dist_k3_km": 8.9687819063454093, "PR_NAME": "KwaZulu-Natal", "MN_NAME": "Ethekwini", "SP_NAME": "Emlandweni" }, "geometry": { "type": "Polygon", "coordinates": [ [ [ 30.982324636773996, -29.738897836065771 ], [ 30.982322523041436, -29.739048375764696 ], [ 30.982312257715499, -29.739802336947552 ], [ 30.982965412352446, -29.740011051606579 ], [ 30.983124392390362, -29.740070774843499 ], [ 30.983247201812464, -29.740138909301024 ], [ 30.983357395324855, -29.740212091319499 ], [ 30.983470952528744, -29.740283589901967 ], [ 30.983643391571455, -29.740420699602442 ], [ 30.983724984360478, -29.74049051607145 ], [ 30.983830971135507, -29.740568745121891 ], [ 30.984026963131527, -29.740699966579509 ], [ 30.984090050588723, -29.740742865738007 ], [ 30.984170801897495, -29.740780718121528 ], [ 30.984228841722295, -29.740799223877367 ], [ 30.984204447647489, -29.741028020790015 ], [ 30.984188466152148, -29.741211394882626 ], [ 30.984142202501367, -29.741663101368793 ], [ 30.984133790906306, -29.741739647071007 ], [ 30.984132790630529, -29.7417499403672 ], [ 30.98413287956679, -29.741749943093744 ], [ 30.984093287664507, -29.742132140240589 ], [ 30.984085958383517, -29.742191700115402 ], [ 30.98403096186124, -29.742693197242456 ], [ 30.983730438711653, -29.742683344066648 ], [ 30.983424990455646, -29.742707976841519 ], [ 30.982971743053785, -29.742919820645564 ], [ 30.982316505335159, -29.74322034316307 ], [ 30.981729494848807, -29.743545154877744 ], [ 30.981689856351601, -29.743567089356489 ], [ 30.981577514692201, -29.743629251339435 ], [ 30.980488736844588, -29.744397801143062 ], [ 30.980280649734308, -29.744545826249229 ], [ 30.979946153722942, -29.744211328957618 ], [ 30.979822561202496, -29.744229867956559 ], [ 30.979352911224222, -29.744563566542329 ], [ 30.979186061959108, -29.744606823982188 ], [ 30.978809106505178, -29.744081557830022 ], [ 30.979309653946721, -29.743809655274077 ], [ 30.979532119731257, -29.743704601179257 ], [ 30.979556837961042, -29.74361190735587 ], [ 30.979513581080624, -29.743525392870971 ], [ 30.979229318979279, -29.743284388069625 ], [ 30.978926984365113, -29.742861893971966 ], [ 30.979154052719057, -29.742746665092973 ], [ 30.979343139443319, -29.742679928603927 ], [ 30.978604956535271, -29.742009760969022 ], [ 30.979128611376165, -29.741570149898994 ], [ 30.97947524817102, -29.741942785234851 ], [ 30.979659171298124, -29.74188193761842 ], [ 30.980179451058543, -29.741594770875988 ], [ 30.980686216943603, -29.741250170287362 ], [ 30.981530827772115, -29.74027717780184 ], [ 30.981605154460194, -29.740131904782412 ], [ 30.981557854816899, -29.74006433637599 ], [ 30.981206496699507, -29.739837981133213 ], [ 30.981571369563319, -29.739408918101187 ], [ 30.981635559699683, -29.739283916181687 ], [ 30.981638169924086, -29.73888711341694 ], [ 30.981975408271609, -29.738896263190785 ], [ 30.982324636773996, -29.738897836065771 ] ] ] } },
{ "type": "Feature", "properties": { "EA_CODE": "59914421", "EA_TYPE": "Township", "White": 7.0, "Black_African": 974.0, "Coloured": 2.0, "Indian_Asian": 0.0, "Other": 0.0, "area_km2": 0.054959, "sal2023_est": 1224.115736, "walk_typology": "Well-served", "walk_dist_k1_km": 1.7331620855607202, "exceeds_walk_k1_3km": false, "econ_status": "Non_Wealthy", "Ai_walk": 0.062179, "walk_snap_flag": false, "drive_typology": "Well-served", "walk_dist_k3_km": 8.5345811292363631, "PR_NAME": "KwaZulu-Natal", "MN_NAME": "Ethekwini", "SP_NAME": "Emlandweni" }, "geometry": { "type": "Polygon", "coordinates": [ [ [ 30.984903740352024, -29.745635518839382 ], [ 30.985126714163009, -29.745508104752936 ], [ 30.985168211195074, -29.745065471980908 ], [ 30.985645424775232, -29.743322604060985 ], [ 30.983916389321664, -29.74319119784057 ], [ 30.98403096186124, -29.742693197242456 ], [ 30.984085958383517, -29.742191700115402 ], [ 30.985103601185735, -29.74226764329525 ], [ 30.985222886046181, -29.742275422702118 ], [ 30.985406998667514, -29.742290982400917 ], [ 30.985622230904394, -29.742322099288117 ], [ 30.98561185783127, -29.742446571120936 ], [ 30.985583496651625, -29.742808180058578 ], [ 30.985774703693881, -29.742822057724361 ], [ 30.985894510091857, -29.742846845123804 ], [ 30.985968873206421, -29.742871633258396 ], [ 30.986320028568816, -29.743045145175017 ], [ 30.986634003363513, -29.743206263548064 ], [ 30.987446425941247, -29.743621044931206 ], [ 30.98718772378583, -29.744034967241031 ], [ 30.986682447818922, -29.74381467124817 ], [ 30.986295541760864, -29.745355950082583 ], [ 30.986191800397631, -29.745508105379116 ], [ 30.98582524412911, -29.745715589680319 ], [ 30.985725152295402, -29.745815681688192 ], [ 30.985361862769288, -29.74575016958801 ], [ 30.984946894486118, -29.745653343635176 ], [ 30.984925676070468, -29.745644580416723 ], [ 30.984903740352024, -29.745635518839382 ] ] ] } },
{ "type": "Feature", "properties": { "EA_CODE": "59914423", "EA_TYPE": "Township", "White": 0.0, "Black_African": 1061.0, "Coloured": 0.0, "Indian_Asian": 0.0, "Other": 0.0, "area_km2": 0.065987, "sal2023_est": 1321.248012, "walk_typology": "Well-served", "walk_dist_k1_km": 1.3396954302907107, "exceeds_walk_k1_3km": false, "econ_status": "Non_Wealthy", "Ai_walk": 0.066665, "walk_snap_flag": false, "drive_typology": "Well-served", "walk_dist_k3_km": 9.0704838171872417, "PR_NAME": "KwaZulu-Natal", "MN_NAME": "Ethekwini", "SP_NAME": "Emlandweni" }, "geometry": { "type": "Polygon", "coordinates": [ [ [ 30.981638169924086, -29.73888711341694 ], [ 30.981635559699683, -29.739283916181687 ], [ 30.981571369563319, -29.739408918101187 ], [ 30.981206496699507, -29.739837981133213 ], [ 30.981557854816899, -29.74006433637599 ], [ 30.981605154460194, -29.740131904782412 ], [ 30.981530827772115, -29.74027717780184 ], [ 30.980686216943603, -29.741250170287362 ], [ 30.980179451058543, -29.741594770875988 ], [ 30.979659171298124, -29.74188193761842 ], [ 30.97947524817102, -29.741942785234851 ], [ 30.979128611376165, -29.741570149898994 ], [ 30.978604956535271, -29.742009760969022 ], [ 30.978019174310507, -29.741477952830635 ], [ 30.977852148352856, -29.741332868235929 ], [ 30.977740461169571, -29.741085129828619 ], [ 30.977740518657246, -29.741085094746698 ], [ 30.977924922878668, -29.740975387224417 ], [ 30.978654852576781, -29.740608855598254 ], [ 30.979149824306585, -29.740348838716955 ], [ 30.979183036488443, -29.740325775339599 ], [ 30.979262602620746, -29.740270520175411 ], [ 30.97936911560733, -29.740179670797421 ], [ 30.979516355472303, -29.740041829663152 ], [ 30.979801433835249, -29.739712893305342 ], [ 30.980177362614402, -29.739277441695791 ], [ 30.98032773448297, -29.739089477726591 ], [ 30.980406052973446, -29.73894537225047 ], [ 30.980425118521509, -29.73886324339253 ], [ 30.980504555376189, -29.738864800312506 ], [ 30.980745240101932, -29.738867947129759 ], [ 30.98137920101972, -29.73888053233884 ], [ 30.981569547440571, -29.738885251153889 ], [ 30.981638169924086, -29.73888711341694 ] ] ] } },
{ "type": "Feature", "properties": { "EA_CODE": "59911336", "EA_TYPE": "Township", "White": 0.0, "Black_African": 1128.0, "Coloured": 1.0, "Indian_Asian": 0.0, "Other": 0.0, "area_km2": 0.185423, "sal2023_est": 1405.927432, "walk_typology": "Demand overcrowding", "walk_dist_k1_km": 1.6944413527903508, "exceeds_walk_k1_3km": false, "econ_status": "Non_Wealthy", "Ai_walk": 0.036696, "walk_snap_flag": false, "drive_typology": "Well-served", "walk_dist_k3_km": 8.6706322841681853, "PR_NAME": "KwaZulu-Natal", "MN_NAME": "Ethekwini", "SP_NAME": "Emlandweni" }, "geometry": { "type": "Polygon", "coordinates": [ [ [ 30.987613106930954, -29.743706144294379 ], [ 30.988997073824493, -29.744400192792465 ], [ 30.989159160669256, -29.744494951801432 ], [ 30.988418921420568, -29.745640561034133 ], [ 30.988115702700092, -29.746109454834087 ], [ 30.987590541967453, -29.746887818711041 ], [ 30.987434244410355, -29.747037864683346 ], [ 30.98728732412993, -29.747150398696597 ], [ 30.987149782192017, -29.74723479959604 ], [ 30.986677762103223, -29.747428609051664 ], [ 30.986499582927543, -29.747522387685148 ], [ 30.986497309237727, -29.74753072465418 ], [ 30.986331671992939, -29.747589005048592 ], [ 30.985329360878715, -29.747929725402226 ], [ 30.984757084681004, -29.748167897256987 ], [ 30.984561916456045, -29.748230748404662 ], [ 30.984333667571441, -29.748273751618445 ], [ 30.984121957183572, -29.748296908437993 ], [ 30.983986331401081, -29.748293599957691 ], [ 30.983731619440231, -29.748270443746279 ], [ 30.983523217953838, -29.74821420888037 ], [ 30.982984020881371, -29.74803888726386 ], [ 30.98268479375767, -29.747935583370161 ], [ 30.982428284007135, -29.747847025768962 ], [ 30.982381595089311, -29.747831825194638 ], [ 30.982574657154544, -29.746925914700764 ], [ 30.982429418023894, -29.745646428448403 ], [ 30.982284178683834, -29.745266040301601 ], [ 30.982277262699398, -29.745079304692567 ], [ 30.982339870837805, -29.745026658014183 ], [ 30.982243620650859, -29.744980507697921 ], [ 30.981585648842813, -29.744982478980969 ], [ 30.981585649054747, -29.744927149375641 ], [ 30.982014449943879, -29.744602090915116 ], [ 30.982441855465556, -29.744328749547254 ], [ 30.983072620503577, -29.745003227349343 ], [ 30.983141781286289, -29.745134634312844 ], [ 30.983425343489589, -29.745286788958254 ], [ 30.983992467172705, -29.745432027634134 ], [ 30.984407435066334, -29.745494273425976 ], [ 30.984628752517455, -29.745521937796013 ], [ 30.984903740352024, -29.745635518839382 ], [ 30.984925676070468, -29.745644580416723 ], [ 30.984946894486118, -29.745653343635176 ], [ 30.985361862769288, -29.74575016958801 ], [ 30.985725152295402, -29.745815681688192 ], [ 30.98582524412911, -29.745715589680319 ], [ 30.986191800397631, -29.745508105379116 ], [ 30.986295541760864, -29.745355950082583 ], [ 30.986682447818922, -29.74381467124817 ], [ 30.98718772378583, -29.744034967241031 ], [ 30.987446425941247, -29.743621044931206 ], [ 30.987613106930954, -29.743706144294379 ] ] ] } },
{ "type": "Feature", "properties": { "EA_CODE": "59914419", "EA_TYPE": "Township", "White": 0.0, "Black_African": 1226.0, "Coloured": 2.0, "Indian_Asian": 1.0, "Other": 1.0, "area_km2": 0.081744, "sal2023_est": 1531.701277, "walk_typology": "Well-served", "walk_dist_k1_km": 0.95965528040507919, "exceeds_walk_k1_3km": false, "econ_status": "Non_Wealthy", "Ai_walk": 0.055273, "walk_snap_flag": false, "drive_typology": "Well-served", "walk_dist_k3_km": 8.5987248324357974, "PR_NAME": "KwaZulu-Natal", "MN_NAME": "Ethekwini", "SP_NAME": "Emlandweni" }, "geometry": { "type": "Polygon", "coordinates": [ [ [ 30.978604956535271, -29.742009760969022 ], [ 30.979343139443319, -29.742679928603927 ], [ 30.979154052719057, -29.742746665092973 ], [ 30.978926984365113, -29.742861893971966 ], [ 30.978562113704896, -29.743047052427087 ], [ 30.978093864598332, -29.743285594620239 ], [ 30.977890661126658, -29.743418119299971 ], [ 30.977509256191329, -29.74391861779505 ], [ 30.97707548390013, -29.744464848829246 ], [ 30.976268635977355, -29.745510281588363 ], [ 30.975484519677597, -29.745060478038223 ], [ 30.974829777423992, -29.744662620872219 ], [ 30.974830495991178, -29.744661723106315 ], [ 30.975105457782096, -29.744318019439774 ], [ 30.975691279777205, -29.743581826427555 ], [ 30.976963172559483, -29.741965331741703 ], [ 30.977473809152901, -29.741319987996253 ], [ 30.977677437572986, -29.741122624629057 ], [ 30.977736799958496, -29.741087307826071 ], [ 30.977740461169571, -29.741085129828619 ], [ 30.977852148352856, -29.741332868235929 ], [ 30.978019174310507, -29.741477952830635 ], [ 30.978604956535271, -29.742009760969022 ] ] ] } },
{ "type": "Feature", "properties": { "EA_CODE": "59914417", "EA_TYPE": "Township", "White": 1.0, "Black_African": 1267.0, "Coloured": 2.0, "Indian_Asian": 0.0, "Other": 0.0, "area_km2": 0.070303, "sal2023_est": 1581.512701, "walk_typology": "Well-served", "walk_dist_k1_km": 1.0074743790798235, "exceeds_walk_k1_3km": false, "econ_status": "Non_Wealthy", "Ai_walk": 0.05328, "walk_snap_flag": false, "drive_typology": "Well-served", "walk_dist_k3_km": 8.6465439311105428, "PR_NAME": "KwaZulu-Natal", "MN_NAME": "Ethekwini", "SP_NAME": "Emlandweni" }, "geometry": { "type": "Polygon", "coordinates": [ [ [ 30.980280649734308, -29.744545826249229 ], [ 30.978321033181217, -29.745939826044584 ], [ 30.978005730287752, -29.74616152321445 ], [ 30.977631309138431, -29.746333954151783 ], [ 30.977474343464991, -29.746416796571335 ], [ 30.977364162996981, -29.746228990156425 ], [ 30.977204393308625, -29.746081750599647 ], [ 30.976292765883453, -29.745524123570775 ], [ 30.976268635977355, -29.745510281588363 ], [ 30.97707548390013, -29.744464848829246 ], [ 30.977509256191329, -29.74391861779505 ], [ 30.977890661126658, -29.743418119299971 ], [ 30.978093864598332, -29.743285594620239 ], [ 30.978562113704896, -29.743047052427087 ], [ 30.978926984365113, -29.742861893971966 ], [ 30.979229318979279, -29.743284388069625 ], [ 30.979513581080624, -29.743525392870971 ], [ 30.979556837961042, -29.74361190735587 ], [ 30.979532119731257, -29.743704601179257 ], [ 30.979309653946721, -29.743809655274077 ], [ 30.978809106505178, -29.744081557830022 ], [ 30.979186061959108, -29.744606823982188 ], [ 30.979352911224222, -29.744563566542329 ], [ 30.979822561202496, -29.744229867956559 ], [ 30.979946153722942, -29.744211328957618 ], [ 30.980280649734308, -29.744545826249229 ] ] ] } },
{ "type": "Feature", "properties": { "EA_CODE": "59914416", "EA_TYPE": "Township", "White": 0.0, "Black_African": 1311.0, "Coloured": 0.0, "Indian_Asian": 0.0, "Other": 0.0, "area_km2": 0.116703, "sal2023_est": 1632.56941, "walk_typology": "Demand overcrowding", "walk_dist_k1_km": 1.0697553841143059, "exceeds_walk_k1_3km": false, "econ_status": "Non_Wealthy", "Ai_walk": 0.039397, "walk_snap_flag": false, "drive_typology": "Well-served", "walk_dist_k3_km": 8.4459524260047019, "PR_NAME": "KwaZulu-Natal", "MN_NAME": "Ethekwini", "SP_NAME": "Emlandweni" }, "geometry": { "type": "Polygon", "coordinates": [ [ [ 30.982441855465556, -29.744328749547254 ], [ 30.982014449943879, -29.744602090915116 ], [ 30.981585649054747, -29.744927149375641 ], [ 30.981585648842813, -29.744982478980969 ], [ 30.982243620650859, -29.744980507697921 ], [ 30.982339870837805, -29.745026658014183 ], [ 30.982277262699398, -29.745079304692567 ], [ 30.982284178683834, -29.745266040301601 ], [ 30.982429418023894, -29.745646428448403 ], [ 30.982574657154544, -29.746925914700764 ], [ 30.982381595089311, -29.747831825194638 ], [ 30.982143800531983, -29.747754402799796 ], [ 30.981214264837782, -29.747416990658948 ], [ 30.9802946529256, -29.74709612032574 ], [ 30.979927469992084, -29.746967109824418 ], [ 30.979566903382896, -29.746874487022048 ], [ 30.979110404893241, -29.746791787849045 ], [ 30.978720065672491, -29.746758707923199 ], [ 30.978349576065455, -29.74675870843933 ], [ 30.977873230101146, -29.74677855638954 ], [ 30.977620602827766, -29.746832053842478 ], [ 30.977614782375856, -29.746811680201699 ], [ 30.977502004171459, -29.746463946361214 ], [ 30.977474343464991, -29.746416796571335 ], [ 30.977631309138431, -29.746333954151783 ], [ 30.978005730287752, -29.74616152321445 ], [ 30.978321033181217, -29.745939826044584 ], [ 30.980280649734308, -29.744545826249229 ], [ 30.980488736844588, -29.744397801143062 ], [ 30.981577514692201, -29.743629251339435 ], [ 30.981689856351601, -29.743567089356489 ], [ 30.981729494848807, -29.743545154877744 ], [ 30.982441855465556, -29.744328749547254 ] ] ] } },
{ "type": "Feature", "properties": { "EA_CODE": "59914183", "EA_TYPE": "Township", "White": 0.0, "Black_African": 684.0, "Coloured": 7.0, "Indian_Asian": 2.0, "Other": 0.0, "area_km2": 0.108523, "sal2023_est": 830.540138, "walk_typology": "Demand overcrowding", "walk_dist_k1_km": 1.1058547546653674, "exceeds_walk_k1_3km": false, "econ_status": "Non_Wealthy", "Ai_walk": 0.025047, "walk_snap_flag": false, "drive_typology": "Well-served", "walk_dist_k3_km": 7.9394800706685746, "PR_NAME": "KwaZulu-Natal", "MN_NAME": "Ethekwini", "SP_NAME": "KwaMashu P" }, "geometry": { "type": "Polygon", "coordinates": [ [ [ 30.966916923622392, -29.747768646102113 ], [ 30.967387198847948, -29.748047481974538 ], [ 30.967695167356077, -29.748218112961212 ], [ 30.967711491006273, -29.748234658098433 ], [ 30.968003134886764, -29.748530241653707 ], [ 30.968304865610495, -29.748782098791889 ], [ 30.966906783174917, -29.750085025176102 ], [ 30.966773484040051, -29.750718192377352 ], [ 30.966681841013116, -29.751276380347271 ], [ 30.966409264963289, -29.7514261677996 ], [ 30.96631079308737, -29.751474835716266 ], [ 30.966280387780184, -29.751432736022661 ], [ 30.966067550287768, -29.751283048356974 ], [ 30.965895642974825, -29.751161425874592 ], [ 30.965403310251606, -29.750766155793759 ], [ 30.965279348704001, -29.750679617605211 ], [ 30.965212690626316, -29.750598927404834 ], [ 30.965044291905009, -29.750466780066173 ], [ 30.964697221318609, -29.750182005959637 ], [ 30.964692159827006, -29.750164292268281 ], [ 30.964702282640044, -29.750130130380146 ], [ 30.964361928369645, -29.749968176613315 ], [ 30.964339152648957, -29.749923893216017 ], [ 30.964344214034202, -29.749820141605191 ], [ 30.964359396840585, -29.749820142100116 ], [ 30.964361928481651, -29.749702473187615 ], [ 30.964307521821759, -29.74963921008078 ], [ 30.964250584802656, -29.74959619243317 ], [ 30.964211362496137, -29.749563294947617 ], [ 30.964145568881641, -29.749530397932777 ], [ 30.964105081522941, -29.749512685371169 ], [ 30.964054470247333, -29.749487378571349 ], [ 30.963950719164266, -29.749412729426126 ], [ 30.963927944879671, -29.749378566729856 ], [ 30.963907700254886, -29.749310242866038 ], [ 30.963863416534444, -29.74908502815866 ], [ 30.964270829484082, -29.74902429503609 ], [ 30.964308786834746, -29.748985072208043 ], [ 30.964394825085606, -29.748890177897611 ], [ 30.964364458459826, -29.748869934357746 ], [ 30.964380331923735, -29.748846651900202 ], [ 30.964377516027909, -29.748804580980359 ], [ 30.964371874851413, -29.748744787833321 ], [ 30.964387233394824, -29.74863761381323 ], [ 30.964387233394969, -29.748546027836198 ], [ 30.964389750277082, -29.748527090673736 ], [ 30.964027271523751, -29.748292171098971 ], [ 30.963883993729247, -29.748216721132458 ], [ 30.963771052831586, -29.74814747189474 ], [ 30.963554694507209, -29.748008294376408 ], [ 30.963851620437651, -29.747540595043436 ], [ 30.963885185869326, -29.747528389069593 ], [ 30.965139017552943, -29.748083467153513 ], [ 30.965191640880992, -29.748030841920333 ], [ 30.965273502508669, -29.747952489536519 ], [ 30.965446579501219, -29.747665976571895 ], [ 30.965851204637755, -29.747839054395136 ], [ 30.965923708643448, -29.747847240316904 ], [ 30.965985689837982, -29.747846071057118 ], [ 30.966102632917917, -29.747761870572631 ], [ 30.966218407801239, -29.747635572226081 ], [ 30.966288574062823, -29.747512781144156 ], [ 30.966467457694943, -29.747439870306827 ], [ 30.966575663518508, -29.74742738505719 ], [ 30.966667220789592, -29.74753975101104 ], [ 30.966916923622392, -29.747768646102113 ] ] ] } },
{ "type": "Feature", "properties": { "EA_CODE": "59914182", "EA_TYPE": "Township", "White": 8.0, "Black_African": 959.0, "Coloured": 6.0, "Indian_Asian": 3.0, "Other": 0.0, "area_km2": 0.123419, "sal2023_est": 1169.707323, "walk_typology": "Demand overcrowding", "walk_dist_k1_km": 1.2055163265476814, "exceeds_walk_k1_3km": false, "econ_status": "Non_Wealthy", "Ai_walk": 0.024001, "walk_snap_flag": false, "drive_typology": "Well-served", "walk_dist_k3_km": 8.0391416425508879, "PR_NAME": "KwaZulu-Natal", "MN_NAME": "Ethekwini", "SP_NAME": "KwaMashu P" }, "geometry": { "type": "Polygon", "coordinates": [ [ [ 30.96631079308737, -29.751474835716266 ], [ 30.966409264963289, -29.7514261677996 ], [ 30.966681841013116, -29.751276380347271 ], [ 30.966773484040051, -29.750718192377352 ], [ 30.966906783174917, -29.750085025176102 ], [ 30.968304865610495, -29.748782098791889 ], [ 30.968506703953075, -29.748950575662779 ], [ 30.969101831491908, -29.749433337104144 ], [ 30.969351534383659, -29.749666393118705 ], [ 30.969443092625397, -29.749828700960801 ], [ 30.969443091784299, -29.749999332218938 ], [ 30.969468063150362, -29.750211580237593 ], [ 30.969543964451727, -29.75034167132528 ], [ 30.969825633542229, -29.750567006171426 ], [ 30.97047347087015, -29.751111565650998 ], [ 30.970855269150473, -29.751393992216482 ], [ 30.970641215792821, -29.751560288385008 ], [ 30.969983508804813, -29.752065455329486 ], [ 30.969617014952444, -29.752253654029268 ], [ 30.969452587729098, -29.752376478620402 ], [ 30.968870160353706, -29.752943059042082 ], [ 30.96861922087297, -29.753166535983443 ], [ 30.968345181766431, -29.753410585695899 ], [ 30.967873693560954, -29.753866227082078 ], [ 30.967776395381279, -29.753788407615293 ], [ 30.967718962213073, -29.753730975368246 ], [ 30.967685459974721, -29.753685507767781 ], [ 30.967685459906139, -29.753635254363161 ], [ 30.967690246433865, -29.753582607318556 ], [ 30.967697425181345, -29.753534746013273 ], [ 30.967738106636244, -29.753479705696947 ], [ 30.967769216058841, -29.753436631291951 ], [ 30.96780032571327, -29.753388771393649 ], [ 30.967812290946178, -29.753350482400343 ], [ 30.967800325980761, -29.753297834636498 ], [ 30.967785968367672, -29.753249973909369 ], [ 30.96781229070908, -29.753132714650416 ], [ 30.96781947010092, -29.75303938630006 ], [ 30.967790753863834, -29.75295562992617 ], [ 30.967668709427553, -29.752886231640517 ], [ 30.967300180346164, -29.752747434834671 ], [ 30.967113523447061, -29.752637355093455 ], [ 30.966938830885056, -29.752498558926501 ], [ 30.966692348565868, -29.75229754355696 ], [ 30.966539193509149, -29.752180285098135 ], [ 30.966457829898747, -29.752113278649112 ], [ 30.966398003025525, -29.752015164792148 ], [ 30.96642241347886, -29.751901435282914 ], [ 30.96638329827254, -29.751744976251587 ], [ 30.966318979515169, -29.751507579939879 ], [ 30.96631079308737, -29.751474835716266 ] ] ] } },
{ "type": "Feature", "properties": { "EA_CODE": "59914186", "EA_TYPE": "Township", "White": 0.0, "Black_African": 1049.0, "Coloured": 1.0, "Indian_Asian": 0.0, "Other": 1.0, "area_km2": 0.145481, "sal2023_est": 1259.59262, "walk_typology": "Demand overcrowding", "walk_dist_k1_km": 0.77314351673218362, "exceeds_walk_k1_3km": false, "econ_status": "Non_Wealthy", "Ai_walk": 0.028174, "walk_snap_flag": false, "drive_typology": "Well-served", "walk_dist_k3_km": 8.276106934075516, "PR_NAME": "KwaZulu-Natal", "MN_NAME": "Ethekwini", "SP_NAME": "KwaMashu P" }, "geometry": { "type": "Polygon", "coordinates": [ [ [ 30.967711491006273, -29.748234658098433 ], [ 30.967695167356077, -29.748218112961212 ], [ 30.967387198847948, -29.748047481974538 ], [ 30.966916923622392, -29.747768646102113 ], [ 30.966667220789592, -29.74753975101104 ], [ 30.966575663518508, -29.74742738505719 ], [ 30.966366528775222, -29.746964551847316 ], [ 30.966340029022803, -29.74682164308204 ], [ 30.966320149400048, -29.746303581936875 ], [ 30.966303540063624, -29.74581930769029 ], [ 30.966297929575031, -29.745655714005643 ], [ 30.966302607224556, -29.745352830402624 ], [ 30.966355232524108, -29.745151686076319 ], [ 30.966451126308542, -29.744947035265774 ], [ 30.966578594877877, -29.744769280452843 ], [ 30.966738806621461, -29.744611406097036 ], [ 30.96690837613902, -29.744495632230841 ], [ 30.967118874673446, -29.744390383384779 ], [ 30.967304815137592, -29.744320215544814 ], [ 30.967476723355297, -29.744288640932965 ], [ 30.967940989555736, -29.744209119974926 ], [ 30.968122251664898, -29.744163512009564 ], [ 30.968383036652202, -29.744048907076767 ], [ 30.968526878515519, -29.743979910093937 ], [ 30.968919853504165, -29.743778762635738 ], [ 30.969334786421243, -29.743566376620489 ], [ 30.969509329252922, -29.743883987277503 ], [ 30.96976630562736, -29.744319932324007 ], [ 30.969839729412399, -29.744457597554895 ], [ 30.969890206126781, -29.744549375620007 ], [ 30.970018695318636, -29.744650332017866 ], [ 30.970142595560986, -29.744737521332876 ], [ 30.970238962106343, -29.744957787057729 ], [ 30.970238962090217, -29.745136754321827 ], [ 30.970450051482651, -29.745522219580284 ], [ 30.97057395115624, -29.745636943145335 ], [ 30.970674906449414, -29.745724131845837 ], [ 30.970817162604025, -29.745848032156434 ], [ 30.970904351588533, -29.74608665400935 ], [ 30.970950239913385, -29.746339042823042 ], [ 30.969568067205266, -29.747086981347405 ], [ 30.96874256835595, -29.747499731145258 ], [ 30.967917068879455, -29.748025048137588 ], [ 30.967711491006273, -29.748234658098433 ] ] ] } },
{ "type": "Feature", "properties": { "EA_CODE": "59914191", "EA_TYPE": "Township", "White": 0.0, "Black_African": 1049.0, "Coloured": 1.0, "Indian_Asian": 0.0, "Other": 1.0, "area_km2": 0.442457, "sal2023_est": 1259.59262, "walk_typology": "Demand overcrowding", "walk_dist_k1_km": 0.25727802528764798, "exceeds_walk_k1_3km": false, "econ_status": "Non_Wealthy", "Ai_walk": 0.031397, "walk_snap_flag": false, "drive_typology": "Well-served", "walk_dist_k3_km": 7.9888746407688647, "PR_NAME": "KwaZulu-Natal", "MN_NAME": "Ethekwini", "SP_NAME": "KwaMashu P" }, "geometry": { "type": "Polygon", "coordinates": [ [ [ 30.973949842733468, -29.744136631938531 ], [ 30.974509719858546, -29.744478089628704 ], [ 30.974830495991178, -29.744661723106315 ], [ 30.974829777423992, -29.744662620872219 ], [ 30.975484519677597, -29.745060478038223 ], [ 30.976268635977355, -29.745510281588363 ], [ 30.976292765883453, -29.745524123570775 ], [ 30.977204393308625, -29.746081750599647 ], [ 30.977364162996981, -29.746228990156425 ], [ 30.977474343464991, -29.746416796571335 ], [ 30.977502004171459, -29.746463946361214 ], [ 30.977614782375856, -29.746811680201699 ], [ 30.977620602827766, -29.746832053842478 ], [ 30.977398568011385, -29.746879072787063 ], [ 30.977164804774549, -29.746962277214351 ], [ 30.976853780502818, -29.7470593482855 ], [ 30.976487287485615, -29.747205946387066 ], [ 30.975686943680614, -29.747685358687075 ], [ 30.974977519235384, -29.748122626008101 ], [ 30.974912354401347, -29.748162791936512 ], [ 30.974024845086319, -29.748866063050375 ], [ 30.972703486313886, -29.749917998835333 ], [ 30.972116436484583, -29.75039090076319 ], [ 30.972061627141596, -29.750435052786866 ], [ 30.971138459209715, -29.751173983227432 ], [ 30.970855269150473, -29.751393992216482 ], [ 30.97047347087015, -29.751111565650998 ], [ 30.969825633542229, -29.750567006171426 ], [ 30.969543964451727, -29.75034167132528 ], [ 30.969468063150362, -29.750211580237593 ], [ 30.969443091784299, -29.749999332218938 ], [ 30.969443092625397, -29.749828700960801 ], [ 30.969351534383659, -29.749666393118705 ], [ 30.969101831491908, -29.749433337104144 ], [ 30.968506703953075, -29.748950575662779 ], [ 30.968304865610495, -29.748782098791889 ], [ 30.968003134886764, -29.748530241653707 ], [ 30.967711491006273, -29.748234658098433 ], [ 30.967917068879455, -29.748025048137588 ], [ 30.96874256835595, -29.747499731145258 ], [ 30.969568067205266, -29.747086981347405 ], [ 30.970950239913385, -29.746339042823042 ], [ 30.970904351588533, -29.74608665400935 ], [ 30.970817162604025, -29.745848032156434 ], [ 30.970674906449414, -29.745724131845837 ], [ 30.97057395115624, -29.745636943145335 ], [ 30.970450051482651, -29.745522219580284 ], [ 30.970238962090217, -29.745136754321827 ], [ 30.970238962106343, -29.744957787057729 ], [ 30.970142595560986, -29.744737521332876 ], [ 30.970018695318636, -29.744650332017866 ], [ 30.969890206126781, -29.744549375620007 ], [ 30.969839729412399, -29.744457597554895 ], [ 30.96976630562736, -29.744319932324007 ], [ 30.969509329252922, -29.743883987277503 ], [ 30.969334786421243, -29.743566376620489 ], [ 30.969365364080542, -29.743550725676748 ], [ 30.969888103244962, -29.743294618719261 ], [ 30.970325472675977, -29.743074764616622 ], [ 30.970572224340422, -29.742937940760271 ], [ 30.970753487339156, -29.74277071120251 ], [ 30.970928901611032, -29.742559042947367 ], [ 30.971078590571636, -29.742384797251717 ], [ 30.971085606918823, -29.742374271780935 ], [ 30.971089185161901, -29.742368546780359 ], [ 30.971091453748244, -29.742364917209866 ], [ 30.971307799765313, -29.742495893734663 ], [ 30.971955669012875, -29.742895840950037 ], [ 30.972619909562567, -29.743308652778495 ], [ 30.972933319616917, -29.743505117838552 ], [ 30.97382326085032, -29.744059432371081 ], [ 30.973949842733468, -29.744136631938531 ] ] ] } },
{ "type": "Feature", "properties": { "EA_CODE": "59914181", "EA_TYPE": "Township", "White": 0.0, "Black_African": 723.0, "Coloured": 0.0, "Indian_Asian": 5.0, "Other": 1.0, "area_km2": 0.16917, "sal2023_est": 770.617692, "walk_typology": "Demand overcrowding", "walk_dist_k1_km": 1.7059413474684351, "exceeds_walk_k1_3km": false, "econ_status": "Non_Wealthy", "Ai_walk": 0.021398, "walk_snap_flag": false, "drive_typology": "Well-served", "walk_dist_k3_km": 7.8159652879506387, "PR_NAME": "KwaZulu-Natal", "MN_NAME": "Ethekwini", "SP_NAME": "KwaMashu J" }, "geometry": { "type": "Polygon", "coordinates": [ [ [ 30.963554694507209, -29.748008294376408 ], [ 30.963771052831586, -29.74814747189474 ], [ 30.963883993729247, -29.748216721132458 ], [ 30.964027271523751, -29.748292171098971 ], [ 30.964389750277082, -29.748527090673736 ], [ 30.964387233394969, -29.748546027836198 ], [ 30.964387233394824, -29.74863761381323 ], [ 30.964371874851413, -29.748744787833321 ], [ 30.964377516027909, -29.748804580980359 ], [ 30.964380331923735, -29.748846651900202 ], [ 30.964364458459826, -29.748869934357746 ], [ 30.964394825085606, -29.748890177897611 ], [ 30.964308786834746, -29.748985072208043 ], [ 30.964270829484082, -29.74902429503609 ], [ 30.963863416534444, -29.74908502815866 ], [ 30.963907700254886, -29.749310242866038 ], [ 30.963927944879671, -29.749378566729856 ], [ 30.963950719164266, -29.749412729426126 ], [ 30.964054470247333, -29.749487378571349 ], [ 30.964105081522941, -29.749512685371169 ], [ 30.964145568881641, -29.749530397932777 ], [ 30.964211362496137, -29.749563294947617 ], [ 30.964250584802656, -29.74959619243317 ], [ 30.964307521821759, -29.74963921008078 ], [ 30.964361928481651, -29.749702473187615 ], [ 30.964359396840585, -29.749820142100116 ], [ 30.964344214034202, -29.749820141605191 ], [ 30.964339152648957, -29.749923893216017 ], [ 30.964361928369645, -29.749968176613315 ], [ 30.964702282640044, -29.750130130380146 ], [ 30.964692159827006, -29.750164292268281 ], [ 30.964697221318609, -29.750182005959637 ], [ 30.965044291905009, -29.750466780066173 ], [ 30.965212690626316, -29.750598927404834 ], [ 30.965279348704001, -29.750679617605211 ], [ 30.965403310251606, -29.750766155793759 ], [ 30.965895642974825, -29.751161425874592 ], [ 30.966067550287768, -29.751283048356974 ], [ 30.966280387780184, -29.751432736022661 ], [ 30.96631079308737, -29.751474835716266 ], [ 30.966318979515169, -29.751507579939879 ], [ 30.96638329827254, -29.751744976251587 ], [ 30.96642241347886, -29.751901435282914 ], [ 30.966418730337182, -29.751904095004075 ], [ 30.966166632913577, -29.751908806638031 ], [ 30.965862070761865, -29.751934911736477 ], [ 30.965671863988771, -29.751951215856263 ], [ 30.965384425670457, -29.751970064303091 ], [ 30.965134685751668, -29.751960639689177 ], [ 30.964851960238086, -29.751920587387254 ], [ 30.964573947481355, -29.751856973959459 ], [ 30.963518439572944, -29.75159074102179 ], [ 30.962828118405387, -29.751425818044517 ], [ 30.962166069511458, -29.751258538916918 ], [ 30.962133594872977, -29.751253838637972 ], [ 30.962169629903304, -29.750836855809798 ], [ 30.96216342722083, -29.750594911321581 ], [ 30.962107593376782, -29.750272315862514 ], [ 30.962008333028784, -29.74990009219702 ], [ 30.961962574656518, -29.749799189675119 ], [ 30.961766387239091, -29.749366571263625 ], [ 30.961629905311501, -29.749143236068377 ], [ 30.961425182129236, -29.748864068442902 ], [ 30.961096383980539, -29.748615918416391 ], [ 30.96069314132118, -29.748367769248262 ], [ 30.960370547549093, -29.748163046062309 ], [ 30.960109989669682, -29.748076192967684 ], [ 30.959824618410767, -29.747896284793089 ], [ 30.95952063428118, -29.747685357893697 ], [ 30.959341045817446, -29.747501069388552 ], [ 30.959413163137395, -29.747440046989571 ], [ 30.959540754340573, -29.747240338213707 ], [ 30.959657249938999, -29.747068367004907 ], [ 30.959718272276039, -29.746746614933986 ], [ 30.959779293922367, -29.746596833738252 ], [ 30.95987914856665, -29.746408221120447 ], [ 30.960095499408816, -29.746214059689919 ], [ 30.96021199472171, -29.746036541833245 ], [ 30.960311849604661, -29.745631577957564 ], [ 30.960367324434138, -29.745459607343129 ], [ 30.960689076318445, -29.74538194308882 ], [ 30.960831365403308, -29.745857897289682 ], [ 30.960959342878333, -29.746222143222973 ], [ 30.961166076832164, -29.746547011043386 ], [ 30.961431878808781, -29.746802967904003 ], [ 30.961855191975769, -29.747137680743741 ], [ 30.963213730873893, -29.748102441114234 ], [ 30.963410621067307, -29.748220575234544 ], [ 30.963554694507209, -29.748008294376408 ] ] ] } },
{ "type": "Feature", "properties": { "EA_CODE": "59914179", "EA_TYPE": "Township", "White": 0.0, "Black_African": 834.0, "Coloured": 0.0, "Indian_Asian": 0.0, "Other": 0.0, "area_km2": 0.066397, "sal2023_est": 881.61201, "walk_typology": "Demand overcrowding", "walk_dist_k1_km": 1.9381879987182744, "exceeds_walk_k1_3km": false, "econ_status": "Non_Wealthy", "Ai_walk": 0.020245, "walk_snap_flag": false, "drive_typology": "Well-served", "walk_dist_k3_km": 7.9092885522789302, "PR_NAME": "KwaZulu-Natal", "MN_NAME": "Ethekwini", "SP_NAME": "KwaMashu J" }, "geometry": { "type": "Polygon", "coordinates": [ [ [ 30.960463169037233, -29.749818026977628 ], [ 30.961025435622755, -29.74992653474645 ], [ 30.961252316609809, -29.749926534785093 ], [ 30.961474262760046, -29.749892009390805 ], [ 30.961962574656518, -29.749799189675119 ], [ 30.962008333028784, -29.74990009219702 ], [ 30.962107593376782, -29.750272315862514 ], [ 30.96216342722083, -29.750594911321581 ], [ 30.962169629903304, -29.750836855809798 ], [ 30.962133594872977, -29.751253838637972 ], [ 30.962130681723611, -29.751253416722655 ], [ 30.961807949979168, -29.75120670640155 ], [ 30.961110561270335, -29.751136023945136 ], [ 30.959878349919673, -29.751006441712057 ], [ 30.959232794099304, -29.750933403990405 ], [ 30.958285664107979, -29.75084623082784 ], [ 30.957962884714036, -29.750879214615374 ], [ 30.957911052211845, -29.75088628316853 ], [ 30.95790373721648, -29.750888900038586 ], [ 30.957654244379452, -29.750978169070649 ], [ 30.957631164686898, -29.750987400318298 ], [ 30.957630682635322, -29.750987593235983 ], [ 30.957582896916097, -29.750839347977426 ], [ 30.957513387937912, -29.750753999360242 ], [ 30.957443622674312, -29.750407282340468 ], [ 30.957423351068044, -29.75034439254863 ], [ 30.957472828303828, -29.749892032947226 ], [ 30.957473305606882, -29.749883605918683 ], [ 30.957730995575194, -29.749953884989193 ], [ 30.957770413030456, -29.749733802796747 ], [ 30.957806545688761, -29.749398753101197 ], [ 30.957865672597141, -29.74939875298956 ], [ 30.958141595755333, -29.749398753090393 ], [ 30.958512778841261, -29.74940860708702 ], [ 30.958788702338786, -29.749441455371983 ], [ 30.95937996662575, -29.749576131621382 ], [ 30.959876241326242, -29.749674994260999 ], [ 30.960463169037233, -29.749818026977628 ] ] ] } },
{ "type": "Feature", "properties": { "EA_CODE": "59914188", "EA_TYPE": "Township", "White": 1.0, "Black_African": 835.0, "Coloured": 0.0, "Indian_Asian": 1.0, "Other": 0.0, "area_km2": 0.06273, "sal2023_est": 1003.119907, "walk_typology": "Demand overcrowding", "walk_dist_k1_km": 1.1426303371302118, "exceeds_walk_k1_3km": false, "econ_status": "Non_Wealthy", "Ai_walk": 0.025899, "walk_snap_flag": false, "drive_typology": "Well-served", "walk_dist_k3_km": 8.2547366864467175, "PR_NAME": "KwaZulu-Natal", "MN_NAME": "Ethekwini", "SP_NAME": "KwaMashu J" }, "geometry": { "type": "Polygon", "coordinates": [ [ [ 30.963910471271138, -29.743892094753296 ], [ 30.963988178320676, -29.743661402718601 ], [ 30.964122233105417, -29.743398653964498 ], [ 30.964288462133734, -29.743243150180099 ], [ 30.964481500809548, -29.743135906402291 ], [ 30.964685266350976, -29.743082284332001 ], [ 30.964910479522409, -29.743071559217594 ], [ 30.964792509963434, -29.742562149155468 ], [ 30.965363662474921, -29.742457514715234 ], [ 30.965427309571592, -29.742735013628742 ], [ 30.96548934638102, -29.742910179784179 ], [ 30.965591526336404, -29.742975865838098 ], [ 30.965832378016966, -29.743085344554583 ], [ 30.966456404216682, -29.743373638419833 ], [ 30.967076781264517, -29.743672877889111 ], [ 30.967315223636742, -29.743800495304022 ], [ 30.967393379031574, -29.743786783764858 ], [ 30.967913449396338, -29.743684288400761 ], [ 30.968074946344153, -29.743603153603665 ], [ 30.968653245270936, -29.743371834028832 ], [ 30.968919853504165, -29.743778762635738 ], [ 30.968526878515519, -29.743979910093937 ], [ 30.968383036652202, -29.744048907076767 ], [ 30.968122251664898, -29.744163512009564 ], [ 30.967940989555736, -29.744209119974926 ], [ 30.967476723355297, -29.744288640932965 ], [ 30.967304815137592, -29.744320215544814 ], [ 30.967118874673446, -29.744390383384779 ], [ 30.96690837613902, -29.744495632230841 ], [ 30.966738806621461, -29.744611406097036 ], [ 30.966578594877877, -29.744769280452843 ], [ 30.966451126308542, -29.744947035265774 ], [ 30.966355232524108, -29.745151686076319 ], [ 30.966302607224556, -29.745352830402624 ], [ 30.966297929575031, -29.745655714005643 ], [ 30.966303540063624, -29.74581930769029 ], [ 30.966196673108062, -29.745847660178732 ], [ 30.965966098222513, -29.745866874976709 ], [ 30.965738663667185, -29.745828969459204 ], [ 30.965704085693449, -29.745522090985521 ], [ 30.965730896911921, -29.745237894014238 ], [ 30.965854227791382, -29.744776742908655 ], [ 30.965205400203914, -29.744487183575778 ], [ 30.96432599711401, -29.744085018255014 ], [ 30.963910471271138, -29.743892094753296 ] ] ] } },
{ "type": "Feature", "properties": { "EA_CODE": "59914188", "EA_TYPE": "Township", "White": 1.0, "Black_African": 835.0, "Coloured": 0.0, "Indian_Asian": 1.0, "Other": 0.0, "area_km2": 0.06273, "sal2023_est": 1003.119907, "walk_typology": "Demand overcrowding", "walk_dist_k1_km": 1.1426303371302118, "exceeds_walk_k1_3km": false, "econ_status": "Non_Wealthy", "Ai_walk": 0.025899, "walk_snap_flag": false, "drive_typology": "Well-served", "walk_dist_k3_km": 8.2547366864467175, "PR_NAME": "KwaZulu-Natal", "MN_NAME": "Ethekwini", "SP_NAME": "KwaMashu J" }, "geometry": { "type": "Polygon", "coordinates": [ [ [ 30.963910471271138, -29.743892094753296 ], [ 30.963988178320676, -29.743661402718601 ], [ 30.964122233105417, -29.743398653964498 ], [ 30.964288462133734, -29.743243150180099 ], [ 30.964481500809548, -29.743135906402291 ], [ 30.964685266350976, -29.743082284332001 ], [ 30.964910479522409, -29.743071559217594 ], [ 30.964792509963434, -29.742562149155468 ], [ 30.965363662474921, -29.742457514715234 ], [ 30.965427309571592, -29.742735013628742 ], [ 30.96548934638102, -29.742910179784179 ], [ 30.965591526336404, -29.742975865838098 ], [ 30.965832378016966, -29.743085344554583 ], [ 30.966456404216682, -29.743373638419833 ], [ 30.967076781264517, -29.743672877889111 ], [ 30.967315223636742, -29.743800495304022 ], [ 30.967393379031574, -29.743786783764858 ], [ 30.967913449396338, -29.743684288400761 ], [ 30.968074946344153, -29.743603153603665 ], [ 30.968653245270936, -29.743371834028832 ], [ 30.968919853504165, -29.743778762635738 ], [ 30.968526878515519, -29.743979910093937 ], [ 30.968383036652202, -29.744048907076767 ], [ 30.968122251664898, -29.744163512009564 ], [ 30.967940989555736, -29.744209119974926 ], [ 30.967476723355297, -29.744288640932965 ], [ 30.967304815137592, -29.744320215544814 ], [ 30.967118874673446, -29.744390383384779 ], [ 30.96690837613902, -29.744495632230841 ], [ 30.966738806621461, -29.744611406097036 ], [ 30.966578594877877, -29.744769280452843 ], [ 30.966451126308542, -29.744947035265774 ], [ 30.966355232524108, -29.745151686076319 ], [ 30.966302607224556, -29.745352830402624 ], [ 30.966297929575031, -29.745655714005643 ], [ 30.966303540063624, -29.74581930769029 ], [ 30.966196673108062, -29.745847660178732 ], [ 30.965966098222513, -29.745866874976709 ], [ 30.965738663667185, -29.745828969459204 ], [ 30.965704085693449, -29.745522090985521 ], [ 30.965730896911921, -29.745237894014238 ], [ 30.965854227791382, -29.744776742908655 ], [ 30.965205400203914, -29.744487183575778 ], [ 30.96432599711401, -29.744085018255014 ], [ 30.963910471271138, -29.743892094753296 ] ] ] } },
{ "type": "Feature", "properties": { "EA_CODE": "59914185", "EA_TYPE": "Township", "White": 0.0, "Black_African": 943.0, "Coloured": 1.0, "Indian_Asian": 5.0, "Other": 0.0, "area_km2": 0.141303, "sal2023_est": 1003.177215, "walk_typology": "Demand overcrowding", "walk_dist_k1_km": 1.3871788556909914, "exceeds_walk_k1_3km": false, "econ_status": "Non_Wealthy", "Ai_walk": 0.023705, "walk_snap_flag": false, "drive_typology": "Well-served", "walk_dist_k3_km": 8.2956753911294125, "PR_NAME": "KwaZulu-Natal", "MN_NAME": "Ethekwini", "SP_NAME": "KwaMashu J" }, "geometry": { "type": "Polygon", "coordinates": [ [ [ 30.96309032040617, -29.744758836315999 ], [ 30.963365728646171, -29.744803669767819 ], [ 30.96374361477066, -29.74495098139516 ], [ 30.964537816039027, -29.745316058280874 ], [ 30.965261565491353, -29.745655514933802 ], [ 30.965697094607204, -29.745822040677876 ], [ 30.965738663667185, -29.745828969459204 ], [ 30.965966098222513, -29.745866874976709 ], [ 30.966196673108062, -29.745847660178732 ], [ 30.966303540063624, -29.74581930769029 ], [ 30.966320149400048, -29.746303581936875 ], [ 30.966340029022803, -29.74682164308204 ], [ 30.966366528775222, -29.746964551847316 ], [ 30.966575663518508, -29.74742738505719 ], [ 30.966467457694943, -29.747439870306827 ], [ 30.966288574062823, -29.747512781144156 ], [ 30.966218407801239, -29.747635572226081 ], [ 30.966102632917917, -29.747761870572631 ], [ 30.965985689837982, -29.747846071057118 ], [ 30.965923708643448, -29.747847240316904 ], [ 30.965851204637755, -29.747839054395136 ], [ 30.965446579501219, -29.747665976571895 ], [ 30.965273502508669, -29.747952489536519 ], [ 30.965191640880992, -29.748030841920333 ], [ 30.965139017552943, -29.748083467153513 ], [ 30.963885185869326, -29.747528389069593 ], [ 30.963851620437651, -29.747540595043436 ], [ 30.963554694507209, -29.748008294376408 ], [ 30.963410621067307, -29.748220575234544 ], [ 30.963213730873893, -29.748102441114234 ], [ 30.961855191975769, -29.747137680743741 ], [ 30.961431878808781, -29.746802967904003 ], [ 30.961166076832164, -29.746547011043386 ], [ 30.960959342878333, -29.746222143222973 ], [ 30.960831365403308, -29.745857897289682 ], [ 30.960689076318445, -29.74538194308882 ], [ 30.960639148894593, -29.74517668687859 ], [ 30.960705718007507, -29.745021358655638 ], [ 30.960827762066767, -29.744910409706034 ], [ 30.960983091386588, -29.744893767233073 ], [ 30.961204988885854, -29.744899315009867 ], [ 30.961587762758541, -29.744976979058642 ], [ 30.962236813926101, -29.745104570416629 ], [ 30.962569660662663, -29.745187782345603 ], [ 30.962681752727111, -29.74465870875159 ], [ 30.96309032040617, -29.744758836315999 ] ] ] } },
{ "type": "Feature", "properties": { "EA_CODE": "59914185", "EA_TYPE": "Township", "White": 0.0, "Black_African": 943.0, "Coloured": 1.0, "Indian_Asian": 5.0, "Other": 0.0, "area_km2": 0.141303, "sal2023_est": 1003.177215, "walk_typology": "Demand overcrowding", "walk_dist_k1_km": 1.3871788556909914, "exceeds_walk_k1_3km": false, "econ_status": "Non_Wealthy", "Ai_walk": 0.023705, "walk_snap_flag": false, "drive_typology": "Well-served", "walk_dist_k3_km": 8.2956753911294125, "PR_NAME": "KwaZulu-Natal", "MN_NAME": "Ethekwini", "SP_NAME": "KwaMashu J" }, "geometry": { "type": "Polygon", "coordinates": [ [ [ 30.96309032040617, -29.744758836315999 ], [ 30.963365728646171, -29.744803669767819 ], [ 30.96374361477066, -29.74495098139516 ], [ 30.964537816039027, -29.745316058280874 ], [ 30.965261565491353, -29.745655514933802 ], [ 30.965697094607204, -29.745822040677876 ], [ 30.965738663667185, -29.745828969459204 ], [ 30.965966098222513, -29.745866874976709 ], [ 30.966196673108062, -29.745847660178732 ], [ 30.966303540063624, -29.74581930769029 ], [ 30.966320149400048, -29.746303581936875 ], [ 30.966340029022803, -29.74682164308204 ], [ 30.966366528775222, -29.746964551847316 ], [ 30.966575663518508, -29.74742738505719 ], [ 30.966467457694943, -29.747439870306827 ], [ 30.966288574062823, -29.747512781144156 ], [ 30.966218407801239, -29.747635572226081 ], [ 30.966102632917917, -29.747761870572631 ], [ 30.965985689837982, -29.747846071057118 ], [ 30.965923708643448, -29.747847240316904 ], [ 30.965851204637755, -29.747839054395136 ], [ 30.965446579501219, -29.747665976571895 ], [ 30.965273502508669, -29.747952489536519 ], [ 30.965191640880992, -29.748030841920333 ], [ 30.965139017552943, -29.748083467153513 ], [ 30.963885185869326, -29.747528389069593 ], [ 30.963851620437651, -29.747540595043436 ], [ 30.963554694507209, -29.748008294376408 ], [ 30.963410621067307, -29.748220575234544 ], [ 30.963213730873893, -29.748102441114234 ], [ 30.961855191975769, -29.747137680743741 ], [ 30.961431878808781, -29.746802967904003 ], [ 30.961166076832164, -29.746547011043386 ], [ 30.960959342878333, -29.746222143222973 ], [ 30.960831365403308, -29.745857897289682 ], [ 30.960689076318445, -29.74538194308882 ], [ 30.960639148894593, -29.74517668687859 ], [ 30.960705718007507, -29.745021358655638 ], [ 30.960827762066767, -29.744910409706034 ], [ 30.960983091386588, -29.744893767233073 ], [ 30.961204988885854, -29.744899315009867 ], [ 30.961587762758541, -29.744976979058642 ], [ 30.962236813926101, -29.745104570416629 ], [ 30.962569660662663, -29.745187782345603 ], [ 30.962681752727111, -29.74465870875159 ], [ 30.96309032040617, -29.744758836315999 ] ] ] } },
{ "type": "Feature", "properties": { "EA_CODE": "59914190", "EA_TYPE": "Township", "White": 0.0, "Black_African": 1001.0, "Coloured": 5.0, "Indian_Asian": 0.0, "Other": 1.0, "area_km2": 0.093678, "sal2023_est": 1206.859913, "walk_typology": "Demand overcrowding", "walk_dist_k1_km": 1.2407043302993914, "exceeds_walk_k1_3km": false, "econ_status": "Non_Wealthy", "Ai_walk": 0.025149, "walk_snap_flag": false, "drive_typology": "Well-served", "walk_dist_k3_km": 8.7436677476427267, "PR_NAME": "KwaZulu-Natal", "MN_NAME": "Ethekwini", "SP_NAME": "KwaMashu J" }, "geometry": { "type": "Polygon", "coordinates": [ [ [ 30.970165496719105, -29.74167015975927 ], [ 30.970316281963388, -29.741828986906594 ], [ 30.97046706561386, -29.74196770930557 ], [ 30.970814876251573, -29.742200921642215 ], [ 30.970959628788531, -29.742299435198035 ], [ 30.971032005933207, -29.742345675384062 ], [ 30.971089185161901, -29.742368546780359 ], [ 30.971085606918823, -29.742374271780935 ], [ 30.971078590571636, -29.742384797251717 ], [ 30.970928901611032, -29.742559042947367 ], [ 30.970753487339156, -29.74277071120251 ], [ 30.970572224340422, -29.742937940760271 ], [ 30.970325472675977, -29.743074764616622 ], [ 30.969888103244962, -29.743294618719261 ], [ 30.969365364080542, -29.743550725676748 ], [ 30.969334786421243, -29.743566376620489 ], [ 30.968919853504165, -29.743778762635738 ], [ 30.968653245270936, -29.743371834028832 ], [ 30.968074946344153, -29.743603153603665 ], [ 30.967913449396338, -29.743684288400761 ], [ 30.967393379031574, -29.743786783764858 ], [ 30.967315223636742, -29.743800495304022 ], [ 30.967076781264517, -29.743672877889111 ], [ 30.966456404216682, -29.743373638419833 ], [ 30.965832378016966, -29.743085344554583 ], [ 30.965591526336404, -29.742975865838098 ], [ 30.96548934638102, -29.742910179784179 ], [ 30.965427309571592, -29.742735013628742 ], [ 30.965363662474921, -29.742457514715234 ], [ 30.965906325525022, -29.742359811079186 ], [ 30.966927986606802, -29.742186322309351 ], [ 30.96698104845478, -29.741879740716087 ], [ 30.967208742899864, -29.741841543163165 ], [ 30.967236991262709, -29.741834695340962 ], [ 30.967279791050281, -29.741825278808292 ], [ 30.967542581748788, -29.741786758831815 ], [ 30.967723198034655, -29.74175337499403 ], [ 30.967738605974496, -29.741742247050741 ], [ 30.967889260959403, -29.741716567298159 ], [ 30.967906381297336, -29.741721703089347 ], [ 30.968242789408816, -29.741666062872135 ], [ 30.96862884372954, -29.741601007444459 ], [ 30.968672500241187, -29.741592447201228 ], [ 30.968824011686205, -29.741496574644746 ], [ 30.968841988182771, -29.741466615100126 ], [ 30.968869380039429, -29.741459767428303 ], [ 30.968886500486263, -29.741456342583341 ], [ 30.969111627456041, -29.741315104412156 ], [ 30.969340178685055, -29.741171295920424 ], [ 30.969561026135466, -29.741032623875199 ], [ 30.969736966280507, -29.7409214482037 ], [ 30.969737269287645, -29.740922269280443 ], [ 30.969805625113811, -29.741079084678521 ], [ 30.969932284354318, -29.741326372192155 ], [ 30.970042858801826, -29.741507312891983 ], [ 30.970165496719105, -29.74167015975927 ] ] ] } },
{ "type": "Feature", "properties": { "EA_CODE": "59913903", "EA_TYPE": "Township", "White": 0.0, "Black_African": 993.0, "Coloured": 7.0, "Indian_Asian": 9.0, "Other": 1.0, "area_km2": 0.085198, "sal2023_est": 1210.455324, "walk_typology": "Demand overcrowding", "walk_dist_k1_km": 2.4238822090336503, "exceeds_walk_k1_3km": false, "econ_status": "Non_Wealthy", "Ai_walk": 0.012356, "walk_snap_flag": false, "drive_typology": "Well-served", "walk_dist_k3_km": 8.5632885239625143, "PR_NAME": "KwaZulu-Natal", "MN_NAME": "Ethekwini", "SP_NAME": "KwaMashu J" }, "geometry": { "type": "Polygon", "coordinates": [ [ [ 30.960303994438707, -29.742342495902641 ], [ 30.960451099141238, -29.74262269583603 ], [ 30.960612215268348, -29.742564320843123 ], [ 30.960731300199196, -29.742551479422016 ], [ 30.960777999691594, -29.742607519119733 ], [ 30.960780335541585, -29.742684574244617 ], [ 30.960769827478991, -29.742781476403948 ], [ 30.960818862372314, -29.742865537138282 ], [ 30.960827035086272, -29.742892388972493 ], [ 30.960788507250708, -29.742986957273363 ], [ 30.960780601042618, -29.743005030176946 ], [ 30.960807587367363, -29.743008267567522 ], [ 30.960936842651769, -29.743039083874866 ], [ 30.961179946828587, -29.743079315553924 ], [ 30.961289515055604, -29.743107564133904 ], [ 30.961349433725726, -29.743129819614872 ], [ 30.961413639641336, -29.743142724360599 ], [ 30.961524058219407, -29.743164916011484 ], [ 30.961824513325961, -29.743223979604359 ], [ 30.962001705467106, -29.743246236416361 ], [ 30.962035088787882, -29.743259076273759 ], [ 30.962162632709301, -29.743274483741594 ], [ 30.962302160878355, -29.743317283808985 ], [ 30.962498184326421, -29.743358372300587 ], [ 30.962716463857078, -29.743397747372615 ], [ 30.962863695454953, -29.743422570942059 ], [ 30.963087966621767, -29.743470507385812 ], [ 30.963097148063952, -29.743477557615282 ], [ 30.96303267590709, -29.743702034677227 ], [ 30.96281870079779, -29.743686839862111 ], [ 30.962743676818061, -29.743968182237275 ], [ 30.962687408054723, -29.744076967152285 ], [ 30.962623636609003, -29.744121981719708 ], [ 30.962402314597774, -29.744084469974993 ], [ 30.962218505408288, -29.744046956936835 ], [ 30.961899650776783, -29.74399068881463 ], [ 30.96152077733657, -29.743930668676477 ], [ 30.961336966616059, -29.743896907819131 ], [ 30.961089386270256, -29.743878152172687 ], [ 30.960864312095531, -29.74388190343247 ], [ 30.960620482586449, -29.743923167403231 ], [ 30.960379406253846, -29.743998485137762 ], [ 30.960083808366896, -29.744139461795605 ], [ 30.959810949507617, -29.744380488165234 ], [ 30.959660876048762, -29.744621512885494 ], [ 30.959469875547338, -29.745012612314099 ], [ 30.959328898412366, -29.74537642355979 ], [ 30.959192468577324, -29.745558330231432 ], [ 30.958955989902652, -29.745808450743592 ], [ 30.958746798309146, -29.746113144055087 ], [ 30.958555827830995, -29.746672883745308 ], [ 30.958504873041633, -29.746733392393207 ], [ 30.958386116502712, -29.746684671360519 ], [ 30.958292329875331, -29.746408748009983 ], [ 30.958290896172141, -29.746404128042634 ], [ 30.958282720373983, -29.746374171718529 ], [ 30.957928364845316, -29.745075770262055 ], [ 30.957870248829, -29.744956770975072 ], [ 30.957831505226384, -29.744898654851458 ], [ 30.957944969260058, -29.744680030419111 ], [ 30.958149758545737, -29.743628412918262 ], [ 30.958232779970345, -29.743279719337504 ], [ 30.958278621666619, -29.743093651735791 ], [ 30.958279826016916, -29.743088767045663 ], [ 30.958457005058293, -29.743202945356188 ], [ 30.958609948626847, -29.743298680427579 ], [ 30.958708017637939, -29.743334872678684 ], [ 30.958832941013426, -29.743354720168831 ], [ 30.958953193979927, -29.743358222751542 ], [ 30.95911430904631, -29.74332670027972 ], [ 30.959232226681497, -29.743276497123205 ], [ 30.959359484743967, -29.743186600447729 ], [ 30.959441209606496, -29.743089696896135 ], [ 30.959501919903193, -29.742956601946823 ], [ 30.959527605368034, -29.742856197369395 ], [ 30.959569635346078, -29.742608685595037 ], [ 30.9596163347619, -29.742402038364762 ], [ 30.959678213330918, -29.742263105172277 ], [ 30.959798465856057, -29.742103157942704 ], [ 30.960138208895607, -29.742138183439454 ], [ 30.960145214122775, -29.74230980555312 ], [ 30.960303994438707, -29.742342495902641 ] ] ] } },
{ "type": "Feature", "properties": { "EA_CODE": "59914184", "EA_TYPE": "Township", "White": 1.0, "Black_African": 1013.0, "Coloured": 1.0, "Indian_Asian": 0.0, "Other": 0.0, "area_km2": 0.089269, "sal2023_est": 1072.945072, "walk_typology": "Demand overcrowding", "walk_dist_k1_km": 1.859085244405839, "exceeds_walk_k1_3km": false, "econ_status": "Non_Wealthy", "Ai_walk": 0.020314, "walk_snap_flag": false, "drive_typology": "Well-served", "walk_dist_k3_km": 8.0386562311979031, "PR_NAME": "KwaZulu-Natal", "MN_NAME": "Ethekwini", "SP_NAME": "KwaMashu J" }, "geometry": { "type": "Polygon", "coordinates": [ [ [ 30.958504873041633, -29.746733392393207 ], [ 30.958576185550086, -29.746762647720395 ], [ 30.958868599245818, -29.746796762628875 ], [ 30.959102530226488, -29.746801635830916 ], [ 30.959135790300689, -29.747007345340776 ], [ 30.959196811752996, -29.747207054292627 ], [ 30.959230097241697, -29.747356835012976 ], [ 30.959341045817446, -29.747501069388552 ], [ 30.95952063428118, -29.747685357893697 ], [ 30.959824618410767, -29.747896284793089 ], [ 30.960109989669682, -29.748076192967684 ], [ 30.960370547549093, -29.748163046062309 ], [ 30.96069314132118, -29.748367769248262 ], [ 30.961096383980539, -29.748615918416391 ], [ 30.961425182129236, -29.748864068442902 ], [ 30.961629905311501, -29.749143236068377 ], [ 30.961766387239091, -29.749366571263625 ], [ 30.961962574656518, -29.749799189675119 ], [ 30.961474262760046, -29.749892009390805 ], [ 30.961252316609809, -29.749926534785093 ], [ 30.961025435622755, -29.74992653474645 ], [ 30.960463169037233, -29.749818026977628 ], [ 30.959876241326242, -29.749674994260999 ], [ 30.95937996662575, -29.749576131621382 ], [ 30.958788702338786, -29.749441455371983 ], [ 30.958512778841261, -29.74940860708702 ], [ 30.958141595755333, -29.749398753090393 ], [ 30.957865672597141, -29.74939875298956 ], [ 30.957806545688761, -29.749398753101197 ], [ 30.957770413030456, -29.749733802796747 ], [ 30.957730995575194, -29.749953884989193 ], [ 30.957473305606882, -29.749883605918683 ], [ 30.957491676431101, -29.749559830257191 ], [ 30.957461047930412, -29.749503284654825 ], [ 30.957451624509002, -29.749404331329785 ], [ 30.957458692074272, -29.749336005611589 ], [ 30.957470472402523, -29.749291240932784 ], [ 30.957534085382335, -29.749248832011546 ], [ 30.957560002106217, -29.749029720364458 ], [ 30.957661312397825, -29.74875170735228 ], [ 30.957708873900284, -29.748633556262533 ], [ 30.957764619083171, -29.748648513439854 ], [ 30.957790367637443, -29.748597014207231 ], [ 30.957828082307774, -29.748501015125907 ], [ 30.957850935038209, -29.748444334879274 ], [ 30.957847544638973, -29.748439577924202 ], [ 30.957837273512798, -29.748416465553721 ], [ 30.957751674507815, -29.748216161682933 ], [ 30.957661794230859, -29.747998737767219 ], [ 30.957538530399265, -29.747658907219968 ], [ 30.95747005010687, -29.747507394860595 ], [ 30.95741012985938, -29.747348179607808 ], [ 30.957374178178814, -29.747255732116436 ], [ 30.957365618083848, -29.747185539885681 ], [ 30.957368185689187, -29.747164995869564 ], [ 30.957513706161681, -29.747105075758302 ], [ 30.957636970366764, -29.74701091562633 ], [ 30.957728602250903, -29.746949477197063 ], [ 30.95775617529149, -29.74690899518518 ], [ 30.957921524276799, -29.746820100209504 ], [ 30.95792800945614, -29.746815748690029 ], [ 30.958033297379227, -29.746779797174465 ], [ 30.958118040694728, -29.746722445380531 ], [ 30.95815912881897, -29.746683069137589 ], [ 30.958162343061822, -29.746676051021044 ], [ 30.958185691245383, -29.746487467243337 ], [ 30.958282720373983, -29.746374171718529 ], [ 30.958290896172141, -29.746404128042634 ], [ 30.958292329875331, -29.746408748009983 ], [ 30.958386116502712, -29.746684671360519 ], [ 30.958504873041633, -29.746733392393207 ] ] ] } },
{ "type": "Feature", "properties": { "EA_CODE": "59914196", "EA_TYPE": "Township", "White": 0.0, "Black_African": 963.0, "Coloured": 0.0, "Indian_Asian": 0.0, "Other": 0.0, "area_km2": 0.270233, "sal2023_est": 1154.127205, "walk_typology": "Demand overcrowding", "walk_dist_k1_km": 1.9028773159263599, "exceeds_walk_k1_3km": false, "econ_status": "Non_Wealthy", "Ai_walk": 0.022616, "walk_snap_flag": false, "drive_typology": "Well-served", "walk_dist_k3_km": 9.5841124379035847, "PR_NAME": "KwaZulu-Natal", "MN_NAME": "Ethekwini", "SP_NAME": "KwaMashu N" }, "geometry": { "type": "Polygon", "coordinates": [ [ [ 30.967866338051149, -29.734682233386689 ], [ 30.967949749421152, -29.734720679994208 ], [ 30.968040471641483, -29.734767050191547 ], [ 30.968153370783931, -29.734788217623574 ], [ 30.968253166792202, -29.734936398656725 ], [ 30.968514247263524, -29.735390013926992 ], [ 30.968675532731126, -29.735652102776797 ], [ 30.968420499673329, -29.735779114975394 ], [ 30.967665483362971, -29.736134950564381 ], [ 30.967697740092778, -29.736209545698014 ], [ 30.967810640567489, -29.736386959568087 ], [ 30.967836848920786, -29.736429296992242 ], [ 30.967873137907727, -29.736448449901662 ], [ 30.967838865554029, -29.736637959918422 ], [ 30.967656410892921, -29.736717594865411 ], [ 30.967784431103727, -29.736882912372071 ], [ 30.968026359002909, -29.737163144859213 ], [ 30.96819671682649, -29.737313341571458 ], [ 30.968478966207609, -29.737555269985727 ], [ 30.968660412410237, -29.737685306909526 ], [ 30.968851939597595, -29.737823406576894 ], [ 30.968972902930432, -29.737840544125195 ], [ 30.969218862958904, -29.737979652029562 ], [ 30.969512226648508, -29.738129861140141 ], [ 30.969638204768703, -29.738194364186512 ], [ 30.970125085573166, -29.738436292191217 ], [ 30.970321651230012, -29.738517941810453 ], [ 30.970591804109109, -29.738594553174178 ], [ 30.970842804671356, -29.738638906384388 ], [ 30.971014169715883, -29.738701404112575 ], [ 30.971042509500847, -29.738721508844534 ], [ 30.97104903738305, -29.738760672737055 ], [ 30.971080367954716, -29.738754146168418 ], [ 30.971120837120488, -29.738759367683517 ], [ 30.971144336471365, -29.738773728181858 ], [ 30.971178278471335, -29.738784171986609 ], [ 30.971218746897595, -29.738786783069234 ], [ 30.971235718000752, -29.738795920594804 ], [ 30.971270966322916, -29.738819418695389 ], [ 30.971244857455922, -29.738841612266889 ], [ 30.971217442378652, -29.738849445396028 ], [ 30.971182193770375, -29.738859889104958 ], [ 30.971192637819364, -29.738893830724002 ], [ 30.971240939941705, -29.738913412987152 ], [ 30.971280103650962, -29.7389186349229 ], [ 30.971303603198876, -29.738952577163197 ], [ 30.971331016652453, -29.73897215891602 ], [ 30.971372792236949, -29.738990434663052 ], [ 30.971391069277335, -29.739017850045585 ], [ 30.971415873404275, -29.73904134921851 ], [ 30.971460259611248, -29.739064846640137 ], [ 30.971496812354115, -29.739080512956185 ], [ 30.971534670390309, -29.739109232706138 ], [ 30.971573833906483, -29.739149701572128 ], [ 30.971652162362407, -29.739162757413762 ], [ 30.971738322806303, -29.73915623038177 ], [ 30.971780097987931, -29.739169284255439 ], [ 30.971827095147908, -29.739162757120013 ], [ 30.971867564361844, -29.739169283602031 ], [ 30.971900201285884, -29.739177117253977 ], [ 30.971932838282566, -29.739195394386996 ], [ 30.972011166519628, -29.739199309933124 ], [ 30.972060773286401, -29.739198005337311 ], [ 30.972101243121173, -29.739198004770589 ], [ 30.972135185046863, -29.73925805624615 ], [ 30.972135234626911, -29.739258291820974 ], [ 30.971795181773615, -29.73948840299559 ], [ 30.971658222407701, -29.739574858890609 ], [ 30.971542662166808, -29.739645906720273 ], [ 30.971451926243105, -29.739739210890576 ], [ 30.971307263171418, -29.739842787329511 ], [ 30.971270455585021, -29.739842786668312 ], [ 30.971231935230652, -29.739875313625664 ], [ 30.971206255546296, -29.739913833789231 ], [ 30.971056455137848, -29.740018265661689 ], [ 30.970946887251625, -29.740085034315921 ], [ 30.970934902793626, -29.740102154009342 ], [ 30.970738023787941, -29.7402391136266 ], [ 30.970637872212855, -29.740305882117344 ], [ 30.970565967989156, -29.740292185584721 ], [ 30.970513752330458, -29.740307593668106 ], [ 30.970471807784627, -29.74034525758297 ], [ 30.97045040789774, -29.740392336612771 ], [ 30.970363953112159, -29.740498480682366 ], [ 30.970249249641999, -29.740571241429709 ], [ 30.970150809465107, -29.740616608748098 ], [ 30.970089177488848, -29.740672249201744 ], [ 30.970003577459174, -29.740651704986984 ], [ 30.969920545034075, -29.740656840787473 ], [ 30.969862338035046, -29.740840881290637 ], [ 30.969840081863005, -29.740856288593093 ], [ 30.969737082151696, -29.740921374414086 ], [ 30.969513273076469, -29.739848374388597 ], [ 30.969482919343118, -29.739605540421618 ], [ 30.969384268239796, -29.739468946206248 ], [ 30.969141434452901, -29.739241288813769 ], [ 30.96886065755854, -29.739066751953104 ], [ 30.968541937102284, -29.738975688845837 ], [ 30.968139743513742, -29.738869449091219 ], [ 30.967646486094974, -29.738649380795405 ], [ 30.9672291153557, -29.738467254973486 ], [ 30.966401962015436, -29.738839094997733 ], [ 30.966045298581033, -29.739043985626857 ], [ 30.965741757011603, -29.739271643005512 ], [ 30.965491334345586, -29.739476534641526 ], [ 30.965096729279566, -29.739795253699818 ], [ 30.964884249048112, -29.739886317237666 ], [ 30.964588294719086, -29.739886316848182 ], [ 30.964140570479341, -29.739840785853559 ], [ 30.963905324344179, -29.739833197313633 ], [ 30.963677666881853, -29.739969791152244 ], [ 30.963715610306629, -29.739393060068579 ], [ 30.96363213604409, -29.739241288721544 ], [ 30.963389301949839, -29.738952923617589 ], [ 30.963229942345531, -29.738611438392706 ], [ 30.963282158730163, -29.738148010720092 ], [ 30.96331268308472, -29.738169442554593 ], [ 30.963477552401681, -29.738237541025004 ], [ 30.9636639258302, -29.738276966308277 ], [ 30.963848507630594, -29.738275173861574 ], [ 30.964025922620639, -29.738232165408284 ], [ 30.964511570504396, -29.737920346026783 ], [ 30.964712280777675, -29.737780566423783 ], [ 30.964755291191981, -29.737725012091605 ], [ 30.964792923803234, -29.737563727063403 ], [ 30.964721241610466, -29.737282372568252 ], [ 30.964522323342969, -29.736986683104984 ], [ 30.964362830184786, -29.73691141713736 ], [ 30.964171079526881, -29.736805685264908 ], [ 30.963945280119589, -29.736751923920764 ], [ 30.963210535037344, -29.736527915844711 ], [ 30.963083299082477, -29.736479531143608 ], [ 30.962993695672495, -29.736423976584238 ], [ 30.962825914438575, -29.736331517905104 ], [ 30.963260377196246, -29.736007939213046 ], [ 30.963315818989933, -29.73597265803204 ], [ 30.963348076099773, -29.735987777753255 ], [ 30.963450895289888, -29.735908143974829 ], [ 30.963634356674202, -29.735792219677755 ], [ 30.963772458156974, -29.735689399993952 ], [ 30.963983137175703, -29.735492834146303 ], [ 30.964198856284323, -29.735350700696966 ], [ 30.96453352322775, -29.735126917979589 ], [ 30.964546628597549, -29.735112804702535 ], [ 30.964551667746274, -29.735096677229791 ], [ 30.96470287287514, -29.735012001613907 ], [ 30.965176649400021, -29.734685398956195 ], [ 30.96516757616148, -29.734586611717702 ], [ 30.965157496299081, -29.734520082184115 ], [ 30.965129271382402, -29.734432383430853 ], [ 30.965310717019783, -29.734369885417781 ], [ 30.965355069925714, -29.734361820248541 ], [ 30.965539540701073, -29.734324523342838 ], [ 30.965831869708556, -29.734324523234012 ], [ 30.966355040121435, -29.734347707930546 ], [ 30.966750188738047, -29.734369884830738 ], [ 30.967047558883053, -29.734413230062156 ], [ 30.967268318601104, -29.734471695943036 ], [ 30.967514278095219, -29.734557378658856 ], [ 30.967820719690952, -29.734661206224814 ], [ 30.967866338051149, -29.734682233386689 ] ] ] } },
{ "type": "Feature", "properties": { "EA_CODE": "59913904", "EA_TYPE": "Township", "White": 11.0, "Black_African": 1037.0, "Coloured": 5.0, "Indian_Asian": 0.0, "Other": 4.0, "area_km2": 0.445581, "sal2023_est": 1266.783443, "walk_typology": "Demand overcrowding", "walk_dist_k1_km": 2.087481907527585, "exceeds_walk_k1_3km": false, "econ_status": "Non_Wealthy", "Ai_walk": 0.021398, "walk_snap_flag": false, "drive_typology": "Well-served", "walk_dist_k3_km": 9.3108407413552907, "PR_NAME": "KwaZulu-Natal", "MN_NAME": "Ethekwini", "SP_NAME": "KwaMashu N" }, "geometry": { "type": "Polygon", "coordinates": [ [ [ 30.963282158730163, -29.738148010720092 ], [ 30.963229942345531, -29.738611438392706 ], [ 30.963389301949839, -29.738952923617589 ], [ 30.96363213604409, -29.739241288721544 ], [ 30.963715610306629, -29.739393060068579 ], [ 30.963677666881853, -29.739969791152244 ], [ 30.963905324344179, -29.739833197313633 ], [ 30.964140570479341, -29.739840785853559 ], [ 30.964588294719086, -29.739886316848182 ], [ 30.964884249048112, -29.739886317237666 ], [ 30.965096729279566, -29.739795253699818 ], [ 30.965491334345586, -29.739476534641526 ], [ 30.965741757011603, -29.739271643005512 ], [ 30.966045298581033, -29.739043985626857 ], [ 30.966401962015436, -29.738839094997733 ], [ 30.9672291153557, -29.738467254973486 ], [ 30.967646486094974, -29.738649380795405 ], [ 30.968139743513742, -29.738869449091219 ], [ 30.968541937102284, -29.738975688845837 ], [ 30.96886065755854, -29.739066751953104 ], [ 30.969141434452901, -29.739241288813769 ], [ 30.969384268239796, -29.739468946206248 ], [ 30.969482919343118, -29.739605540421618 ], [ 30.969513273076469, -29.739848374388597 ], [ 30.969737082151696, -29.740921374414086 ], [ 30.969736966280507, -29.7409214482037 ], [ 30.969561026135466, -29.741032623875199 ], [ 30.969340178685055, -29.741171295920424 ], [ 30.969111627456041, -29.741315104412156 ], [ 30.968886500486263, -29.741456342583341 ], [ 30.968869380039429, -29.741459767428303 ], [ 30.968841988182771, -29.741466615100126 ], [ 30.968824011686205, -29.741496574644746 ], [ 30.968672500241187, -29.741592447201228 ], [ 30.96862884372954, -29.741601007444459 ], [ 30.968242789408816, -29.741666062872135 ], [ 30.967906381297336, -29.741721703089347 ], [ 30.967889260959403, -29.741716567298159 ], [ 30.967738605974496, -29.741742247050741 ], [ 30.967723198034655, -29.74175337499403 ], [ 30.967542581748788, -29.741786758831815 ], [ 30.967279791050281, -29.741825278808292 ], [ 30.967236991262709, -29.741834695340962 ], [ 30.967208742899864, -29.741841543163165 ], [ 30.96698104845478, -29.741879740716087 ], [ 30.966948518621031, -29.741885198183585 ], [ 30.966577872290742, -29.741948542334942 ], [ 30.966187536888878, -29.742015309560312 ], [ 30.965982952693647, -29.742049549581374 ], [ 30.965775802271104, -29.742084646020192 ], [ 30.965672226482457, -29.742098341587642 ], [ 30.96563541857455, -29.742109469799416 ], [ 30.965565226542275, -29.742122310251883 ], [ 30.965374338503029, -29.742153125838126 ], [ 30.965005402752261, -29.742215613901397 ], [ 30.964567132522042, -29.742288374133288 ], [ 30.964413052335576, -29.742321758002735 ], [ 30.964263252899968, -29.7423637017889 ], [ 30.964125437590511, -29.742414205148613 ], [ 30.963982485513792, -29.742479261333163 ], [ 30.963864357471319, -29.742543460879624 ], [ 30.963742806563598, -29.742621356923102 ], [ 30.963570750415339, -29.742756604736503 ], [ 30.9633969824594, -29.742932084211628 ], [ 30.963291695341706, -29.743066476313317 ], [ 30.963224926967474, -29.743170908028819 ], [ 30.963150455573597, -29.743312148417594 ], [ 30.963087966621767, -29.743470507385812 ], [ 30.962863695454953, -29.743422570942059 ], [ 30.962716463857078, -29.743397747372615 ], [ 30.962498184326421, -29.743358372300587 ], [ 30.962302160878355, -29.743317283808985 ], [ 30.962162632709301, -29.743274483741594 ], [ 30.962035088787882, -29.743259076273759 ], [ 30.962001705467106, -29.743246236416361 ], [ 30.961824513325961, -29.743223979604359 ], [ 30.961524058219407, -29.743164916011484 ], [ 30.961413639641336, -29.743142724360599 ], [ 30.961349433725726, -29.743129819614872 ], [ 30.961289515055604, -29.743107564133904 ], [ 30.961179946828587, -29.743079315553924 ], [ 30.960936842651769, -29.743039083874866 ], [ 30.960807587367363, -29.743008267567522 ], [ 30.960780601042618, -29.743005030176946 ], [ 30.960788507250708, -29.742986957273363 ], [ 30.960827035086272, -29.742892388972493 ], [ 30.960818862372314, -29.742865537138282 ], [ 30.960769827478991, -29.742781476403948 ], [ 30.960780335541585, -29.742684574244617 ], [ 30.960777999691594, -29.742607519119733 ], [ 30.960731300199196, -29.742551479422016 ], [ 30.960612215268348, -29.742564320843123 ], [ 30.960451099141238, -29.74262269583603 ], [ 30.960303994438707, -29.742342495902641 ], [ 30.960145214122775, -29.74230980555312 ], [ 30.960138208895607, -29.742138183439454 ], [ 30.959798465856057, -29.742103157942704 ], [ 30.959678213330918, -29.742263105172277 ], [ 30.9596163347619, -29.742402038364762 ], [ 30.959569635346078, -29.742608685595037 ], [ 30.959527605368034, -29.742856197369395 ], [ 30.959501919903193, -29.742956601946823 ], [ 30.959441209606496, -29.743089696896135 ], [ 30.959359484743967, -29.743186600447729 ], [ 30.959232226681497, -29.743276497123205 ], [ 30.95911430904631, -29.74332670027972 ], [ 30.958953193979927, -29.743358222751542 ], [ 30.958832941013426, -29.743354720168831 ], [ 30.958708017637939, -29.743334872678684 ], [ 30.958609948626847, -29.743298680427579 ], [ 30.958457005058293, -29.743202945356188 ], [ 30.958279826016916, -29.743088767045663 ], [ 30.958278621666619, -29.743093651735791 ], [ 30.958278508177525, -29.74309326122555 ], [ 30.958412163357742, -29.742429299018163 ], [ 30.958446653835004, -29.742077915569585 ], [ 30.958433720541148, -29.741791204737595 ], [ 30.958448809661206, -29.741756714167451 ], [ 30.958565219444903, -29.74161874826536 ], [ 30.958629891473002, -29.741260898066251 ], [ 30.958638513902141, -29.741045325949287 ], [ 30.958890733300457, -29.741017301343945 ], [ 30.95903301142285, -29.74091598241214 ], [ 30.958795881514835, -29.740502083830116 ], [ 30.958461743680417, -29.73985536668965 ], [ 30.958918757184453, -29.73963979467953 ], [ 30.958970494795459, -29.739609615330842 ], [ 30.958815283092079, -29.739426379443579 ], [ 30.958832528489033, -29.739350928808843 ], [ 30.958948936611343, -29.73846277135468 ], [ 30.959095526329389, -29.737352574589259 ], [ 30.959097682423145, -29.737214608997711 ], [ 30.959106094518976, -29.737130495573386 ], [ 30.959418355634494, -29.737079220240151 ], [ 30.959418396652104, -29.73707921270136 ], [ 30.959741107683126, -29.737029693114824 ], [ 30.959631791898136, -29.737828950878754 ], [ 30.959506347924606, -29.73881995996808 ], [ 30.95982891882489, -29.738911354702743 ], [ 30.959839671596356, -29.738861178081702 ], [ 30.960217795700739, -29.738950780846583 ], [ 30.960565455501623, -29.738936444393541 ], [ 30.960627658618836, -29.738933409964556 ], [ 30.960804610597194, -29.738946299770046 ], [ 30.960903030227104, -29.738279640733825 ], [ 30.960929028225056, -29.737819106677708 ], [ 30.960916029327798, -29.737683547004298 ], [ 30.960804682820186, -29.737338159974385 ], [ 30.960837848144337, -29.737147969341237 ], [ 30.961226725422758, -29.737081662863599 ], [ 30.961656820449114, -29.73701714825394 ], [ 30.961683700877078, -29.737044028717289 ], [ 30.96215501253204, -29.737298501713855 ], [ 30.96261377876975, -29.73757268668313 ], [ 30.962977567671377, -29.737807446567579 ], [ 30.962938141607815, -29.737904218194029 ], [ 30.963144228884214, -29.738051167124166 ], [ 30.963282158730163, -29.738148010720092 ] ] ] } },
{ "type": "Feature", "properties": { "EA_CODE": "59914414", "EA_TYPE": "Township", "White": 0.0, "Black_African": 835.0, "Coloured": 0.0, "Indian_Asian": 0.0, "Other": 9.0, "area_km2": 0.045406, "sal2023_est": 907.063743, "walk_typology": "Demand overcrowding", "walk_dist_k1_km": 2.6516301530153288, "exceeds_walk_k1_3km": false, "econ_status": "Non_Wealthy", "Ai_walk": 0.012027, "walk_snap_flag": false, "drive_typology": "Well-served", "walk_dist_k3_km": 8.0911329542190096, "PR_NAME": "KwaZulu-Natal", "MN_NAME": "Ethekwini", "SP_NAME": "Emlanjeni" }, "geometry": { "type": "Polygon", "coordinates": [ [ [ 30.974967672465475, -29.750275144777202 ], [ 30.974680725985767, -29.75041255593732 ], [ 30.97444762798812, -29.750623662742729 ], [ 30.974306891193361, -29.75064785169387 ], [ 30.974075991735027, -29.7504719290907 ], [ 30.973906683290259, -29.750617353736651 ], [ 30.973625190658456, -29.750361977874515 ], [ 30.97318538486185, -29.750753404780017 ], [ 30.973095225606151, -29.750828172380764 ], [ 30.972754375325447, -29.751131639085571 ], [ 30.97253227327904, -29.751294367287354 ], [ 30.972149641992576, -29.751523065970652 ], [ 30.971910524338931, -29.751658685435174 ], [ 30.972063705416296, -29.75137321080414 ], [ 30.972690354048446, -29.750579456150597 ], [ 30.972335253357308, -29.750523754274141 ], [ 30.972116436484583, -29.75039090076319 ], [ 30.972703486313886, -29.749917998835333 ], [ 30.974024845086319, -29.748866063050375 ], [ 30.974912354401347, -29.748162791936512 ], [ 30.974977519235384, -29.748122626008101 ], [ 30.97504288816846, -29.748486239012877 ], [ 30.975312317464144, -29.749209096798658 ], [ 30.975024170556054, -29.749490979183026 ], [ 30.974831695249204, -29.749709884370603 ], [ 30.974775905780696, -29.749762391226771 ], [ 30.974782469343396, -29.749803958590789 ], [ 30.974780282566499, -29.749943978167909 ], [ 30.974786241029573, -29.750084446740509 ], [ 30.974867413481721, -29.750167548707545 ], [ 30.974942142236166, -29.750247746434638 ], [ 30.974967672465475, -29.750275144777202 ] ] ] } },
{ "type": "Feature", "properties": { "EA_CODE": "59914445", "EA_TYPE": "Township", "White": 0.0, "Black_African": 835.0, "Coloured": 0.0, "Indian_Asian": 0.0, "Other": 9.0, "area_km2": 0.094951, "sal2023_est": 907.063743, "walk_typology": "Demand overcrowding", "walk_dist_k1_km": 1.0172785381836211, "exceeds_walk_k1_3km": false, "econ_status": "Non_Wealthy", "Ai_walk": 0.025655, "walk_snap_flag": false, "drive_typology": "Well-served", "walk_dist_k3_km": 7.0631639460234537, "PR_NAME": "KwaZulu-Natal", "MN_NAME": "Ethekwini", "SP_NAME": "Emlanjeni" }, "geometry": { "type": "Polygon", "coordinates": [ [ [ 30.970565996375001, -29.752831717193413 ], [ 30.970514348525022, -29.752784027614197 ], [ 30.970318004293578, -29.752952323173513 ], [ 30.970554190235639, -29.753172478784684 ], [ 30.970675776330225, -29.753328704360612 ], [ 30.970798254463961, -29.753438933973051 ], [ 30.971052397406712, -29.753778811996845 ], [ 30.970905422903158, -29.753833926990101 ], [ 30.970782944632603, -29.753934972168818 ], [ 30.970559420904554, -29.754029891895193 ], [ 30.970670532713804, -29.754288227846441 ], [ 30.970387994333773, -29.754337822785509 ], [ 30.96995693217648, -29.754443474595671 ], [ 30.969728723311739, -29.754553353565942 ], [ 30.969099035592265, -29.754988640708984 ], [ 30.968744043657249, -29.755335180812811 ], [ 30.968625712702359, -29.755592972043132 ], [ 30.968600477588051, -29.755769625570526 ], [ 30.968357068840071, -29.755704638795436 ], [ 30.968145096692808, -29.755617472235773 ], [ 30.96798661329591, -29.755532286986369 ], [ 30.967816243505062, -29.755409462278887 ], [ 30.967695398715907, -29.755270788802548 ], [ 30.967598328239696, -29.755134097163513 ], [ 30.967554745301481, -29.755015233780956 ], [ 30.967499274672146, -29.754815148004099 ], [ 30.967485408247054, -29.754696285313941 ], [ 30.967501255780945, -29.754516009916749 ], [ 30.96755276396464, -29.754309980674225 ], [ 30.967616156665304, -29.754185174785306 ], [ 30.967638575608014, -29.754147236139588 ], [ 30.967693417631281, -29.754054425901195 ], [ 30.967873693560954, -29.753866227082078 ], [ 30.968345181766431, -29.753410585695899 ], [ 30.96861922087297, -29.753166535983443 ], [ 30.968870160353706, -29.752943059042082 ], [ 30.969452587729098, -29.752376478620402 ], [ 30.969617014952444, -29.752253654029268 ], [ 30.969983508804813, -29.752065455329486 ], [ 30.970641215792821, -29.751560288385008 ], [ 30.970855269150473, -29.751393992216482 ], [ 30.971138459209715, -29.751173983227432 ], [ 30.972061627141596, -29.750435052786866 ], [ 30.972116436484583, -29.75039090076319 ], [ 30.972335253357308, -29.750523754274141 ], [ 30.972690354048446, -29.750579456150597 ], [ 30.972063705416296, -29.75137321080414 ], [ 30.971910524338931, -29.751658685435174 ], [ 30.970565996375001, -29.752831717193413 ] ] ] } },
{ "type": "Feature", "properties": { "EA_CODE": "59914412", "EA_TYPE": "Township", "White": 0.0, "Black_African": 908.0, "Coloured": 0.0, "Indian_Asian": 0.0, "Other": 0.0, "area_km2": 0.100624, "sal2023_est": 975.845828, "walk_typology": "Demand overcrowding", "walk_dist_k1_km": 2.2754774713795403, "exceeds_walk_k1_3km": false, "econ_status": "Non_Wealthy", "Ai_walk": 0.014252, "walk_snap_flag": false, "drive_typology": "Well-served", "walk_dist_k3_km": 7.9630465526693568, "PR_NAME": "KwaZulu-Natal", "MN_NAME": "Ethekwini", "SP_NAME": "Emlanjeni" }, "geometry": { "type": "Polygon", "coordinates": [ [ [ 30.98701431113416, -29.748966703386959 ], [ 30.987017236116795, -29.748973314165983 ], [ 30.986892988248734, -29.749079591342465 ], [ 30.986720381412123, -29.749148634253611 ], [ 30.986399066504983, -29.749225642776008 ], [ 30.986061818288292, -29.749191122174668 ], [ 30.985886899267797, -29.749124196570815 ], [ 30.98551086956985, -29.749025242125093 ], [ 30.98507546643534, -29.749074719622431 ], [ 30.984372884348641, -29.749114302149529 ], [ 30.984382780011536, -29.749609078324148 ], [ 30.984212232405639, -29.749594123873266 ], [ 30.98379181271828, -29.749555115597385 ], [ 30.983462413240641, -29.749516107946341 ], [ 30.98318069028554, -29.749468431981025 ], [ 30.982955310918282, -29.749524776178948 ], [ 30.982803700603579, -29.74962946085062 ], [ 30.983209607939763, -29.749986380155516 ], [ 30.98207836324503, -29.750585715810516 ], [ 30.981523107428352, -29.750868213794956 ], [ 30.981084746815032, -29.75100459262455 ], [ 30.98074092660751, -29.751081711802737 ], [ 30.980738646061244, -29.751077255580185 ], [ 30.980609055610188, -29.750879203814062 ], [ 30.980489247363469, -29.750700712806243 ], [ 30.980480478586788, -29.75064300184895 ], [ 30.980180402635117, -29.750204546826136 ], [ 30.979420199023302, -29.750383841401824 ], [ 30.979298278712175, -29.750010910308834 ], [ 30.979369996998635, -29.749480201857565 ], [ 30.97967120992385, -29.748942320683494 ], [ 30.980474445276904, -29.749035553766294 ], [ 30.980962122875159, -29.74907858361242 ], [ 30.981349396893311, -29.749078584056853 ], [ 30.98165061032871, -29.748899290756555 ], [ 30.982102429167156, -29.748641107672103 ], [ 30.982446673076446, -29.74845464315829 ], [ 30.982539904818033, -29.748347066804939 ], [ 30.982583885875194, -29.748222159650233 ], [ 30.983248479495664, -29.748444630210631 ], [ 30.984061468180609, -29.748615785439537 ], [ 30.9847757126471, -29.748638825302674 ], [ 30.985137773088891, -29.748602618573422 ], [ 30.985759857116534, -29.748470961018764 ], [ 30.986227244208223, -29.748303097167341 ], [ 30.986707585735981, -29.748042853188696 ], [ 30.98671870230158, -29.748071966710874 ], [ 30.986877483787499, -29.748657475240517 ], [ 30.98701431113416, -29.748966703386959 ] ] ] } },
{ "type": "Feature", "properties": { "EA_CODE": "59914407", "EA_TYPE": "Township", "White": 2.0, "Black_African": 929.0, "Coloured": 0.0, "Indian_Asian": 3.0, "Other": 0.0, "area_km2": 0.116697, "sal2023_est": 1003.78855, "walk_typology": "Demand overcrowding", "walk_dist_k1_km": 2.7348922664364093, "exceeds_walk_k1_3km": false, "econ_status": "Non_Wealthy", "Ai_walk": 0.012417, "walk_snap_flag": false, "drive_typology": "Well-served", "walk_dist_k3_km": 7.5770861766059996, "PR_NAME": "KwaZulu-Natal", "MN_NAME": "Ethekwini", "SP_NAME": "Emlanjeni" }, "geometry": { "type": "Polygon", "coordinates": [ [ [ 30.982430759976509, -29.753030951850462 ], [ 30.982531148294186, -29.753206629741634 ], [ 30.982671691125635, -29.753382309254825 ], [ 30.982997950995557, -29.753854130974826 ], [ 30.983341246190058, -29.754492818199875 ], [ 30.983290743521614, -29.754514769124405 ], [ 30.982858034809858, -29.754696649138694 ], [ 30.982470499632981, -29.754861885668049 ], [ 30.982189952831487, -29.754958175135577 ], [ 30.981841646877065, -29.75505803084425 ], [ 30.981055878138481, -29.755279140303301 ], [ 30.980536391599628, -29.755433679098012 ], [ 30.98010011690328, -29.7555525539954 ], [ 30.979858799385397, -29.755625068933831 ], [ 30.979385550932996, -29.755760844194231 ], [ 30.979383784861163, -29.755761350794991 ], [ 30.978828146343833, -29.754252209890556 ], [ 30.979325157472388, -29.753899492743081 ], [ 30.97918888031051, -29.753602890000266 ], [ 30.979060619189749, -29.753410497967785 ], [ 30.978683853326068, -29.753065796998801 ], [ 30.979116732812887, -29.752689031007201 ], [ 30.979461433794562, -29.75245655818248 ], [ 30.980126787446178, -29.752256150662561 ], [ 30.981000495904546, -29.751981056054728 ], [ 30.981467315369457, -29.752397602880787 ], [ 30.98222859068154, -29.752885967737299 ], [ 30.982430759976509, -29.753030951850462 ] ] ] } },
{ "type": "Feature", "properties": { "EA_CODE": "59914410", "EA_TYPE": "Township", "White": 1.0, "Black_African": 985.0, "Coloured": 1.0, "Indian_Asian": 5.0, "Other": 0.0, "area_km2": 0.085429, "sal2023_est": 1066.122314, "walk_typology": "Demand overcrowding", "walk_dist_k1_km": 2.5623844289384858, "exceeds_walk_k1_3km": false, "econ_status": "Non_Wealthy", "Ai_walk": 0.012428, "walk_snap_flag": false, "drive_typology": "Well-served", "walk_dist_k3_km": 7.6931282789076256, "PR_NAME": "KwaZulu-Natal", "MN_NAME": "Ethekwini", "SP_NAME": "Emlanjeni" }, "geometry": { "type": "Polygon", "coordinates": [ [ [ 30.98074092660751, -29.751081711802737 ], [ 30.980846229678551, -29.751287533290622 ], [ 30.980890240956032, -29.751517372116506 ], [ 30.980890809487903, -29.751522080033684 ], [ 30.980893103016729, -29.751541088690097 ], [ 30.980924473083828, -29.751801001788106 ], [ 30.981000495904546, -29.751981056054728 ], [ 30.980126787446178, -29.752256150662561 ], [ 30.979461433794562, -29.75245655818248 ], [ 30.979116732812887, -29.752689031007201 ], [ 30.978683853326068, -29.753065796998801 ], [ 30.978292874907073, -29.752675965034097 ], [ 30.977834125232718, -29.753033732044241 ], [ 30.977320847507915, -29.752515397848608 ], [ 30.976206815536017, -29.751390390267151 ], [ 30.976375157610324, -29.751262129021626 ], [ 30.976968364600406, -29.75108577140643 ], [ 30.978587656958783, -29.750580742970534 ], [ 30.979420199023302, -29.750383841401824 ], [ 30.980180402635117, -29.750204546826136 ], [ 30.980480478586788, -29.75064300184895 ], [ 30.980489247363469, -29.750700712806243 ], [ 30.980609055610188, -29.750879203814062 ], [ 30.980738646061244, -29.751077255580185 ], [ 30.98074092660751, -29.751081711802737 ] ] ] } },
{ "type": "Feature", "properties": { "EA_CODE": "59914406", "EA_TYPE": "Township", "White": 0.0, "Black_African": 995.0, "Coloured": 0.0, "Indian_Asian": 1.0, "Other": 1.0, "area_km2": 0.076932, "sal2023_est": 1071.495915, "walk_typology": "Demand overcrowding", "walk_dist_k1_km": 2.3116848903217084, "exceeds_walk_k1_3km": false, "econ_status": "Non_Wealthy", "Ai_walk": 0.013318, "walk_snap_flag": false, "drive_typology": "Well-served", "walk_dist_k3_km": 8.1033120252413653, "PR_NAME": "KwaZulu-Natal", "MN_NAME": "Ethekwini", "SP_NAME": "Emlanjeni" }, "geometry": { "type": "Polygon", "coordinates": [ [ [ 30.973472717829196, -29.754870213881237 ], [ 30.973580098857756, -29.75479945364695 ], [ 30.974014655409622, -29.754451629297851 ], [ 30.974335377592933, -29.754193244347228 ], [ 30.975107020231984, -29.753566430694281 ], [ 30.976481911632185, -29.75249334409218 ], [ 30.976877413303157, -29.752879646636604 ], [ 30.977640823591766, -29.753551078632825 ], [ 30.976288760883428, -29.754673198922099 ], [ 30.975341397497633, -29.755399817387502 ], [ 30.97544257192677, -29.755749329705534 ], [ 30.975598932777789, -29.75625520284655 ], [ 30.975056268621962, -29.756457552752433 ], [ 30.974697557939496, -29.756218411726845 ], [ 30.974182487582905, -29.756062051244417 ], [ 30.973888161493974, -29.755970074423129 ], [ 30.973667416117792, -29.755436607905814 ], [ 30.973472717829196, -29.754870213881237 ] ] ] } },
{ "type": "Feature", "properties": { "EA_CODE": "59914404", "EA_TYPE": "Township", "White": 1.0, "Black_African": 1011.0, "Coloured": 1.0, "Indian_Asian": 1.0, "Other": 0.0, "area_km2": 0.065991, "sal2023_est": 1089.766156, "walk_typology": "Demand overcrowding", "walk_dist_k1_km": 1.945131576980589, "exceeds_walk_k1_3km": false, "econ_status": "Non_Wealthy", "Ai_walk": 0.014866, "walk_snap_flag": false, "drive_typology": "Well-served", "walk_dist_k3_km": 7.8793665905259695, "PR_NAME": "KwaZulu-Natal", "MN_NAME": "Ethekwini", "SP_NAME": "Emlanjeni" }, "geometry": { "type": "Polygon", "coordinates": [ [ [ 30.973472717829196, -29.754870213881237 ], [ 30.973667416117792, -29.755436607905814 ], [ 30.973888161493974, -29.755970074423129 ], [ 30.974182487582905, -29.756062051244417 ], [ 30.974697557939496, -29.756218411726845 ], [ 30.975056268621962, -29.756457552752433 ], [ 30.975220182285032, -29.756938717436014 ], [ 30.975125163895935, -29.756965988328904 ], [ 30.974949228522629, -29.757015915019377 ], [ 30.974665114894243, -29.757102694991239 ], [ 30.974201764085301, -29.757219434601726 ], [ 30.9740101530464, -29.757303969040095 ], [ 30.9740078445504, -29.757310435633634 ], [ 30.974007335044131, -29.757308940239053 ], [ 30.973963721031712, -29.757314286115939 ], [ 30.973791280975174, -29.757351055893004 ], [ 30.973699990447987, -29.757306677805758 ], [ 30.973617412134267, -29.757269577658437 ], [ 30.97361250164488, -29.757267371860991 ], [ 30.973611579032038, -29.757264258283541 ], [ 30.973562948475511, -29.757219902847723 ], [ 30.973508530663619, -29.757184956192454 ], [ 30.97348570792542, -29.75719129624931 ], [ 30.973441330613731, -29.757164669287945 ], [ 30.973359947557345, -29.757124662092636 ], [ 30.973148925766946, -29.757009690232564 ], [ 30.973092647533175, -29.756971941952159 ], [ 30.973006426924503, -29.756917420770201 ], [ 30.97283398678989, -29.756831201308223 ], [ 30.972698317687307, -29.756756393248395 ], [ 30.972551237622056, -29.756686655994205 ], [ 30.972440926056994, -29.756614383195913 ], [ 30.972296381062979, -29.756538306552176 ], [ 30.972177194984319, -29.756495197071679 ], [ 30.972080831006981, -29.756425460160933 ], [ 30.972009827098823, -29.75637347508691 ], [ 30.971892082775369, -29.756312509650808 ], [ 30.971780330369352, -29.756244144716767 ], [ 30.971752435609993, -29.756242876927601 ], [ 30.9716814296936, -29.756201035034366 ], [ 30.971621837550042, -29.756152852983863 ], [ 30.971496311540548, -29.75597534182074 ], [ 30.971476023612976, -29.75593476828768 ], [ 30.971457004590405, -29.755859959742502 ], [ 30.971671287624677, -29.755753452981583 ], [ 30.971638321512881, -29.75571921794732 ], [ 30.971564567517206, -29.75561776958288 ], [ 30.971450770263537, -29.755225060745509 ], [ 30.971975039558352, -29.755142280913347 ], [ 30.971837074231303, -29.75464560567994 ], [ 30.972342297583765, -29.754451989358369 ], [ 30.972673693333348, -29.754196032852505 ], [ 30.973060368296078, -29.753909790342977 ], [ 30.973465066921548, -29.754847955322649 ], [ 30.973472717829196, -29.754870213881237 ] ] ] } },
{ "type": "Feature", "properties": { "EA_CODE": "59914444", "EA_TYPE": "Township", "White": 0.0, "Black_African": 1030.0, "Coloured": 0.0, "Indian_Asian": 0.0, "Other": 0.0, "area_km2": 0.063558, "sal2023_est": 1106.961677, "walk_typology": "Demand overcrowding", "walk_dist_k1_km": 1.7736871661692031, "exceeds_walk_k1_3km": false, "econ_status": "Non_Wealthy", "Ai_walk": 0.01565, "walk_snap_flag": false, "drive_typology": "Well-served", "walk_dist_k3_km": 7.7079221797145836, "PR_NAME": "KwaZulu-Natal", "MN_NAME": "Ethekwini", "SP_NAME": "Emlanjeni" }, "geometry": { "type": "Polygon", "coordinates": [ [ [ 30.974869460223367, -29.752414899412358 ], [ 30.974182486939078, -29.752953229428883 ], [ 30.973060368296078, -29.753909790342977 ], [ 30.972673693333348, -29.754196032852505 ], [ 30.972342297583765, -29.754451989358369 ], [ 30.971837074231303, -29.75464560567994 ], [ 30.971975039558352, -29.755142280913347 ], [ 30.971450770263537, -29.755225060745509 ], [ 30.971564567517206, -29.75561776958288 ], [ 30.97122762769277, -29.755631927189878 ], [ 30.971193650203617, -29.755510176015783 ], [ 30.970961474070176, -29.755575299038323 ], [ 30.970935991067208, -29.755524332629118 ], [ 30.970610376988599, -29.755637590243222 ], [ 30.97022247224443, -29.755784824108297 ], [ 30.970196989180018, -29.755827294587899 ], [ 30.970318741099543, -29.755878261066957 ], [ 30.970683864849978, -29.756038212605198 ], [ 30.970677956098488, -29.756047743029136 ], [ 30.970659768984287, -29.756084651743166 ], [ 30.970668862391566, -29.756137073560566 ], [ 30.970707818733192, -29.756209790228802 ], [ 30.97044363658144, -29.756347306900306 ], [ 30.970437935545668, -29.756353098422323 ], [ 30.970435186769908, -29.756350459754433 ], [ 30.97034802138791, -29.756289046943373 ], [ 30.97023312041194, -29.756217730374019 ], [ 30.970011242628772, -29.756112734195415 ], [ 30.969638805728742, -29.756005757910536 ], [ 30.968864003725447, -29.755835336072675 ], [ 30.96876516378455, -29.755813596012878 ], [ 30.968600477588051, -29.755769625570526 ], [ 30.968625712702359, -29.755592972043132 ], [ 30.968744043657249, -29.755335180812811 ], [ 30.969099035592265, -29.754988640708984 ], [ 30.969728723311739, -29.754553353565942 ], [ 30.96995693217648, -29.754443474595671 ], [ 30.970387994333773, -29.754337822785509 ], [ 30.970670532713804, -29.754288227846441 ], [ 30.971182499076004, -29.754198362259622 ], [ 30.971672726477031, -29.754134970411002 ], [ 30.972150274611824, -29.753965926899177 ], [ 30.972416518197036, -29.753754621721651 ], [ 30.973063109989575, -29.753255943431661 ], [ 30.973959042117343, -29.752554412211328 ], [ 30.974566987762199, -29.752049257956386 ], [ 30.974869460223367, -29.752414899412358 ] ] ] } },
{ "type": "Feature", "properties": { "EA_CODE": "59914405", "EA_TYPE": "Township", "White": 0.0, "Black_African": 1032.0, "Coloured": 0.0, "Indian_Asian": 0.0, "Other": 1.0, "area_km2": 0.104563, "sal2023_est": 1110.185837, "walk_typology": "Demand overcrowding", "walk_dist_k1_km": 2.4129130119916651, "exceeds_walk_k1_3km": false, "econ_status": "Non_Wealthy", "Ai_walk": 0.012919, "walk_snap_flag": false, "drive_typology": "Well-served", "walk_dist_k3_km": 7.9949856308328862, "PR_NAME": "KwaZulu-Natal", "MN_NAME": "Ethekwini", "SP_NAME": "Emlanjeni" }, "geometry": { "type": "Polygon", "coordinates": [ [ [ 30.977320847507915, -29.752515397848608 ], [ 30.977834125232718, -29.753033732044241 ], [ 30.978292874907073, -29.752675965034097 ], [ 30.978683853326068, -29.753065796998801 ], [ 30.979060619189749, -29.753410497967785 ], [ 30.97918888031051, -29.753602890000266 ], [ 30.979325157472388, -29.753899492743081 ], [ 30.978828146343833, -29.754252209890556 ], [ 30.979383784861163, -29.755761350794991 ], [ 30.979287006526988, -29.755789116556059 ], [ 30.97897792923666, -29.755878273637194 ], [ 30.978264674359639, -29.756081551899836 ], [ 30.977651275311764, -29.756250354891812 ], [ 30.977628860264272, -29.756256620265887 ], [ 30.977187659320389, -29.756379930261311 ], [ 30.976790614381613, -29.756495239201733 ], [ 30.976058338677628, -29.756700894969192 ], [ 30.975783735790969, -29.756776975451267 ], [ 30.975220182285032, -29.756938717436014 ], [ 30.975056268621962, -29.756457552752433 ], [ 30.975598932777789, -29.75625520284655 ], [ 30.97544257192677, -29.755749329705534 ], [ 30.975341397497633, -29.755399817387502 ], [ 30.976288760883428, -29.754673198922099 ], [ 30.977640823591766, -29.753551078632825 ], [ 30.976877413303157, -29.752879646636604 ], [ 30.977320847507915, -29.752515397848608 ] ] ] } },
{ "type": "Feature", "properties": { "EA_CODE": "59914413", "EA_TYPE": "Township", "White": 0.0, "Black_African": 1034.0, "Coloured": 0.0, "Indian_Asian": 0.0, "Other": 0.0, "area_km2": 0.228708, "sal2023_est": 1111.260557, "walk_typology": "Demand overcrowding", "walk_dist_k1_km": 2.8308016146936721, "exceeds_walk_k1_3km": false, "econ_status": "Non_Wealthy", "Ai_walk": 0.011397, "walk_snap_flag": false, "drive_typology": "Well-served", "walk_dist_k3_km": 8.2703044158973515, "PR_NAME": "KwaZulu-Natal", "MN_NAME": "Ethekwini", "SP_NAME": "Emlanjeni" }, "geometry": { "type": "Polygon", "coordinates": [ [ [ 30.982381595089311, -29.747831825194638 ], [ 30.982428284007135, -29.747847025768962 ], [ 30.98268479375767, -29.747935583370161 ], [ 30.982583885875194, -29.748222159650233 ], [ 30.982539904818033, -29.748347066804939 ], [ 30.982446673076446, -29.74845464315829 ], [ 30.982102429167156, -29.748641107672103 ], [ 30.98165061032871, -29.748899290756555 ], [ 30.981349396893311, -29.749078584056853 ], [ 30.980962122875159, -29.74907858361242 ], [ 30.980474445276904, -29.749035553766294 ], [ 30.97967120992385, -29.748942320683494 ], [ 30.979369996998635, -29.749480201857565 ], [ 30.979298278712175, -29.750010910308834 ], [ 30.979420199023302, -29.750383841401824 ], [ 30.978587656958783, -29.750580742970534 ], [ 30.976968364600406, -29.75108577140643 ], [ 30.976375157610324, -29.751262129021626 ], [ 30.976206815536017, -29.751390390267151 ], [ 30.975870056931655, -29.751134664970419 ], [ 30.975348016046997, -29.750683317817384 ], [ 30.974967672465475, -29.750275144777202 ], [ 30.974942142236166, -29.750247746434638 ], [ 30.974867413481721, -29.750167548707545 ], [ 30.974786241029573, -29.750084446740509 ], [ 30.974780282566499, -29.749943978167909 ], [ 30.974782469343396, -29.749803958590789 ], [ 30.974775905780696, -29.749762391226771 ], [ 30.974831695249204, -29.749709884370603 ], [ 30.975024170556054, -29.749490979183026 ], [ 30.975312317464144, -29.749209096798658 ], [ 30.97504288816846, -29.748486239012877 ], [ 30.974977519235384, -29.748122626008101 ], [ 30.975686943680614, -29.747685358687075 ], [ 30.976487287485615, -29.747205946387066 ], [ 30.976853780502818, -29.7470593482855 ], [ 30.977164804774549, -29.746962277214351 ], [ 30.977398568011385, -29.746879072787063 ], [ 30.977620602827766, -29.746832053842478 ], [ 30.977873230101146, -29.74677855638954 ], [ 30.978349576065455, -29.74675870843933 ], [ 30.978720065672491, -29.746758707923199 ], [ 30.979110404893241, -29.746791787849045 ], [ 30.979566903382896, -29.746874487022048 ], [ 30.979927469992084, -29.746967109824418 ], [ 30.9802946529256, -29.74709612032574 ], [ 30.981214264837782, -29.747416990658948 ], [ 30.982143800531983, -29.747754402799796 ], [ 30.982381595089311, -29.747831825194638 ] ] ] } },
{ "type": "Feature", "properties": { "EA_CODE": "59914408", "EA_TYPE": "Township", "White": 0.0, "Black_African": 1080.0, "Coloured": 5.0, "Indian_Asian": 1.0, "Other": 0.0, "area_km2": 0.059131, "sal2023_est": 1167.146001, "walk_typology": "Demand overcrowding", "walk_dist_k1_km": 2.3263020811087678, "exceeds_walk_k1_3km": false, "econ_status": "Non_Wealthy", "Ai_walk": 0.013259, "walk_snap_flag": false, "drive_typology": "Well-served", "walk_dist_k3_km": 7.8199054548986489, "PR_NAME": "KwaZulu-Natal", "MN_NAME": "Ethekwini", "SP_NAME": "Emlanjeni" }, "geometry": { "type": "Polygon", "coordinates": [ [ [ 30.976206815536017, -29.751390390267151 ], [ 30.977320847507915, -29.752515397848608 ], [ 30.976877413303157, -29.752879646636604 ], [ 30.976481911632185, -29.75249334409218 ], [ 30.975107020231984, -29.753566430694281 ], [ 30.974335377592933, -29.754193244347228 ], [ 30.974014655409622, -29.754451629297851 ], [ 30.973580098857756, -29.75479945364695 ], [ 30.973472717829196, -29.754870213881237 ], [ 30.973465066921548, -29.754847955322649 ], [ 30.973060368296078, -29.753909790342977 ], [ 30.974182486939078, -29.752953229428883 ], [ 30.974869460223367, -29.752414899412358 ], [ 30.974566987762199, -29.752049257956386 ], [ 30.97483384312882, -29.75182752356536 ], [ 30.975030373606316, -29.751683906114103 ], [ 30.975712870020388, -29.751185158121835 ], [ 30.975870056931655, -29.751134664970419 ], [ 30.976206815536017, -29.751390390267151 ] ] ] } },
{ "type": "Feature", "properties": { "EA_CODE": "59911320", "EA_TYPE": "Township", "White": 0.0, "Black_African": 1121.0, "Coloured": 0.0, "Indian_Asian": 6.0, "Other": 0.0, "area_km2": 0.104073, "sal2023_est": 1211.209524, "walk_typology": "Demand overcrowding", "walk_dist_k1_km": 2.0756979178993831, "exceeds_walk_k1_3km": false, "econ_status": "Non_Wealthy", "Ai_walk": 0.015132, "walk_snap_flag": false, "drive_typology": "Well-served", "walk_dist_k3_km": 7.8628364031293474, "PR_NAME": "KwaZulu-Natal", "MN_NAME": "Ethekwini", "SP_NAME": "Emlanjeni" }, "geometry": { "type": "Polygon", "coordinates": [ [ [ 30.987042882347286, -29.749031274069541 ], [ 30.987343906006192, -29.74942161173156 ], [ 30.987797096296482, -29.749907881611186 ], [ 30.988200666138756, -29.750384227200513 ], [ 30.988392528098583, -29.750579397230108 ], [ 30.98849838239542, -29.750708406543424 ], [ 30.988584388968484, -29.750910192019564 ], [ 30.988663780284519, -29.751207908080012 ], [ 30.988723565858141, -29.751467846154455 ], [ 30.988739863411766, -29.751538703587276 ], [ 30.988842410229132, -29.751912503321254 ], [ 30.989007807266805, -29.752210218891904 ], [ 30.989057062228074, -29.752275304637333 ], [ 30.988946853080979, -29.75232507614631 ], [ 30.98864490909645, -29.75243919687939 ], [ 30.988174160650992, -29.752600868366063 ], [ 30.988042209490274, -29.752630587293751 ], [ 30.987972072607104, -29.752635342136006 ], [ 30.98796691851431, -29.752635121859722 ], [ 30.987857416200825, -29.752249482546656 ], [ 30.987827722178231, -29.752085609557465 ], [ 30.987822411172182, -29.751966112708661 ], [ 30.987822411576939, -29.751854582352561 ], [ 30.987259445999495, -29.751793506445114 ], [ 30.986457140501912, -29.751742308203674 ], [ 30.986021907766595, -29.75173291525229 ], [ 30.985859088270093, -29.751767357285342 ], [ 30.985736973538351, -29.751798669077708 ], [ 30.98551466096929, -29.751955227369276 ], [ 30.985389414204626, -29.752058555403309 ], [ 30.984612886872558, -29.751313338709522 ], [ 30.985220331846968, -29.750843665689057 ], [ 30.985459071964701, -29.750651201669086 ], [ 30.984382780011536, -29.749609078324148 ], [ 30.984372884348641, -29.749114302149529 ], [ 30.98507546643534, -29.749074719622431 ], [ 30.98551086956985, -29.749025242125093 ], [ 30.985886899267797, -29.749124196570815 ], [ 30.986061818288292, -29.749191122174668 ], [ 30.986399066504983, -29.749225642776008 ], [ 30.986720381412123, -29.749148634253611 ], [ 30.986892988248734, -29.749079591342465 ], [ 30.987017236116795, -29.748973314165983 ], [ 30.987042882347286, -29.749031274069541 ] ] ] } },
{ "type": "Feature", "properties": { "EA_CODE": "59914411", "EA_TYPE": "Township", "White": 0.0, "Black_African": 1140.0, "Coloured": 0.0, "Indian_Asian": 0.0, "Other": 0.0, "area_km2": 0.092477, "sal2023_est": 1225.180885, "walk_typology": "Demand overcrowding", "walk_dist_k1_km": 2.4957072358155794, "exceeds_walk_k1_3km": false, "econ_status": "Non_Wealthy", "Ai_walk": 0.01334, "walk_snap_flag": false, "drive_typology": "Well-served", "walk_dist_k3_km": 7.7982825819073431, "PR_NAME": "KwaZulu-Natal", "MN_NAME": "Ethekwini", "SP_NAME": "Emlanjeni" }, "geometry": { "type": "Polygon", "coordinates": [ [ [ 30.984382780011536, -29.749609078324148 ], [ 30.985459071964701, -29.750651201669086 ], [ 30.985220331846968, -29.750843665689057 ], [ 30.984612886872558, -29.751313338709522 ], [ 30.984187545700138, -29.751650619769876 ], [ 30.982430759976509, -29.753030951850462 ], [ 30.98222859068154, -29.752885967737299 ], [ 30.981467315369457, -29.752397602880787 ], [ 30.981000495904546, -29.751981056054728 ], [ 30.980924473083828, -29.751801001788106 ], [ 30.980893103016729, -29.751541088690097 ], [ 30.980890809487903, -29.751522080033684 ], [ 30.980890240956032, -29.751517372116506 ], [ 30.980846229678551, -29.751287533290622 ], [ 30.98074092660751, -29.751081711802737 ], [ 30.981084746815032, -29.75100459262455 ], [ 30.981523107428352, -29.750868213794956 ], [ 30.98207836324503, -29.750585715810516 ], [ 30.983209607939763, -29.749986380155516 ], [ 30.982803700603579, -29.74962946085062 ], [ 30.982955310918282, -29.749524776178948 ], [ 30.98318069028554, -29.749468431981025 ], [ 30.983462413240641, -29.749516107946341 ], [ 30.98379181271828, -29.749555115597385 ], [ 30.984212232405639, -29.749594123873266 ], [ 30.984382780011536, -29.749609078324148 ] ] ] } },
{ "type": "Feature", "properties": { "EA_CODE": "59911316", "EA_TYPE": "Township", "White": 0.0, "Black_African": 1246.0, "Coloured": 0.0, "Indian_Asian": 0.0, "Other": 0.0, "area_km2": 0.078629, "sal2023_est": 1339.101213, "walk_typology": "Demand overcrowding", "walk_dist_k1_km": 2.3501480498814296, "exceeds_walk_k1_3km": false, "econ_status": "Non_Wealthy", "Ai_walk": 0.013936, "walk_snap_flag": false, "drive_typology": "Well-served", "walk_dist_k3_km": 7.8500038092243019, "PR_NAME": "KwaZulu-Natal", "MN_NAME": "Ethekwini", "SP_NAME": "Emlanjeni" }, "geometry": { "type": "Polygon", "coordinates": [ [ [ 30.98796691851431, -29.752635121859722 ], [ 30.987582158792755, -29.752618700440973 ], [ 30.987129243468793, -29.752577092650746 ], [ 30.986455216697731, -29.752516465890135 ], [ 30.986244806905109, -29.75250338978379 ], [ 30.986140196603809, -29.752511711388863 ], [ 30.986053417332752, -29.752530732371699 ], [ 30.985896499633959, -29.752591358207436 ], [ 30.985762170618685, -29.752684081001732 ], [ 30.98523911740282, -29.753165527638995 ], [ 30.984859903710404, -29.753518589048554 ], [ 30.984431950636683, -29.753921577903011 ], [ 30.984277412536553, -29.754058286091958 ], [ 30.984164480572247, -29.754137932027458 ], [ 30.984021829459429, -29.754200936949296 ], [ 30.983843120940389, -29.754276700271724 ], [ 30.983654503501921, -29.754356664276941 ], [ 30.983341246190058, -29.754492818199875 ], [ 30.982997950995557, -29.753854130974826 ], [ 30.982671691125635, -29.753382309254825 ], [ 30.982531148294186, -29.753206629741634 ], [ 30.982430759976509, -29.753030951850462 ], [ 30.984187545700138, -29.751650619769876 ], [ 30.984612886872558, -29.751313338709522 ], [ 30.985389414204626, -29.752058555403309 ], [ 30.98551466096929, -29.751955227369276 ], [ 30.985736973538351, -29.751798669077708 ], [ 30.985859088270093, -29.751767357285342 ], [ 30.986021907766595, -29.75173291525229 ], [ 30.986457140501912, -29.751742308203674 ], [ 30.987259445999495, -29.751793506445114 ], [ 30.987822411576939, -29.751854582352561 ], [ 30.987822411172182, -29.751966112708661 ], [ 30.987827722178231, -29.752085609557465 ], [ 30.987857416200825, -29.752249482546656 ], [ 30.98796691851431, -29.752635121859722 ] ] ] } },
{ "type": "Feature", "properties": { "EA_CODE": "59914409", "EA_TYPE": "Township", "White": 0.0, "Black_African": 1460.0, "Coloured": 0.0, "Indian_Asian": 3.0, "Other": 1.0, "area_km2": 0.102847, "sal2023_est": 1573.39019, "walk_typology": "Demand overcrowding", "walk_dist_k1_km": 1.4537636590865102, "exceeds_walk_k1_3km": false, "econ_status": "Non_Wealthy", "Ai_walk": 0.01723, "walk_snap_flag": false, "drive_typology": "Well-served", "walk_dist_k3_km": 7.4996490669263434, "PR_NAME": "KwaZulu-Natal", "MN_NAME": "Ethekwini", "SP_NAME": "Emlanjeni" }, "geometry": { "type": "Polygon", "coordinates": [ [ [ 30.974967672465475, -29.750275144777202 ], [ 30.975348016046997, -29.750683317817384 ], [ 30.975870056931655, -29.751134664970419 ], [ 30.975712870020388, -29.751185158121835 ], [ 30.975030373606316, -29.751683906114103 ], [ 30.97483384312882, -29.75182752356536 ], [ 30.974566987762199, -29.752049257956386 ], [ 30.973959042117343, -29.752554412211328 ], [ 30.973063109989575, -29.753255943431661 ], [ 30.972416518197036, -29.753754621721651 ], [ 30.972150274611824, -29.753965926899177 ], [ 30.971672726477031, -29.754134970411002 ], [ 30.971182499076004, -29.754198362259622 ], [ 30.970670532713804, -29.754288227846441 ], [ 30.970559420904554, -29.754029891895193 ], [ 30.970782944632603, -29.753934972168818 ], [ 30.970905422903158, -29.753833926990101 ], [ 30.971052397406712, -29.753778811996845 ], [ 30.970798254463961, -29.753438933973051 ], [ 30.970675776330225, -29.753328704360612 ], [ 30.970554190235639, -29.753172478784684 ], [ 30.970318004293578, -29.752952323173513 ], [ 30.970514348525022, -29.752784027614197 ], [ 30.970565996375001, -29.752831717193413 ], [ 30.971910524338931, -29.751658685435174 ], [ 30.972149641992576, -29.751523065970652 ], [ 30.97253227327904, -29.751294367287354 ], [ 30.972754375325447, -29.751131639085571 ], [ 30.973095225606151, -29.750828172380764 ], [ 30.97318538486185, -29.750753404780017 ], [ 30.973625190658456, -29.750361977874515 ], [ 30.973906683290259, -29.750617353736651 ], [ 30.974075991735027, -29.7504719290907 ], [ 30.974306891193361, -29.75064785169387 ], [ 30.97444762798812, -29.750623662742729 ], [ 30.974680725985767, -29.75041255593732 ], [ 30.974967672465475, -29.750275144777202 ] ] ] } },
{ "type": "Feature", "properties": { "EA_CODE": "59914172", "EA_TYPE": "Township", "White": 1.0, "Black_African": 693.0, "Coloured": 2.0, "Indian_Asian": 0.0, "Other": 4.0, "area_km2": 0.060604, "sal2023_est": 739.962119, "walk_typology": "Demand overcrowding", "walk_dist_k1_km": 2.2768347257111587, "exceeds_walk_k1_3km": false, "econ_status": "Non_Wealthy", "Ai_walk": 0.030926, "walk_snap_flag": false, "drive_typology": "Well-served", "walk_dist_k3_km": 8.2110697392565406, "PR_NAME": "KwaZulu-Natal", "MN_NAME": "Ethekwini", "SP_NAME": "KwaMashu K" }, "geometry": { "type": "Polygon", "coordinates": [ [ [ 30.958425626427324, -29.755025827886033 ], [ 30.95790871252434, -29.756451823344257 ], [ 30.957908441344944, -29.75645173141482 ], [ 30.957264157313563, -29.756314423564433 ], [ 30.956746617173039, -29.756177118056016 ], [ 30.956398070528166, -29.75600812524884 ], [ 30.955637603419703, -29.755374403119681 ], [ 30.955447486766886, -29.75518428566857 ], [ 30.955785472428335, -29.754687870989745 ], [ 30.955954464813285, -29.754244265393073 ], [ 30.956057399084571, -29.753860599570373 ], [ 30.95854216305106, -29.754043587168798 ], [ 30.958425626427324, -29.755025827886033 ] ] ] } },
{ "type": "Feature", "properties": { "EA_CODE": "59913876", "EA_TYPE": "Township", "White": 0.0, "Black_African": 720.0, "Coloured": 0.0, "Indian_Asian": 0.0, "Other": 0.0, "area_km2": 0.0973, "sal2023_est": 761.103894, "walk_typology": "Demand overcrowding", "walk_dist_k1_km": 2.8335098478119822, "exceeds_walk_k1_3km": false, "econ_status": "Non_Wealthy", "Ai_walk": 0.0313, "walk_snap_flag": false, "drive_typology": "Well-served", "walk_dist_k3_km": 8.767744861357361, "PR_NAME": "KwaZulu-Natal", "MN_NAME": "Ethekwini", "SP_NAME": "KwaMashu K" }, "geometry": { "type": "Polygon", "coordinates": [ [ [ 30.954523898827507, -29.75892677319607 ], [ 30.954204051332482, -29.759451323384447 ], [ 30.954148611578781, -29.759489705103721 ], [ 30.954037027180465, -29.760108198748743 ], [ 30.952581989735361, -29.759888361422142 ], [ 30.952593534499918, -29.759426583007041 ], [ 30.952624872341904, -29.758768501599263 ], [ 30.952363728124276, -29.758298444153546 ], [ 30.952071248484419, -29.758141758241344 ], [ 30.951558396491738, -29.757987894836653 ], [ 30.951300214369788, -29.757540848156843 ], [ 30.951351290755113, -29.75748490640154 ], [ 30.951403584899484, -29.757452070718603 ], [ 30.951455877717784, -29.757413155120524 ], [ 30.951556816214257, -29.75738639987317 ], [ 30.951947191782541, -29.757341403428747 ], [ 30.952232981665123, -29.757317080897824 ], [ 30.95242756233549, -29.757295190412879 ], [ 30.952465261864472, -29.757011832701888 ], [ 30.952635519239269, -29.757011832786844 ], [ 30.952810641517452, -29.75700818513673 ], [ 30.952906715070334, -29.756957107830686 ], [ 30.953098862760552, -29.756796579368366 ], [ 30.953157237592638, -29.756763744049401 ], [ 30.953201016916271, -29.756738205158367 ], [ 30.953310468164855, -29.75668712834074 ], [ 30.953119536974473, -29.756417148095778 ], [ 30.953111023616184, -29.756381880577635 ], [ 30.953266688251688, -29.75629067058512 ], [ 30.953477077206411, -29.756175139782627 ], [ 30.953686251562644, -29.756041365579673 ], [ 30.953716654139757, -29.756053526763978 ], [ 30.95381029622428, -29.756135007294493 ], [ 30.953920811234021, -29.756096823326523 ], [ 30.953974168548402, -29.755987543408789 ], [ 30.953992637932242, -29.755966508100084 ], [ 30.953996230615527, -29.755941880739755 ], [ 30.954033681645424, -29.755867488689944 ], [ 30.954044970230694, -29.755865949218318 ], [ 30.954106536044538, -29.755857226845269 ], [ 30.95414347659522, -29.755850044734785 ], [ 30.954153224585696, -29.7557936093853 ], [ 30.954237364150384, -29.755738712276766 ], [ 30.954369164557015, -29.755635055068478 ], [ 30.954672235387335, -29.755760131540857 ], [ 30.95455733161565, -29.755958600561627 ], [ 30.954557332032124, -29.756104840550414 ], [ 30.954714017955315, -29.756365984303663 ], [ 30.954933378593495, -29.756710693820523 ], [ 30.955006497713494, -29.756888271057452 ], [ 30.954996052607736, -29.757034510966754 ], [ 30.954964715414338, -29.75728520924299 ], [ 30.955487001694383, -29.757389665942153 ], [ 30.955445219468945, -29.757671701313829 ], [ 30.955361653027623, -29.757859723796869 ], [ 30.955257195025162, -29.757995518424412 ], [ 30.955079618116702, -29.758152203681654 ], [ 30.954724462632967, -29.758350673437647 ], [ 30.954337970944138, -29.758559588388675 ], [ 30.954329547029385, -29.758679039554483 ], [ 30.954523898827507, -29.75892677319607 ] ] ] } },
{ "type": "Feature", "properties": { "EA_CODE": "59914175", "EA_TYPE": "Informal residential", "White": 0.0, "Black_African": 890.0, "Coloured": 0.0, "Indian_Asian": 0.0, "Other": 0.0, "area_km2": 0.06683, "sal2023_est": 940.80898, "walk_typology": "Demand overcrowding", "walk_dist_k1_km": 2.4064464143175441, "exceeds_walk_k1_3km": false, "econ_status": "Non_Wealthy", "Ai_walk": 0.03066, "walk_snap_flag": false, "drive_typology": "Well-served", "walk_dist_k3_km": 8.2314418332067749, "PR_NAME": "KwaZulu-Natal", "MN_NAME": "Ethekwini", "SP_NAME": "KwaMashu K" }, "geometry": { "type": "Polygon", "coordinates": [ [ [ 30.957753553108066, -29.752208182723404 ], [ 30.957343135641878, -29.752679857409646 ], [ 30.957063478083313, -29.752902886934365 ], [ 30.956535376045011, -29.753198623825899 ], [ 30.956250202583583, -29.753378177703993 ], [ 30.956070647607564, -29.753811221812938 ], [ 30.956057399084571, -29.753860599570373 ], [ 30.955954464813285, -29.754244265393073 ], [ 30.955785472428335, -29.754687870989745 ], [ 30.955488440534651, -29.754521625106548 ], [ 30.955488700092232, -29.754521237846301 ], [ 30.955484082285377, -29.75451918572648 ], [ 30.955262956849268, -29.754417089376364 ], [ 30.955143927594488, -29.754355521951638 ], [ 30.955140850589938, -29.754336539615601 ], [ 30.955074666131232, -29.754312425784711 ], [ 30.95503516127614, -29.754303191128869 ], [ 30.955014125756257, -29.754314991050336 ], [ 30.95499206536951, -29.754333461345166 ], [ 30.954912542024712, -29.754320634772593 ], [ 30.954769400278078, -29.754299087117047 ], [ 30.954747339428707, -29.75430165223073 ], [ 30.954596251591145, -29.75431541474622 ], [ 30.95457700499626, -29.754268304298989 ], [ 30.954541605606753, -29.754009211707523 ], [ 30.954535961583893, -29.753998950598216 ], [ 30.954535447612241, -29.753960471804184 ], [ 30.954506204613075, -29.753723955173019 ], [ 30.954485169235635, -29.753680345193491 ], [ 30.954327661722143, -29.753344295828082 ], [ 30.954197346179154, -29.75306160356379 ], [ 30.954144501701244, -29.752953862928553 ], [ 30.954095249190345, -29.752847147805692 ], [ 30.954074214034343, -29.752820981579433 ], [ 30.954031630198411, -29.752764545998357 ], [ 30.953939794230603, -29.752645517715411 ], [ 30.954021881683971, -29.752572665167314 ], [ 30.954214789870488, -29.752569073278796 ], [ 30.954430785390507, -29.752563942685914 ], [ 30.954447715688683, -29.752557273027342 ], [ 30.954486194844225, -29.752542907570867 ], [ 30.954544169972774, -29.752535212031187 ], [ 30.954596501115187, -29.752525977275646 ], [ 30.954666276430135, -29.752548550711357 ], [ 30.954710912481278, -29.752564456393571 ], [ 30.95492844638315, -29.752538289892247 ], [ 30.955170606745988, -29.752511611068385 ], [ 30.955214729685814, -29.752497758787584 ], [ 30.955218321047116, -29.752473132354197 ], [ 30.955238843369766, -29.75247159306991 ], [ 30.955301435338839, -29.752462358199459 ], [ 30.955449708207389, -29.752427471264355 ], [ 30.95549075236276, -29.75242490643291 ], [ 30.955528717981228, -29.752412592315814 ], [ 30.955553344178032, -29.752390530585014 ], [ 30.95561080658792, -29.752388479161716 ], [ 30.955650823924504, -29.75237052212529 ], [ 30.955717008427236, -29.752350513258715 ], [ 30.955796018481422, -29.752334094561171 ], [ 30.955827827051632, -29.752317677689838 ], [ 30.955863228038726, -29.752296128849157 ], [ 30.955931977388964, -29.752252007327559 ], [ 30.956094615384554, -29.752151448225515 ], [ 30.956137198473904, -29.752124769820401 ], [ 30.956174138146828, -29.752104761282677 ], [ 30.956195686452986, -29.752070898591235 ], [ 30.956224416774035, -29.75205858593587 ], [ 30.956279827286028, -29.752033446013055 ], [ 30.956328566761776, -29.752010359128892 ], [ 30.956356784964218, -29.7519877849608 ], [ 30.956453751734625, -29.751895948190885 ], [ 30.956630755473014, -29.751721509751494 ], [ 30.956669747133255, -29.751675336089558 ], [ 30.956649224879772, -29.751647117781417 ], [ 30.956578422581938, -29.751533219605022 ], [ 30.956695398618002, -29.751469601956703 ], [ 30.956796983648886, -29.751419321651266 ], [ 30.957061719488358, -29.751272075847158 ], [ 30.957346976218396, -29.75112585627873 ], [ 30.957601450064185, -29.751002723656867 ], [ 30.957630180738779, -29.75098835823324 ], [ 30.957631164686898, -29.750987400318298 ], [ 30.957654244379452, -29.750978169070649 ], [ 30.95790373721648, -29.750888900038586 ], [ 30.958023081080437, -29.751185202599832 ], [ 30.958090462882229, -29.751387348083107 ], [ 30.958108840090297, -29.751693629861219 ], [ 30.958010830049705, -29.751993786319986 ], [ 30.957753553108066, -29.752208182723404 ] ] ] } },
{ "type": "Feature", "properties": { "EA_CODE": "59914170", "EA_TYPE": "Township", "White": 1.0, "Black_African": 886.0, "Coloured": 0.0, "Indian_Asian": 2.0, "Other": 0.0, "area_km2": 0.13713, "sal2023_est": 939.751891, "walk_typology": "Demand overcrowding", "walk_dist_k1_km": 2.0445746637467241, "exceeds_walk_k1_3km": false, "econ_status": "Non_Wealthy", "Ai_walk": 0.033361, "walk_snap_flag": false, "drive_typology": "Well-served", "walk_dist_k3_km": 7.9788096772921042, "PR_NAME": "KwaZulu-Natal", "MN_NAME": "Ethekwini", "SP_NAME": "KwaMashu K" }, "geometry": { "type": "Polygon", "coordinates": [ [ [ 30.963335694090606, -29.755075857312633 ], [ 30.963523027999511, -29.755084001620247 ], [ 30.963710360901359, -29.75512472741638 ], [ 30.963832535199284, -29.755222466145842 ], [ 30.964247926962511, -29.755768176753953 ], [ 30.964270546146373, -29.75579500390106 ], [ 30.96403442169218, -29.755913066785684 ], [ 30.9637386846845, -29.756092620925703 ], [ 30.963538006142489, -29.756219366103554 ], [ 30.963347888936038, -29.756346109603573 ], [ 30.963263392623812, -29.756483417457691 ], [ 30.96311552430242, -29.756863649992603 ], [ 30.962935970151204, -29.757127700697914 ], [ 30.962777539350483, -29.757286131383204 ], [ 30.962175502820912, -29.757602991707905 ], [ 30.961626277861964, -29.757930416339558 ], [ 30.961193234060701, -29.758162780360276 ], [ 30.960897496837365, -29.758300086790012 ], [ 30.960527825738481, -29.758342334673131 ], [ 30.960391612121967, -29.758313145737997 ], [ 30.960232088971143, -29.75827896322566 ], [ 30.959883542641823, -29.758141656394411 ], [ 30.959693424981509, -29.758025473839254 ], [ 30.959608662142411, -29.757855948547693 ], [ 30.959492745727072, -29.757624117015521 ], [ 30.959270943694204, -29.757254445057949 ], [ 30.95904914135534, -29.756990393558045 ], [ 30.958869586380136, -29.756863649565318 ], [ 30.958807885263909, -29.756832142672259 ], [ 30.958373171039366, -29.756610160591865 ], [ 30.95790871252434, -29.756451823344257 ], [ 30.958425626427324, -29.755025827886033 ], [ 30.958425980834797, -29.755025856025711 ], [ 30.959165322645227, -29.75511035244649 ], [ 30.959165323491064, -29.755279345026498 ], [ 30.959292068075417, -29.755416651387691 ], [ 30.959756796761617, -29.755691263820818 ], [ 30.960179278993845, -29.755163162234663 ], [ 30.961922013690252, -29.755321592773988 ], [ 30.962323371611088, -29.75534271731512 ], [ 30.962671918979837, -29.755258221330038 ], [ 30.962893722537469, -29.755215972194733 ], [ 30.963335694090606, -29.755075857312633 ] ] ] } },
{ "type": "Feature", "properties": { "EA_CODE": "59913871", "EA_TYPE": "Township", "White": 1.0, "Black_African": 918.0, "Coloured": 0.0, "Indian_Asian": 0.0, "Other": 0.0, "area_km2": 0.091392, "sal2023_est": 971.464553, "walk_typology": "Demand overcrowding", "walk_dist_k1_km": 2.4266046427058505, "exceeds_walk_k1_3km": false, "econ_status": "Non_Wealthy", "Ai_walk": 0.032507, "walk_snap_flag": false, "drive_typology": "Well-served", "walk_dist_k3_km": 8.3608396562512333, "PR_NAME": "KwaZulu-Natal", "MN_NAME": "Ethekwini", "SP_NAME": "KwaMashu K" }, "geometry": { "type": "Polygon", "coordinates": [ [ [ 30.960207096156857, -29.758833073852706 ], [ 30.960156935228646, -29.759325823105105 ], [ 30.960794538474758, -29.759420515659695 ], [ 30.961166007787117, -29.759420516158457 ], [ 30.961546118425158, -29.75923909982464 ], [ 30.962289058777948, -29.758833073960812 ], [ 30.962565854726225, -29.759308328729073 ], [ 30.962537996812554, -29.759325190338579 ], [ 30.962403925804946, -29.75939139772693 ], [ 30.962216889223395, -29.759492365115879 ], [ 30.962213578335454, -29.759518849106012 ], [ 30.96208778306174, -29.759599953147784 ], [ 30.961996746800754, -29.759654575327399 ], [ 30.961985161102753, -29.759646299229676 ], [ 30.961909021686559, -29.759686024271193 ], [ 30.96191729788514, -29.759714161787151 ], [ 30.961604465500407, -29.759886303342139 ], [ 30.961458061579144, -29.759960520864968 ], [ 30.961366116045753, -29.760007132194719 ], [ 30.961289976779064, -29.760041892029349 ], [ 30.961049973614315, -29.760003821833045 ], [ 30.960548448254603, -29.759939269174396 ], [ 30.960194235390929, -29.759884647985842 ], [ 30.960100733212919, -29.759877924582128 ], [ 30.959940989851166, -29.759866440165133 ], [ 30.959899610058297, -29.759876372005099 ], [ 30.959581812559502, -29.759997200849057 ], [ 30.959396429326461, -29.760088237417477 ], [ 30.959302083337189, -29.760205756308515 ], [ 30.959202770662127, -29.760354724045175 ], [ 30.958790627159889, -29.760972112688606 ], [ 30.958785661103978, -29.760993630898408 ], [ 30.958585381617148, -29.761182323872994 ], [ 30.958578761145883, -29.761218737634682 ], [ 30.958575451205686, -29.76130646412571 ], [ 30.958571663491256, -29.761307819770852 ], [ 30.958126891996436, -29.761467017692262 ], [ 30.95783723249702, -29.761569640426487 ], [ 30.957633642030387, -29.761572951240723 ], [ 30.957226462664703, -29.761599434127113 ], [ 30.956979839413279, -29.761650745370169 ], [ 30.95663555745228, -29.761755022745241 ], [ 30.956372301160936, -29.761809269440132 ], [ 30.956371521273159, -29.761809429813841 ], [ 30.956449286206094, -29.761661077813368 ], [ 30.956499146733421, -29.761579597942717 ], [ 30.956500363411557, -29.761547979288828 ], [ 30.95653441494219, -29.761488388342716 ], [ 30.956531983528542, -29.761471362600087 ], [ 30.956024859181213, -29.761443392399478 ], [ 30.955765824268116, -29.761430013954868 ], [ 30.955546921906162, -29.761417853340948 ], [ 30.955252619003833, -29.761381369060722 ], [ 30.954918185079112, -29.761324211588892 ], [ 30.954668880214456, -29.761290159916232 ], [ 30.954575683918261, -29.76127664136844 ], [ 30.954689925542411, -29.760746981680324 ], [ 30.954682358648821, -29.760467064889355 ], [ 30.954791754450977, -29.760222228535355 ], [ 30.955499414665272, -29.760323324010407 ], [ 30.955718809718075, -29.760353584558455 ], [ 30.956195426562164, -29.760383845607052 ], [ 30.956436203775404, -29.760390578033757 ], [ 30.956831523675856, -29.760401632136574 ], [ 30.957140302608135, -29.760422623311591 ], [ 30.957727745510226, -29.760431261835933 ], [ 30.958470686381279, -29.759282294853847 ], [ 30.958798963067519, -29.759144073237984 ], [ 30.959550543396428, -29.758833074341602 ], [ 30.959930652358466, -29.758772601837283 ], [ 30.960207096156857, -29.758833073852706 ] ] ] } },
{ "type": "Feature", "properties": { "EA_CODE": "59913874", "EA_TYPE": "Township", "White": 0.0, "Black_African": 921.0, "Coloured": 4.0, "Indian_Asian": 1.0, "Other": 1.0, "area_km2": 0.068545, "sal2023_est": 979.921263, "walk_typology": "Demand overcrowding", "walk_dist_k1_km": 2.0588842799092779, "exceeds_walk_k1_3km": false, "econ_status": "Non_Wealthy", "Ai_walk": 0.034824, "walk_snap_flag": false, "drive_typology": "Well-served", "walk_dist_k3_km": 7.9931192934546598, "PR_NAME": "KwaZulu-Natal", "MN_NAME": "Ethekwini", "SP_NAME": "KwaMashu K" }, "geometry": { "type": "Polygon", "coordinates": [ [ [ 30.963755031464522, -29.757334658078225 ], [ 30.961226480000306, -29.758763963748972 ], [ 30.960950037014097, -29.758815796707445 ], [ 30.960552650126434, -29.758867630248993 ], [ 30.960302122902721, -29.758781241146171 ], [ 30.960207096156857, -29.758833073852706 ], [ 30.959930652358466, -29.758772601837283 ], [ 30.959550543396428, -29.758833074341602 ], [ 30.958798963067519, -29.759144073237984 ], [ 30.958470686381279, -29.759282294853847 ], [ 30.957727745510226, -29.760431261835933 ], [ 30.957140302608135, -29.760422623311591 ], [ 30.956831523675856, -29.760401632136574 ], [ 30.956436203775404, -29.760390578033757 ], [ 30.956499093752427, -29.759902254031278 ], [ 30.957324217030294, -29.759290429076511 ], [ 30.957453318457922, -29.759195006302559 ], [ 30.957825173618602, -29.759304946123816 ], [ 30.958125132400134, -29.758858991041578 ], [ 30.958479324951782, -29.758712129897919 ], [ 30.958392936164071, -29.758427047652223 ], [ 30.958565714207371, -29.758297464553824 ], [ 30.958643462765274, -29.758038299986975 ], [ 30.958807601120068, -29.757856883948836 ], [ 30.959058127877697, -29.757822328803893 ], [ 30.959265461206893, -29.757839606392583 ], [ 30.959608662142411, -29.757855948547693 ], [ 30.959693424981509, -29.758025473839254 ], [ 30.959883542641823, -29.758141656394411 ], [ 30.960232088971143, -29.75827896322566 ], [ 30.960391612121967, -29.758313145737997 ], [ 30.960527825738481, -29.758342334673131 ], [ 30.960897496837365, -29.758300086790012 ], [ 30.961193234060701, -29.758162780360276 ], [ 30.961626277861964, -29.757930416339558 ], [ 30.962175502820912, -29.757602991707905 ], [ 30.962777539350483, -29.757286131383204 ], [ 30.962935970151204, -29.757127700697914 ], [ 30.96311552430242, -29.756863649992603 ], [ 30.963263392623812, -29.756483417457691 ], [ 30.963347888936038, -29.756346109603573 ], [ 30.963538006142489, -29.756219366103554 ], [ 30.9637386846845, -29.756092620925703 ], [ 30.96403442169218, -29.755913066785684 ], [ 30.964270546146373, -29.75579500390106 ], [ 30.964596074613155, -29.756181096389415 ], [ 30.96428791062792, -29.75637779603154 ], [ 30.963981610964396, -29.756536227261634 ], [ 30.963833742645598, -29.756673533453654 ], [ 30.96371755976724, -29.756831963793491 ], [ 30.963664750439452, -29.757022080966827 ], [ 30.963675311843819, -29.757233320797443 ], [ 30.963755031464522, -29.757334658078225 ] ] ] } },
{ "type": "Feature", "properties": { "EA_CODE": "59914169", "EA_TYPE": "Township", "White": 0.0, "Black_African": 951.0, "Coloured": 0.0, "Indian_Asian": 0.0, "Other": 0.0, "area_km2": 0.081235, "sal2023_est": 1005.291393, "walk_typology": "Demand overcrowding", "walk_dist_k1_km": 1.896735687363992, "exceeds_walk_k1_3km": false, "econ_status": "Non_Wealthy", "Ai_walk": 0.034709, "walk_snap_flag": false, "drive_typology": "Well-served", "walk_dist_k3_km": 7.8309707009093712, "PR_NAME": "KwaZulu-Natal", "MN_NAME": "Ethekwini", "SP_NAME": "KwaMashu K" }, "geometry": { "type": "Polygon", "coordinates": [ [ [ 30.966996592838864, -29.757694254651597 ], [ 30.967237219837408, -29.757742380206768 ], [ 30.967327454813859, -29.757742380445073 ], [ 30.967347870421559, -29.75804859593476 ], [ 30.967302968048394, -29.758063963037117 ], [ 30.96733110720735, -29.758279138696988 ], [ 30.967470142864908, -29.758318862935585 ], [ 30.967455247533959, -29.758353621759557 ], [ 30.967384072940057, -29.758577074311557 ], [ 30.967314555280687, -29.758739284404655 ], [ 30.967231794779281, -29.758896528059058 ], [ 30.967227075799421, -29.758907161977785 ], [ 30.967110489299948, -29.758874538666554 ], [ 30.96693507299544, -29.758827476024578 ], [ 30.966776615371693, -29.758788940271437 ], [ 30.966681835144598, -29.758773860743148 ], [ 30.966630958264457, -29.758765767198319 ], [ 30.966627871859867, -29.758764808865021 ], [ 30.966474738460693, -29.75873912171037 ], [ 30.96624604790744, -29.758606067084518 ], [ 30.966060325243305, -29.758427273369797 ], [ 30.966000893597339, -29.75836259833606 ], [ 30.965836461793938, -29.758244379326744 ], [ 30.965624596215221, -29.758058997354762 ], [ 30.965465696978605, -29.758058996825095 ], [ 30.965444494622716, -29.758057799926181 ], [ 30.965215402405533, -29.758061646968425 ], [ 30.964971257810916, -29.758054816877141 ], [ 30.964844699047671, -29.758097795742614 ], [ 30.964843341944491, -29.758098721645336 ], [ 30.96476885829448, -29.758123549883067 ], [ 30.964638098002574, -29.758176515899443 ], [ 30.964547062557489, -29.758153343253547 ], [ 30.96448416395598, -29.758191412993522 ], [ 30.964431225941627, -29.75821679412018 ], [ 30.964363334825734, -29.758249344800017 ], [ 30.964426231704074, -29.758323829243782 ], [ 30.964240850340193, -29.758396657719242 ], [ 30.964211056125141, -29.758361898267943 ], [ 30.964054160297859, -29.758436347692513 ], [ 30.963895261001728, -29.758527384090129 ], [ 30.963891949917507, -29.758547247376971 ], [ 30.963807535129735, -29.758586972083634 ], [ 30.963663533361, -29.758668075810061 ], [ 30.963438426031988, -29.758797182118702 ], [ 30.963416908092817, -29.758797182405313 ], [ 30.963253043381712, -29.758896494043324 ], [ 30.962976625484085, -29.759053738405484 ], [ 30.962726689701437, -29.759210981859066 ], [ 30.962565854726225, -29.759308328729073 ], [ 30.962289058777948, -29.758833073960812 ], [ 30.961546118425158, -29.75923909982464 ], [ 30.961166007787117, -29.759420516158457 ], [ 30.960794538474758, -29.759420515659695 ], [ 30.960156935228646, -29.759325823105105 ], [ 30.960207096156857, -29.758833073852706 ], [ 30.960302122902721, -29.758781241146171 ], [ 30.960552650126434, -29.758867630248993 ], [ 30.960950037014097, -29.758815796707445 ], [ 30.961226480000306, -29.758763963748972 ], [ 30.963755031464522, -29.757334658078225 ], [ 30.964006803036135, -29.75714682869414 ], [ 30.964307586363713, -29.757026515061572 ], [ 30.964482040809756, -29.756972374148106 ], [ 30.964867044567839, -29.756972374062268 ], [ 30.965264078816585, -29.756978389943278 ], [ 30.965697206953099, -29.756984405357262 ], [ 30.966166430325142, -29.757020499318514 ], [ 30.966334869253039, -29.757182922688806 ], [ 30.966804091973039, -29.757531831961831 ], [ 30.966996592838864, -29.757694254651597 ] ] ] } },
{ "type": "Feature", "properties": { "EA_CODE": "59913878", "EA_TYPE": "Township", "White": 4.0, "Black_African": 951.0, "Coloured": 1.0, "Indian_Asian": 2.0, "Other": 2.0, "area_km2": 0.075216, "sal2023_est": 1014.805192, "walk_typology": "Demand overcrowding", "walk_dist_k1_km": 2.5724439202677574, "exceeds_walk_k1_3km": false, "econ_status": "Non_Wealthy", "Ai_walk": 0.030904, "walk_snap_flag": false, "drive_typology": "Well-served", "walk_dist_k3_km": 8.5066789338131379, "PR_NAME": "KwaZulu-Natal", "MN_NAME": "Ethekwini", "SP_NAME": "KwaMashu K" }, "geometry": { "type": "Polygon", "coordinates": [ [ [ 30.955785472428335, -29.754687870989745 ], [ 30.955447486766886, -29.75518428566857 ], [ 30.955637603419703, -29.755374403119681 ], [ 30.956398070528166, -29.75600812524884 ], [ 30.956746617173039, -29.756177118056016 ], [ 30.957264157313563, -29.756314423564433 ], [ 30.957908441344944, -29.75645173141482 ], [ 30.95790871252434, -29.756451823344257 ], [ 30.958373171039366, -29.756610160591865 ], [ 30.958807885263909, -29.756832142672259 ], [ 30.958683395538461, -29.757024065071999 ], [ 30.958390914267959, -29.757337436960107 ], [ 30.957983531063483, -29.757149414071648 ], [ 30.957858182494203, -29.757107630606786 ], [ 30.957398569766262, -29.757546351746253 ], [ 30.956615140282022, -29.757337436696115 ], [ 30.956562912271231, -29.757650809374873 ], [ 30.9552676409157, -29.758570032674292 ], [ 30.955215413169874, -29.758758055939907 ], [ 30.955225857904903, -29.75892518844649 ], [ 30.954523898827507, -29.75892677319607 ], [ 30.954329547029385, -29.758679039554483 ], [ 30.954337970944138, -29.758559588388675 ], [ 30.954724462632967, -29.758350673437647 ], [ 30.955079618116702, -29.758152203681654 ], [ 30.955257195025162, -29.757995518424412 ], [ 30.955361653027623, -29.757859723796869 ], [ 30.955445219468945, -29.757671701313829 ], [ 30.955487001694383, -29.757389665942153 ], [ 30.954964715414338, -29.75728520924299 ], [ 30.954996052607736, -29.757034510966754 ], [ 30.955006497713494, -29.756888271057452 ], [ 30.954933378593495, -29.756710693820523 ], [ 30.954714017955315, -29.756365984303663 ], [ 30.954557332032124, -29.756104840550414 ], [ 30.95455733161565, -29.755958600561627 ], [ 30.954672235387335, -29.755760131540857 ], [ 30.954369164557015, -29.755635055068478 ], [ 30.954381532007236, -29.75562532832998 ], [ 30.954494917079696, -29.755536569836433 ], [ 30.95448927270979, -29.755503734144739 ], [ 30.954519543441673, -29.755464229192732 ], [ 30.954559560769393, -29.755430368150172 ], [ 30.954582648708062, -29.755391888576007 ], [ 30.954631389442095, -29.755392401649374 ], [ 30.954666275693182, -29.755379062165581 ], [ 30.954739130273097, -29.755325705086843 ], [ 30.954801721773151, -29.755303644376308 ], [ 30.954886376173466, -29.755250799288667 ], [ 30.954973594812436, -29.755203084749066 ], [ 30.954995143581773, -29.755176407219764 ], [ 30.955012586709714, -29.755154345176425 ], [ 30.955041830819027, -29.755131771154861 ], [ 30.955083900693769, -29.755109710000539 ], [ 30.955133154121835, -29.755084570009242 ], [ 30.955174197897367, -29.755067125859597 ], [ 30.955236278156477, -29.75495271591257 ], [ 30.955261930366706, -29.754915775665371 ], [ 30.955334784455605, -29.754784433947698 ], [ 30.955335296809174, -29.754759294869046 ], [ 30.955346070952931, -29.754719277440678 ], [ 30.955363001728188, -29.754707989775508 ], [ 30.955488440534651, -29.754521625106548 ], [ 30.955785472428335, -29.754687870989745 ] ] ] } },
{ "type": "Feature", "properties": { "EA_CODE": "59914174", "EA_TYPE": "Township", "White": 0.0, "Black_African": 979.0, "Coloured": 1.0, "Indian_Asian": 2.0, "Other": 0.0, "area_km2": 0.154717, "sal2023_est": 1038.061144, "walk_typology": "Demand overcrowding", "walk_dist_k1_km": 2.0190532153035181, "exceeds_walk_k1_3km": false, "econ_status": "Non_Wealthy", "Ai_walk": 0.03178, "walk_snap_flag": false, "drive_typology": "Well-served", "walk_dist_k3_km": 7.9532882288488986, "PR_NAME": "KwaZulu-Natal", "MN_NAME": "Ethekwini", "SP_NAME": "KwaMashu K" }, "geometry": { "type": "Polygon", "coordinates": [ [ [ 30.958425626427324, -29.755025827886033 ], [ 30.95854216305106, -29.754043587168798 ], [ 30.956057399084571, -29.753860599570373 ], [ 30.956070647607564, -29.753811221812938 ], [ 30.956250202583583, -29.753378177703993 ], [ 30.956535376045011, -29.753198623825899 ], [ 30.957063478083313, -29.752902886934365 ], [ 30.957343135641878, -29.752679857409646 ], [ 30.957471773980235, -29.752734988403322 ], [ 30.958065960870375, -29.752777866685307 ], [ 30.959088940986511, -29.75284524937446 ], [ 30.96017930399406, -29.752918757105718 ], [ 30.960859250223582, -29.752961635946601 ], [ 30.961193574871174, -29.752876724342187 ], [ 30.961780010683487, -29.752754550291645 ], [ 30.964109462930722, -29.753316549613011 ], [ 30.96379180958434, -29.753642347697188 ], [ 30.963555607311289, -29.753968144912772 ], [ 30.963466013396445, -29.754122898950214 ], [ 30.963335694090606, -29.755075857312633 ], [ 30.962893722537469, -29.755215972194733 ], [ 30.962671918979837, -29.755258221330038 ], [ 30.962323371611088, -29.75534271731512 ], [ 30.961922013690252, -29.755321592773988 ], [ 30.960179278993845, -29.755163162234663 ], [ 30.959756796761617, -29.755691263820818 ], [ 30.959292068075417, -29.755416651387691 ], [ 30.959165323491064, -29.755279345026498 ], [ 30.959165322645227, -29.75511035244649 ], [ 30.958425980834797, -29.755025856025711 ], [ 30.958425626427324, -29.755025827886033 ] ] ] } },
{ "type": "Feature", "properties": { "EA_CODE": "59914173", "EA_TYPE": "Township", "White": 1.0, "Black_African": 1011.0, "Coloured": 4.0, "Indian_Asian": 0.0, "Other": 4.0, "area_km2": 0.168485, "sal2023_est": 1078.230516, "walk_typology": "Demand overcrowding", "walk_dist_k1_km": 1.386965894555392, "exceeds_walk_k1_3km": false, "econ_status": "Non_Wealthy", "Ai_walk": 0.035218, "walk_snap_flag": false, "drive_typology": "Well-served", "walk_dist_k3_km": 7.3212009081007716, "PR_NAME": "KwaZulu-Natal", "MN_NAME": "Ethekwini", "SP_NAME": "KwaMashu K" }, "geometry": { "type": "Polygon", "coordinates": [ [ [ 30.967873693560954, -29.753866227082078 ], [ 30.967693417631281, -29.754054425901195 ], [ 30.967638575608014, -29.754147236139588 ], [ 30.967616156665304, -29.754185174785306 ], [ 30.96755276396464, -29.754309980674225 ], [ 30.967501255780945, -29.754516009916749 ], [ 30.967485408247054, -29.754696285313941 ], [ 30.967499274672146, -29.754815148004099 ], [ 30.967554745301481, -29.755015233780956 ], [ 30.967598328239696, -29.755134097163513 ], [ 30.967695398715907, -29.755270788802548 ], [ 30.967816243505062, -29.755409462278887 ], [ 30.96798661329591, -29.755532286986369 ], [ 30.968145096692808, -29.755617472235773 ], [ 30.968357068840071, -29.755704638795436 ], [ 30.968600477588051, -29.755769625570526 ], [ 30.96876516378455, -29.755813596012878 ], [ 30.968864003725447, -29.755835336072675 ], [ 30.968752524131478, -29.756254937306934 ], [ 30.9687357884359, -29.75635461191003 ], [ 30.968385555734084, -29.756794439226518 ], [ 30.967815410544244, -29.756664120306606 ], [ 30.967705260768746, -29.75662215761248 ], [ 30.9676443665767, -29.756598959637877 ], [ 30.967057930746662, -29.756289453382202 ], [ 30.966715842748886, -29.756411627223081 ], [ 30.966178277061974, -29.7564930760363 ], [ 30.965494102644236, -29.756501220606726 ], [ 30.964923957427313, -29.756444207086663 ], [ 30.964744768485559, -29.756346467315144 ], [ 30.964598158659047, -29.756183569453835 ], [ 30.964596074613155, -29.756181096389415 ], [ 30.964270546146373, -29.75579500390106 ], [ 30.964247926962511, -29.755768176753953 ], [ 30.963832535199284, -29.755222466145842 ], [ 30.963710360901359, -29.75512472741638 ], [ 30.963523027999511, -29.755084001620247 ], [ 30.963335694090606, -29.755075857312633 ], [ 30.963466013396445, -29.754122898950214 ], [ 30.963555607311289, -29.753968144912772 ], [ 30.96379180958434, -29.753642347697188 ], [ 30.964109462930722, -29.753316549613011 ], [ 30.964459694618562, -29.752990752987603 ], [ 30.964655173751435, -29.752893013740284 ], [ 30.965046131029222, -29.752778984230559 ], [ 30.965388217711578, -29.752713824794718 ], [ 30.965681436294073, -29.752583506083969 ], [ 30.965844335138218, -29.752428752230745 ], [ 30.965885059690812, -29.752273998344791 ], [ 30.965862070761865, -29.751934911736477 ], [ 30.966166632913577, -29.751908806638031 ], [ 30.966418730337182, -29.751904095004075 ], [ 30.96642241347886, -29.751901435282914 ], [ 30.966398003025525, -29.752015164792148 ], [ 30.966457829898747, -29.752113278649112 ], [ 30.966539193509149, -29.752180285098135 ], [ 30.966692348565868, -29.75229754355696 ], [ 30.966938830885056, -29.752498558926501 ], [ 30.967113523447061, -29.752637355093455 ], [ 30.967300180346164, -29.752747434834671 ], [ 30.967668709427553, -29.752886231640517 ], [ 30.967790753863834, -29.75295562992617 ], [ 30.96781947010092, -29.75303938630006 ], [ 30.96781229070908, -29.753132714650416 ], [ 30.967785968367672, -29.753249973909369 ], [ 30.967800325980761, -29.753297834636498 ], [ 30.967812290946178, -29.753350482400343 ], [ 30.96780032571327, -29.753388771393649 ], [ 30.967769216058841, -29.753436631291951 ], [ 30.967738106636244, -29.753479705696947 ], [ 30.967697425181345, -29.753534746013273 ], [ 30.967690246433865, -29.753582607318556 ], [ 30.967685459906139, -29.753635254363161 ], [ 30.967685459974721, -29.753685507767781 ], [ 30.967718962213073, -29.753730975368246 ], [ 30.967776395381279, -29.753788407615293 ], [ 30.967873693560954, -29.753866227082078 ] ] ] } },
{ "type": "Feature", "properties": { "EA_CODE": "59914177", "EA_TYPE": "Township", "White": 1.0, "Black_African": 1086.0, "Coloured": 0.0, "Indian_Asian": 0.0, "Other": 1.0, "area_km2": 0.06239, "sal2023_est": 1150.112551, "walk_typology": "Demand overcrowding", "walk_dist_k1_km": 1.602132925887384, "exceeds_walk_k1_3km": false, "econ_status": "Non_Wealthy", "Ai_walk": 0.016477, "walk_snap_flag": false, "drive_typology": "Well-served", "walk_dist_k3_km": 7.5363679394327647, "PR_NAME": "KwaZulu-Natal", "MN_NAME": "Ethekwini", "SP_NAME": "KwaMashu K" }, "geometry": { "type": "Polygon", "coordinates": [ [ [ 30.962133594872977, -29.751253838637972 ], [ 30.962166069511458, -29.751258538916918 ], [ 30.962828118405387, -29.751425818044517 ], [ 30.963518439572944, -29.75159074102179 ], [ 30.964573947481355, -29.751856973959459 ], [ 30.964851960238086, -29.751920587387254 ], [ 30.965134685751668, -29.751960639689177 ], [ 30.965384425670457, -29.751970064303091 ], [ 30.965671863988771, -29.751951215856263 ], [ 30.965862070761865, -29.751934911736477 ], [ 30.965885059690812, -29.752273998344791 ], [ 30.965844335138218, -29.752428752230745 ], [ 30.965681436294073, -29.752583506083969 ], [ 30.965388217711578, -29.752713824794718 ], [ 30.965046131029222, -29.752778984230559 ], [ 30.964655173751435, -29.752893013740284 ], [ 30.964459694618562, -29.752990752987603 ], [ 30.964109462930722, -29.753316549613011 ], [ 30.961780010683487, -29.752754550291645 ], [ 30.961193574871174, -29.752876724342187 ], [ 30.960859250223582, -29.752961635946601 ], [ 30.961030767508159, -29.752741114040013 ], [ 30.961153279809203, -29.752496087740141 ], [ 30.961257416015126, -29.752177554768117 ], [ 30.961312547185521, -29.751724258172867 ], [ 30.962004743066437, -29.751779389153143 ], [ 30.962130681723611, -29.751253416722655 ], [ 30.962133594872977, -29.751253838637972 ] ] ] } },
{ "type": "Feature", "properties": { "EA_CODE": "59914171", "EA_TYPE": "Township", "White": 0.0, "Black_African": 1167.0, "Coloured": 4.0, "Indian_Asian": 0.0, "Other": 0.0, "area_km2": 0.066621, "sal2023_est": 1237.850916, "walk_typology": "Demand overcrowding", "walk_dist_k1_km": 1.5260375794569181, "exceeds_walk_k1_3km": false, "econ_status": "Non_Wealthy", "Ai_walk": 0.034372, "walk_snap_flag": false, "drive_typology": "Well-served", "walk_dist_k3_km": 7.4602725930022986, "PR_NAME": "KwaZulu-Natal", "MN_NAME": "Ethekwini", "SP_NAME": "KwaMashu K" }, "geometry": { "type": "Polygon", "coordinates": [ [ [ 30.970437935545668, -29.756353098422323 ], [ 30.970277748042292, -29.756515826686343 ], [ 30.970153991309623, -29.756639584357821 ], [ 30.970018824547562, -29.75677036325472 ], [ 30.969818705959085, -29.756972236049762 ], [ 30.969864347440744, -29.757008222382964 ], [ 30.969994248176015, -29.757091605088714 ], [ 30.969928420120691, -29.757161822305566 ], [ 30.969888923419585, -29.757186397711866 ], [ 30.969714258266226, -29.757057373540956 ], [ 30.969689645433014, -29.757088194388249 ], [ 30.969660411686494, -29.757141860991858 ], [ 30.969555508208227, -29.757255579792247 ], [ 30.969447078201604, -29.757342853186369 ], [ 30.969365902616644, -29.757400929952428 ], [ 30.969364051826361, -29.757403192170848 ], [ 30.969357979645519, -29.757406598012913 ], [ 30.969328066598024, -29.757423379399782 ], [ 30.969208697454846, -29.757480430567401 ], [ 30.969170078278275, -29.757433912083993 ], [ 30.969146380449626, -29.7574479548346 ], [ 30.968923440771068, -29.757533092734857 ], [ 30.968877107161514, -29.757554586828537 ], [ 30.968701655971749, -29.757609207826398 ], [ 30.968628827285908, -29.757630726319011 ], [ 30.968582480709312, -29.757635691025179 ], [ 30.968489746392528, -29.757676645649784 ], [ 30.968292777422665, -29.757747820341123 ], [ 30.968057738761654, -29.757812372049266 ], [ 30.967857460041067, -29.757881891447195 ], [ 30.967612491441358, -29.757958029696347 ], [ 30.967347870421559, -29.75804859593476 ], [ 30.967327454813859, -29.757742380445073 ], [ 30.967237219837408, -29.757742380206768 ], [ 30.966996592838864, -29.757694254651597 ], [ 30.966804091973039, -29.757531831961831 ], [ 30.966334869253039, -29.757182922688806 ], [ 30.966166430325142, -29.757020499318514 ], [ 30.965697206953099, -29.756984405357262 ], [ 30.965264078816585, -29.756978389943278 ], [ 30.964867044567839, -29.756972374062268 ], [ 30.964482040809756, -29.756972374148106 ], [ 30.964307586363713, -29.757026515061572 ], [ 30.964006803036135, -29.75714682869414 ], [ 30.963755031464522, -29.757334658078225 ], [ 30.963675311843819, -29.757233320797443 ], [ 30.963664750439452, -29.757022080966827 ], [ 30.96371755976724, -29.756831963793491 ], [ 30.963833742645598, -29.756673533453654 ], [ 30.963981610964396, -29.756536227261634 ], [ 30.96428791062792, -29.75637779603154 ], [ 30.964596074613155, -29.756181096389415 ], [ 30.964598158659047, -29.756183569453835 ], [ 30.964744768485559, -29.756346467315144 ], [ 30.964923957427313, -29.756444207086663 ], [ 30.965494102644236, -29.756501220606726 ], [ 30.966178277061974, -29.7564930760363 ], [ 30.966715842748886, -29.756411627223081 ], [ 30.967057930746662, -29.756289453382202 ], [ 30.9676443665767, -29.756598959637877 ], [ 30.967705260768746, -29.75662215761248 ], [ 30.967815410544244, -29.756664120306606 ], [ 30.968385555734084, -29.756794439226518 ], [ 30.9687357884359, -29.75635461191003 ], [ 30.968752524131478, -29.756254937306934 ], [ 30.968864003725447, -29.755835336072675 ], [ 30.969638805728742, -29.756005757910536 ], [ 30.970011242628772, -29.756112734195415 ], [ 30.97023312041194, -29.756217730374019 ], [ 30.97034802138791, -29.756289046943373 ], [ 30.970435186769908, -29.756350459754433 ], [ 30.970437935545668, -29.756353098422323 ] ] ] } },
{ "type": "Feature", "properties": { "EA_CODE": "59913873", "EA_TYPE": "Township", "White": 0.0, "Black_African": 1204.0, "Coloured": 0.0, "Indian_Asian": 0.0, "Other": 2.0, "area_km2": 0.093803, "sal2023_est": 1274.849022, "walk_typology": "Demand overcrowding", "walk_dist_k1_km": 2.5846046050005005, "exceeds_walk_k1_3km": false, "econ_status": "Non_Wealthy", "Ai_walk": 0.031976, "walk_snap_flag": false, "drive_typology": "Well-served", "walk_dist_k3_km": 8.5188396185458828, "PR_NAME": "KwaZulu-Natal", "MN_NAME": "Ethekwini", "SP_NAME": "KwaMashu K" }, "geometry": { "type": "Polygon", "coordinates": [ [ [ 30.954037027180465, -29.760108198748743 ], [ 30.954148611578781, -29.759489705103721 ], [ 30.954204051332482, -29.759451323384447 ], [ 30.954523898827507, -29.75892677319607 ], [ 30.955225857904903, -29.75892518844649 ], [ 30.955215413169874, -29.758758055939907 ], [ 30.9552676409157, -29.758570032674292 ], [ 30.956562912271231, -29.757650809374873 ], [ 30.956615140282022, -29.757337436696115 ], [ 30.957398569766262, -29.757546351746253 ], [ 30.957858182494203, -29.757107630606786 ], [ 30.957983531063483, -29.757149414071648 ], [ 30.958390914267959, -29.757337436960107 ], [ 30.958683395538461, -29.757024065071999 ], [ 30.958807885263909, -29.756832142672259 ], [ 30.958869586380136, -29.756863649565318 ], [ 30.95904914135534, -29.756990393558045 ], [ 30.959270943694204, -29.757254445057949 ], [ 30.959492745727072, -29.757624117015521 ], [ 30.959608662142411, -29.757855948547693 ], [ 30.959265461206893, -29.757839606392583 ], [ 30.959058127877697, -29.757822328803893 ], [ 30.958807601120068, -29.757856883948836 ], [ 30.958643462765274, -29.758038299986975 ], [ 30.958565714207371, -29.758297464553824 ], [ 30.958392936164071, -29.758427047652223 ], [ 30.958479324951782, -29.758712129897919 ], [ 30.958125132400134, -29.758858991041578 ], [ 30.957825173618602, -29.759304946123816 ], [ 30.957453318457922, -29.759195006302559 ], [ 30.957324217030294, -29.759290429076511 ], [ 30.956499093752427, -29.759902254031278 ], [ 30.956436203775404, -29.760390578033757 ], [ 30.956195426562164, -29.760383845607052 ], [ 30.955718809718075, -29.760353584558455 ], [ 30.955499414665272, -29.760323324010407 ], [ 30.954791754450977, -29.760222228535355 ], [ 30.954037027180465, -29.760108198748743 ] ] ] } },
{ "type": "Feature", "properties": { "EA_CODE": "59914178", "EA_TYPE": "Township", "White": 1.0, "Black_African": 1214.0, "Coloured": 0.0, "Indian_Asian": 0.0, "Other": 0.0, "area_km2": 0.072568, "sal2023_est": 1284.362821, "walk_typology": "Demand overcrowding", "walk_dist_k1_km": 1.9999755367506871, "exceeds_walk_k1_3km": false, "econ_status": "Non_Wealthy", "Ai_walk": 0.022545, "walk_snap_flag": false, "drive_typology": "Well-served", "walk_dist_k3_km": 7.7889159165618365, "PR_NAME": "KwaZulu-Natal", "MN_NAME": "Ethekwini", "SP_NAME": "KwaMashu K" }, "geometry": { "type": "Polygon", "coordinates": [ [ [ 30.962130681723611, -29.751253416722655 ], [ 30.962004743066437, -29.751779389153143 ], [ 30.961312547185521, -29.751724258172867 ], [ 30.961257416015126, -29.752177554768117 ], [ 30.961153279809203, -29.752496087740141 ], [ 30.961030767508159, -29.752741114040013 ], [ 30.960859250223582, -29.752961635946601 ], [ 30.96017930399406, -29.752918757105718 ], [ 30.959088940986511, -29.75284524937446 ], [ 30.958065960870375, -29.752777866685307 ], [ 30.957471773980235, -29.752734988403322 ], [ 30.957343135641878, -29.752679857409646 ], [ 30.957753553108066, -29.752208182723404 ], [ 30.958010830049705, -29.751993786319986 ], [ 30.958108840090297, -29.751693629861219 ], [ 30.958090462882229, -29.751387348083107 ], [ 30.958023081080437, -29.751185202599832 ], [ 30.95790373721648, -29.750888900038586 ], [ 30.957911052211845, -29.75088628316853 ], [ 30.957962884714036, -29.750879214615374 ], [ 30.958285664107979, -29.75084623082784 ], [ 30.959232794099304, -29.750933403990405 ], [ 30.959878349919673, -29.751006441712057 ], [ 30.961110561270335, -29.751136023945136 ], [ 30.961807949979168, -29.75120670640155 ], [ 30.962130681723611, -29.751253416722655 ] ] ] } },
{ "type": "Feature", "properties": { "EA_CODE": "59913872", "EA_TYPE": "Township", "White": 0.0, "Black_African": 1348.0, "Coloured": 0.0, "Indian_Asian": 0.0, "Other": 0.0, "area_km2": 0.103851, "sal2023_est": 1356.903364, "walk_typology": "Access gap", "walk_dist_k1_km": 3.0018584888868616, "exceeds_walk_k1_3km": true, "econ_status": "Non_Wealthy", "Ai_walk": 0.026972, "walk_snap_flag": false, "drive_typology": "Well-served", "walk_dist_k3_km": 8.9360935024322448, "PR_NAME": "KwaZulu-Natal", "MN_NAME": "Ethekwini", "SP_NAME": "KwaMashu K" }, "geometry": { "type": "Polygon", "coordinates": [ [ [ 30.950569323622393, -29.757332890001734 ], [ 30.950607022891212, -29.757340186958508 ], [ 30.950641074936012, -29.757340187090414 ], [ 30.950672694588267, -29.757342618926163 ], [ 30.950703097296948, -29.757354780801037 ], [ 30.950756605876865, -29.757368158041849 ], [ 30.95079308975556, -29.757377887214862 ], [ 30.950883083475471, -29.757431395921689 ], [ 30.951300214369788, -29.757540848156843 ], [ 30.951558396491738, -29.757987894836653 ], [ 30.952071248484419, -29.758141758241344 ], [ 30.952363728124276, -29.758298444153546 ], [ 30.952624872341904, -29.758768501599263 ], [ 30.952593534499918, -29.759426583007041 ], [ 30.952581989735361, -29.759888361422142 ], [ 30.954037027180465, -29.760108198748743 ], [ 30.954791754450977, -29.760222228535355 ], [ 30.954682358648821, -29.760467064889355 ], [ 30.954689925542411, -29.760746981680324 ], [ 30.954575683918261, -29.76127664136844 ], [ 30.954274855094507, -29.761233002052649 ], [ 30.954104597736311, -29.761219625094675 ], [ 30.954018252927771, -29.761212327989092 ], [ 30.953992714517657, -29.761212328139017 ], [ 30.953972039602512, -29.761194086236269 ], [ 30.953910018603278, -29.761179493307115 ], [ 30.953584095827868, -29.761132064142689 ], [ 30.953539646543359, -29.761125551594045 ], [ 30.952870231375236, -29.761027477380321 ], [ 30.95200191769386, -29.760899783742136 ], [ 30.951146982225563, -29.760775739415184 ], [ 30.950919567090093, -29.760738040201861 ], [ 30.95092321538684, -29.760711284814015 ], [ 30.950363797828878, -29.760623723750136 ], [ 30.950163137742035, -29.760592105162662 ], [ 30.950152192342351, -29.760568997924214 ], [ 30.950129085987331, -29.760564133639082 ], [ 30.950091385989872, -29.760559268617087 ], [ 30.950063414744168, -29.760564134392993 ], [ 30.950017203612877, -29.76058724011888 ], [ 30.949985582873698, -29.760589672172461 ], [ 30.949974638265807, -29.76057507861184 ], [ 30.949943018877615, -29.760568997796987 ], [ 30.949888293467811, -29.760549539818104 ], [ 30.949859660586945, -29.760544453153219 ], [ 30.949949709223763, -29.760259139920102 ], [ 30.949985729570137, -29.760131175402083 ], [ 30.94997625063198, -29.760102739381527 ], [ 30.949999946916794, -29.760038282853163 ], [ 30.950046393188387, -29.759888517167113 ], [ 30.950113692813964, -29.759704627314367 ], [ 30.95013359892166, -29.759582350270797 ], [ 30.950183836850531, -29.759465760747812 ], [ 30.950224850877628, -29.759298090733857 ], [ 30.950232457114804, -29.758940607076717 ], [ 30.950238856315273, -29.758684623748248 ], [ 30.950229045357336, -29.758639027809458 ], [ 30.950229615100074, -29.758439432794592 ], [ 30.950151487883229, -29.758279757107488 ], [ 30.950151408193896, -29.758243617872623 ], [ 30.950080441391293, -29.758106345908601 ], [ 30.950028148122971, -29.75803581036892 ], [ 30.950064630832347, -29.757993245966393 ], [ 30.950114492824952, -29.757955545621215 ], [ 30.950124221795964, -29.757897172085997 ], [ 30.950180163355114, -29.757864336846119 ], [ 30.950366229640174, -29.757454502712129 ], [ 30.950439198087764, -29.757307351963821 ], [ 30.950480546386871, -29.757315864883061 ], [ 30.950514597843139, -29.757323160993362 ], [ 30.950546217243588, -29.757324376879716 ], [ 30.950569323622393, -29.757332890001734 ] ] ] } },
{ "type": "Feature", "properties": { "EA_CODE": "59913872", "EA_TYPE": "Township", "White": 0.0, "Black_African": 1348.0, "Coloured": 0.0, "Indian_Asian": 0.0, "Other": 0.0, "area_km2": 0.103851, "sal2023_est": 1356.903364, "walk_typology": "Access gap", "walk_dist_k1_km": 3.0018584888868616, "exceeds_walk_k1_3km": true, "econ_status": "Non_Wealthy", "Ai_walk": 0.026972, "walk_snap_flag": false, "drive_typology": "Well-served", "walk_dist_k3_km": 8.9360935024322448, "PR_NAME": "KwaZulu-Natal", "MN_NAME": "Ethekwini", "SP_NAME": "KwaMashu K" }, "geometry": { "type": "Polygon", "coordinates": [ [ [ 30.950569323622393, -29.757332890001734 ], [ 30.950607022891212, -29.757340186958508 ], [ 30.950641074936012, -29.757340187090414 ], [ 30.950672694588267, -29.757342618926163 ], [ 30.950703097296948, -29.757354780801037 ], [ 30.950756605876865, -29.757368158041849 ], [ 30.95079308975556, -29.757377887214862 ], [ 30.950883083475471, -29.757431395921689 ], [ 30.951300214369788, -29.757540848156843 ], [ 30.951558396491738, -29.757987894836653 ], [ 30.952071248484419, -29.758141758241344 ], [ 30.952363728124276, -29.758298444153546 ], [ 30.952624872341904, -29.758768501599263 ], [ 30.952593534499918, -29.759426583007041 ], [ 30.952581989735361, -29.759888361422142 ], [ 30.954037027180465, -29.760108198748743 ], [ 30.954791754450977, -29.760222228535355 ], [ 30.954682358648821, -29.760467064889355 ], [ 30.954689925542411, -29.760746981680324 ], [ 30.954575683918261, -29.76127664136844 ], [ 30.954274855094507, -29.761233002052649 ], [ 30.954104597736311, -29.761219625094675 ], [ 30.954018252927771, -29.761212327989092 ], [ 30.953992714517657, -29.761212328139017 ], [ 30.953972039602512, -29.761194086236269 ], [ 30.953910018603278, -29.761179493307115 ], [ 30.953584095827868, -29.761132064142689 ], [ 30.953539646543359, -29.761125551594045 ], [ 30.952870231375236, -29.761027477380321 ], [ 30.95200191769386, -29.760899783742136 ], [ 30.951146982225563, -29.760775739415184 ], [ 30.950919567090093, -29.760738040201861 ], [ 30.95092321538684, -29.760711284814015 ], [ 30.950363797828878, -29.760623723750136 ], [ 30.950163137742035, -29.760592105162662 ], [ 30.950152192342351, -29.760568997924214 ], [ 30.950129085987331, -29.760564133639082 ], [ 30.950091385989872, -29.760559268617087 ], [ 30.950063414744168, -29.760564134392993 ], [ 30.950017203612877, -29.76058724011888 ], [ 30.949985582873698, -29.760589672172461 ], [ 30.949974638265807, -29.76057507861184 ], [ 30.949943018877615, -29.760568997796987 ], [ 30.949888293467811, -29.760549539818104 ], [ 30.949859660586945, -29.760544453153219 ], [ 30.949949709223763, -29.760259139920102 ], [ 30.949985729570137, -29.760131175402083 ], [ 30.94997625063198, -29.760102739381527 ], [ 30.949999946916794, -29.760038282853163 ], [ 30.950046393188387, -29.759888517167113 ], [ 30.950113692813964, -29.759704627314367 ], [ 30.95013359892166, -29.759582350270797 ], [ 30.950183836850531, -29.759465760747812 ], [ 30.950224850877628, -29.759298090733857 ], [ 30.950232457114804, -29.758940607076717 ], [ 30.950238856315273, -29.758684623748248 ], [ 30.950229045357336, -29.758639027809458 ], [ 30.950229615100074, -29.758439432794592 ], [ 30.950151487883229, -29.758279757107488 ], [ 30.950151408193896, -29.758243617872623 ], [ 30.950080441391293, -29.758106345908601 ], [ 30.950028148122971, -29.75803581036892 ], [ 30.950064630832347, -29.757993245966393 ], [ 30.950114492824952, -29.757955545621215 ], [ 30.950124221795964, -29.757897172085997 ], [ 30.950180163355114, -29.757864336846119 ], [ 30.950366229640174, -29.757454502712129 ], [ 30.950439198087764, -29.757307351963821 ], [ 30.950480546386871, -29.757315864883061 ], [ 30.950514597843139, -29.757323160993362 ], [ 30.950546217243588, -29.757324376879716 ], [ 30.950569323622393, -29.757332890001734 ] ] ] } },
{ "type": "Feature", "properties": { "EA_CODE": "59911392", "EA_TYPE": "Township", "White": 0.0, "Black_African": 0.0, "Coloured": 0.0, "Indian_Asian": 0.0, "Other": 0.0, "area_km2": 0.713544, "sal2023_est": 19.058291, "walk_typology": "Artifact zone", "walk_dist_k1_km": 3.1289563599233108, "exceeds_walk_k1_3km": true, "econ_status": "Non_Wealthy", "Ai_walk": 0.103171, "walk_snap_flag": false, "drive_typology": "Well-served", "walk_dist_k3_km": 7.6429236645751013, "PR_NAME": "KwaZulu-Natal", "MN_NAME": "Ethekwini", "SP_NAME": "Bridge City" }, "geometry": { "type": "Polygon", "coordinates": [ [ [ 30.992207980284245, -29.72445635740517 ], [ 30.992484947600513, -29.724506713664056 ], [ 30.994172050595598, -29.724827234654772 ], [ 30.994521710167756, -29.724920476657999 ], [ 30.995110302991566, -29.725112789766847 ], [ 30.995328840250156, -29.725197289717553 ], [ 30.995923260617836, -29.725482845086692 ], [ 30.996412782148703, -29.725765486013504 ], [ 30.996791580551811, -29.726048127333154 ], [ 30.99697515037262, -29.726208387760011 ], [ 30.997237394669913, -29.726426923895733 ], [ 30.997572484484454, -29.726794066179338 ], [ 30.997930885303671, -29.727228226231329 ], [ 30.998225180999448, -29.727721147988458 ], [ 30.998481582292481, -29.728204261845402 ], [ 30.990711623968284, -29.730306518341589 ], [ 30.99054726236708, -29.730435430006288 ], [ 30.99052049953189, -29.730460917873426 ], [ 30.990407427295644, -29.73047348194364 ], [ 30.990345726281266, -29.730437488815493 ], [ 30.99028402398816, -29.730434917935732 ], [ 30.990206896632625, -29.73042977600393 ], [ 30.990109201769158, -29.730370644931067 ], [ 30.990024361865345, -29.730319227270755 ], [ 30.989839256515925, -29.730226674386678 ], [ 30.989723564706789, -29.730177826628815 ], [ 30.989623300407743, -29.73013669215603 ], [ 30.989399631082811, -29.730118695815001 ], [ 30.988744049344049, -29.729679070138047 ], [ 30.988612931830922, -29.729599372038983 ], [ 30.988098750152851, -29.729247158228247 ], [ 30.98802419439669, -29.729234302656909 ], [ 30.987810807979383, -29.729159747019139 ], [ 30.987677121313677, -29.729118611671765 ], [ 30.987648841604532, -29.729085189935248 ], [ 30.987394320614925, -29.728830670083536 ], [ 30.98701896785143, -29.728424466157708 ], [ 30.986777302912877, -29.72817508794062 ], [ 30.986679608439879, -29.728108245419111 ], [ 30.986531781278881, -29.727861008986082 ], [ 30.985992460618721, -29.72727141256857 ], [ 30.985412006970233, -29.726969760096839 ], [ 30.985156057638349, -29.726841786367171 ], [ 30.985055507147532, -29.726658964791408 ], [ 30.984945815251212, -29.726617831224338 ], [ 30.984858975397902, -29.726540131752134 ], [ 30.984630449757752, -29.726375593848903 ], [ 30.984424777580948, -29.726334459031097 ], [ 30.984292404442868, -29.726155341686376 ], [ 30.984294433003871, -29.72615414839828 ], [ 30.984160120980697, -29.725945018297899 ], [ 30.983941075381892, -29.72566467470833 ], [ 30.983857242928874, -29.725554700833715 ], [ 30.98368326852431, -29.725315823813592 ], [ 30.983502082270594, -29.725100382596789 ], [ 30.98330557087397, -29.724838068575277 ], [ 30.983186583125818, -29.724674911076768 ], [ 30.983073905393969, -29.724554120322331 ], [ 30.982900220307474, -29.724379562363339 ], [ 30.982894522495538, -29.724373835402041 ], [ 30.982758407335524, -29.724241325900508 ], [ 30.98264933364608, -29.724096196916655 ], [ 30.982623193007441, -29.724046617933116 ], [ 30.982705162949813, -29.723938727603894 ], [ 30.982713867785641, -29.723923326568972 ], [ 30.9834467440113, -29.724164134729822 ], [ 30.983621427314912, -29.723954514765691 ], [ 30.983741211357518, -29.723801458825832 ], [ 30.984098896033718, -29.723383880982379 ], [ 30.984233651756163, -29.723237479905126 ], [ 30.984293543800639, -29.723149305848015 ], [ 30.984351771937604, -29.723049487381459 ], [ 30.984398354516838, -29.722941348633402 ], [ 30.984539764647554, -29.722596973362915 ], [ 30.984696982513729, -29.722165485033031 ], [ 30.985089661019753, -29.722417502346094 ], [ 30.986019170620089, -29.722918679645847 ], [ 30.986313466656465, -29.723055630052613 ], [ 30.987289598556281, -29.723422771263891 ], [ 30.987656739773623, -29.723550979649868 ], [ 30.98812003771873, -29.723664619113308 ], [ 30.989040807310335, -29.723859845328949 ], [ 30.989941179430524, -29.724034674843029 ], [ 30.990745393964996, -29.724180366272911 ], [ 30.992068269754977, -29.724430955156372 ], [ 30.992207980284245, -29.72445635740517 ] ] ] } },
{ "type": "Feature", "properties": { "EA_CODE": "59914207", "EA_TYPE": "Township", "White": 0.0, "Black_African": 0.0, "Coloured": 0.0, "Indian_Asian": 0.0, "Other": 0.0, "area_km2": 0.327638, "sal2023_est": 2.084101, "walk_typology": "Well-served", "walk_dist_k1_km": 2.453190124401988, "exceeds_walk_k1_3km": false, "econ_status": "Non_Wealthy", "Ai_walk": 0.096927, "walk_snap_flag": false, "drive_typology": "Well-served", "walk_dist_k3_km": 7.7942445087592871, "PR_NAME": "KwaZulu-Natal", "MN_NAME": "Ethekwini", "SP_NAME": "KwaMashu Q" }, "geometry": { "type": "Polygon", "coordinates": [ [ [ 30.984374842033162, -29.726931154683808 ], [ 30.984353103797638, -29.727105062995488 ], [ 30.984483535303681, -29.727365924722442 ], [ 30.984613965754772, -29.727576063700809 ], [ 30.984686428121215, -29.727735479828105 ], [ 30.984766135601038, -29.72784417299798 ], [ 30.984831351227882, -29.727916633901202 ], [ 30.984882073862483, -29.728003587898243 ], [ 30.984954535817078, -29.72824271218316 ], [ 30.984990766632535, -29.728344158322962 ], [ 30.985215398473532, -29.728402126871881 ], [ 30.985396552611022, -29.728467342595497 ], [ 30.98542553741477, -29.728619512424576 ], [ 30.985461766815071, -29.728865881744404 ], [ 30.986316815104761, -29.728829651047942 ], [ 30.986584923228804, -29.72946006841747 ], [ 30.986606661811098, -29.729547022445178 ], [ 30.986555939358304, -29.729699191325238 ], [ 30.986621154311141, -29.72991657618951 ], [ 30.986787816390418, -29.730271638796498 ], [ 30.986911001169343, -29.730626701217606 ], [ 30.987309540484368, -29.730880317249163 ], [ 30.98757040223088, -29.73115567120119 ], [ 30.987997925751628, -29.731307839725254 ], [ 30.988461680904923, -29.731271610106774 ], [ 30.988693557798879, -29.731119440112014 ], [ 30.988961665863275, -29.731467255987141 ], [ 30.989077605347276, -29.731691886668447 ], [ 30.989280498012636, -29.731836810940337 ], [ 30.989528857118906, -29.731824456991841 ], [ 30.989496629587972, -29.73191791774002 ], [ 30.989564308024349, -29.73202427093571 ], [ 30.989670660152044, -29.732101618345073 ], [ 30.989793126938388, -29.732088726996892 ], [ 30.98984146935555, -29.732140291148639 ], [ 30.989783458004393, -29.732259534653789 ], [ 30.989702887643798, -29.732356218932921 ], [ 30.989596536247713, -29.732417452337526 ], [ 30.989454732802049, -29.732443233803501 ], [ 30.989348380123232, -29.732436788773182 ], [ 30.989238805490785, -29.732436789332763 ], [ 30.989113116604578, -29.732423897941057 ], [ 30.989022878344596, -29.732465793966181 ], [ 30.988910080381761, -29.732530250073165 ], [ 30.988771498831269, -29.732565700925672 ], [ 30.988639363846392, -29.732601151765632 ], [ 30.988426660562371, -29.73262048819581 ], [ 30.988168836030816, -29.732723618115269 ], [ 30.987943240504425, -29.732858975537198 ], [ 30.987901342910359, -29.732904094733289 ], [ 30.987740203452596, -29.732987887569106 ], [ 30.987637073932618, -29.733020115906076 ], [ 30.987527499271877, -29.733055566378841 ], [ 30.987459820139069, -29.733097463050758 ], [ 30.987417924150094, -29.733168364254542 ], [ 30.987393157802213, -29.733191754213536 ], [ 30.987359913344338, -29.733223151850556 ], [ 30.987211664410903, -29.733232820401881 ], [ 30.987156876780521, -29.733223152078786 ], [ 30.987092421565801, -29.733161918969884 ], [ 30.986905498526625, -29.733171586701651 ], [ 30.986860379602664, -29.733165141938848 ], [ 30.986805592471455, -29.73308134928315 ], [ 30.98672502184634, -29.733058789158477 ], [ 30.986573550036621, -29.733081349311203 ], [ 30.986463975000447, -29.733123244712822 ], [ 30.986389850720954, -29.733165142391766 ], [ 30.986306058496481, -29.733152250055848 ], [ 30.986193260231435, -29.733094239617561 ], [ 30.986132026653159, -29.733065235059566 ], [ 30.986067571033004, -29.733049120963347 ], [ 30.985957994765744, -29.732987888032735 ], [ 30.985835528848835, -29.732929876809475 ], [ 30.985703394336348, -29.732884758383118 ], [ 30.985506803142641, -29.732968550576178 ], [ 30.985268316231355, -29.732974996426211 ], [ 30.985113622343349, -29.733007223851061 ], [ 30.985020160923874, -29.73304589827374 ], [ 30.984949259587989, -29.733113576665538 ], [ 30.984910586125093, -29.733178033376038 ], [ 30.984862244308871, -29.733271494240949 ], [ 30.984793491223691, -29.733282774107096 ], [ 30.984719007777407, -29.733311420589281 ], [ 30.984587231473331, -29.733259856174424 ], [ 30.98431794918038, -29.733076515288339 ], [ 30.984266384175008, -29.73300203202124 ], [ 30.983997101234337, -29.732171266029106 ], [ 30.98384724896713, -29.732032514095 ], [ 30.983876820981461, -29.731986067651555 ], [ 30.983730493003492, -29.73193607304043 ], [ 30.983643915660849, -29.73193119504537 ], [ 30.983541485862435, -29.731914123192215 ], [ 30.983468322349172, -29.731878760695746 ], [ 30.983409791174751, -29.731861688749873 ], [ 30.983374427717365, -29.73182632707492 ], [ 30.983354918341082, -29.731787305642698 ], [ 30.983328091444793, -29.731749504399488 ], [ 30.983270778775758, -29.731733652186158 ], [ 30.983204931350141, -29.731721458105291 ], [ 30.983137863831669, -29.731676339885396 ], [ 30.983113476350919, -29.73164341636566 ], [ 30.983115054417244, -29.731625535838553 ], [ 30.983117135126729, -29.731601956941027 ], [ 30.983115914976025, -29.731551960639134 ], [ 30.983081772602191, -29.731511720739284 ], [ 30.983041531720847, -29.731488552947319 ], [ 30.982945605998268, -29.731389441669982 ], [ 30.982904416723958, -29.731346086188381 ], [ 30.982830710898952, -29.731281050775657 ], [ 30.982776514716807, -29.731231190753501 ], [ 30.982763508456337, -29.731207345420206 ], [ 30.982774348643762, -29.73111412937039 ], [ 30.982772179652066, -29.731057765430503 ], [ 30.982746166136209, -29.731012240812149 ], [ 30.982754837516236, -29.730968885247709 ], [ 30.982685466905377, -29.73091685674493 ], [ 30.982585747398009, -29.730873500076076 ], [ 30.982525048314365, -29.730830143774419 ], [ 30.98248169134655, -29.730769445033779 ], [ 30.982410153233101, -29.730717416783691 ], [ 30.982301761653144, -29.730661053732469 ], [ 30.982217217430556, -29.730639375665692 ], [ 30.982139174597112, -29.73062203290219 ], [ 30.982078476538142, -29.730630704216107 ], [ 30.982030784168522, -29.730637207906806 ], [ 30.981961413903921, -29.730648046893965 ], [ 30.981898547171781, -29.730671893368029 ], [ 30.981831344272408, -29.730743431082782 ], [ 30.981770645246769, -29.730769444917897 ], [ 30.981694772546938, -29.730784619738888 ], [ 30.981603723015976, -29.730780284298589 ], [ 30.981523514450004, -29.73076727717601 ], [ 30.981425962372757, -29.730732592306474 ], [ 30.981248923466403, -29.730742266754792 ], [ 30.981048519280325, -29.73072685079191 ], [ 30.98081728558892, -29.730654911608418 ], [ 30.98057577339182, -29.730613803368421 ], [ 30.98033426174171, -29.730547001582895 ], [ 30.980205798140339, -29.730475063183935 ], [ 30.980051642074702, -29.730408261996441 ], [ 30.979938593709253, -29.730356875767658 ], [ 30.97969708216559, -29.730320906424822 ], [ 30.979512095233058, -29.730223273556309 ], [ 30.979296276011667, -29.730130780028631 ], [ 30.979121565092207, -29.730074255821265 ], [ 30.979023932694879, -29.730022870619379 ], [ 30.978895469278815, -29.729940654132907 ], [ 30.978820015674128, -29.729886103298014 ], [ 30.978823173196766, -29.729884152284935 ], [ 30.978948804889967, -29.729806532969764 ], [ 30.979020992040766, -29.729804072085972 ], [ 30.979097280972979, -29.72979668959147 ], [ 30.979143217712412, -29.729786846120451 ], [ 30.979227710104674, -29.729773720812393 ], [ 30.979345014780076, -29.729750752275379 ], [ 30.979476263664619, -29.729713018219538 ], [ 30.979529584532429, -29.729719581032963 ], [ 30.979557474748038, -29.729728604182238 ], [ 30.979794544045539, -29.729640010921354 ], [ 30.98001356696183, -29.729521886008051 ], [ 30.980144817413624, -29.729437393726872 ], [ 30.980248175875502, -29.729361104749444 ], [ 30.980314621174703, -29.729315168338825 ], [ 30.980422080961105, -29.729311065715457 ], [ 30.980472941345763, -29.729260207428563 ], [ 30.980463917193742, -29.729242160373733 ], [ 30.980566456359444, -29.729151926186479 ], [ 30.980678018519427, -29.728962434598607 ], [ 30.980708369577037, -29.728833646397938 ], [ 30.98076004901036, -29.728735209 ], [ 30.980811728372615, -29.728640872889695 ], [ 30.98085028361054, -29.728645795037909 ], [ 30.980879813998477, -29.728625286928072 ], [ 30.980914267515679, -29.728552279906566 ], [ 30.980988915261015, -29.728500600397275 ], [ 30.98107422772863, -29.728425952320272 ], [ 30.981210398846578, -29.728365248959481 ], [ 30.98136707787668, -29.728329975890908 ], [ 30.981477000578149, -29.72827583454578 ], [ 30.981639420949701, -29.728165914039188 ], [ 30.981787896793652, -29.728069937832146 ], [ 30.981842037760583, -29.728010875011453 ], [ 30.981864186045321, -29.727939507669237 ], [ 30.981906842055185, -29.727849273947456 ], [ 30.981952779116284, -29.727810719570645 ], [ 30.982036451613578, -29.727738533360657 ], [ 30.982111098760377, -29.727676189027868 ], [ 30.982153755588378, -29.727633532972177 ], [ 30.982207075510978, -29.727614665843252 ], [ 30.982258754713818, -29.72761220464281 ], [ 30.982296488729059, -29.72758595513486 ], [ 30.982319457989291, -29.72756052456883 ], [ 30.982332583047501, -29.727517049256182 ], [ 30.982323559445415, -29.727472752218574 ], [ 30.982347804243446, -29.727377166364594 ], [ 30.982410025721084, -29.727359017965451 ], [ 30.982511137081726, -29.727340870403047 ], [ 30.982632987820804, -29.727322721580382 ], [ 30.982721136327019, -29.727289018093458 ], [ 30.982832617081705, -29.727167167313628 ], [ 30.982931135037706, -29.727099758561415 ], [ 30.983058172300794, -29.727034945284384 ], [ 30.983141134631541, -29.726964944981269 ], [ 30.983115209517731, -29.726853464370979 ], [ 30.983211133808876, -29.726703093649569 ], [ 30.983317429744435, -29.726627909269279 ], [ 30.98333183346972, -29.726619091402277 ], [ 30.984374842033162, -29.726931154683808 ] ] ] } },
{ "type": "Feature", "properties": { "EA_CODE": "59911390", "EA_TYPE": "Township", "White": 0.0, "Black_African": 0.0, "Coloured": 0.0, "Indian_Asian": 0.0, "Other": 0.0, "area_km2": 0.443382, "sal2023_est": 0.96254, "walk_typology": "Artifact zone", "walk_dist_k1_km": 3.1732915895713494, "exceeds_walk_k1_3km": true, "econ_status": "Non_Wealthy", "Ai_walk": 0.056722, "walk_snap_flag": false, "drive_typology": "Well-served", "walk_dist_k3_km": 7.554912318064992, "PR_NAME": "KwaZulu-Natal", "MN_NAME": "Ethekwini", "SP_NAME": "Emakhosini" }, "geometry": { "type": "Polygon", "coordinates": [ [ [ 31.000545880076203, -29.731399041769734 ], [ 31.001675149585914, -29.732305565211671 ], [ 31.002581672413019, -29.733056683784703 ], [ 31.003415673041676, -29.733756001930907 ], [ 31.003649611539817, -29.733942348895784 ], [ 31.003648590883973, -29.733943225304923 ], [ 31.00345478138356, -29.734143285777453 ], [ 31.00321665830031, -29.734437438694144 ], [ 31.002849127467464, -29.734067105196907 ], [ 31.002673168984266, -29.734067105199145 ], [ 31.002296983039251, -29.734176319677623 ], [ 31.001908661255676, -29.734036766703717 ], [ 31.001617419947507, -29.73403676721497 ], [ 31.001229098391686, -29.733885078750973 ], [ 31.000598075704954, -29.733551365404626 ], [ 31.000076268613785, -29.733326865895481 ], [ 30.999906377694877, -29.733272258916173 ], [ 30.999584798867694, -29.73328439423949 ], [ 30.99932389545549, -29.733284394339588 ], [ 30.999069059417192, -29.733326866041107 ], [ 30.998941640903031, -29.733387541805438 ], [ 30.99865646785782, -29.73347248681333 ], [ 30.998371294322126, -29.733624175324838 ], [ 30.998183201605016, -29.733654513420756 ], [ 30.99787375692814, -29.733533161594146 ], [ 30.997898027306729, -29.733672714611661 ], [ 30.997922296813055, -29.733866875631325 ], [ 30.997910162467797, -29.734115645388062 ], [ 30.997891959192895, -29.734273400357971 ], [ 30.997831284268518, -29.734382615837031 ], [ 30.997740270971917, -29.734461493934127 ], [ 30.997643191453971, -29.734625317174842 ], [ 30.997576448362043, -29.734716329891246 ], [ 30.997428555658146, -29.734826462014318 ], [ 30.997308655483081, -29.734728560782273 ], [ 30.996844462617393, -29.734404871428605 ], [ 30.996528568461937, -29.734219904982695 ], [ 30.996516241483366, -29.734212687303323 ], [ 30.996294582298791, -29.73410805280739 ], [ 30.996967123298099, -29.733034513359083 ], [ 30.996974269590112, -29.733023105739228 ], [ 30.996973741338845, -29.733022807136503 ], [ 30.996986904094609, -29.73299952490369 ], [ 30.996556257608798, -29.732747009562768 ], [ 30.996148996418047, -29.732555134064313 ], [ 30.995468979470669, -29.732169529844874 ], [ 30.995201457178489, -29.732027580042651 ], [ 30.9947067778673, -29.732085892047291 ], [ 30.994641244772051, -29.731645035584542 ], [ 30.993795278842779, -29.731650993555263 ], [ 30.992855882600232, -29.731623998700741 ], [ 30.992787562985189, -29.731622036401152 ], [ 30.992474742487175, -29.73179930580606 ], [ 30.991338175936637, -29.732351490163676 ], [ 30.991080049952757, -29.732453946019419 ], [ 30.990757313097138, -29.732567053552525 ], [ 30.988823620210393, -29.733455517636564 ], [ 30.98885055906177, -29.733925226587715 ], [ 30.98883954233386, -29.733979832101955 ], [ 30.988810654791582, -29.734170010041872 ], [ 30.988562700771812, -29.734170009978172 ], [ 30.988466409085458, -29.734162788356375 ], [ 30.988358080429219, -29.734157974280137 ], [ 30.988293081780942, -29.734157973676723 ], [ 30.988102904574262, -29.734196490953618 ], [ 30.987999389595583, -29.734059273585284 ], [ 30.987797176533796, -29.734121863544289 ], [ 30.987724955803909, -29.734003906015289 ], [ 30.987698475662896, -29.733883539712835 ], [ 30.987701739171587, -29.733811400203155 ], [ 30.987697929977966, -29.73372989965323 ], [ 30.987692598026765, -29.733657539080045 ], [ 30.987630902305085, -29.733579085058107 ], [ 30.987556256065641, -29.7335135798095 ], [ 30.987480087350459, -29.733475496281674 ], [ 30.987515125436701, -29.733395517765018 ], [ 30.987516402359862, -29.733394667091179 ], [ 30.98750876119778, -29.733366392395322 ], [ 30.987453624636551, -29.733274499070944 ], [ 30.987393157802213, -29.733191754213536 ], [ 30.987417924150094, -29.733168364254542 ], [ 30.987459820139069, -29.733097463050758 ], [ 30.987527499271877, -29.733055566378841 ], [ 30.987637073932618, -29.733020115906076 ], [ 30.987740203452596, -29.732987887569106 ], [ 30.987901342910359, -29.732904094733289 ], [ 30.987943240504425, -29.732858975537198 ], [ 30.988168836030816, -29.732723618115269 ], [ 30.988426660562371, -29.73262048819581 ], [ 30.988639363846392, -29.732601151765632 ], [ 30.988771498831269, -29.732565700925672 ], [ 30.988910080381761, -29.732530250073165 ], [ 30.989022878344596, -29.732465793966181 ], [ 30.989113116604578, -29.732423897941057 ], [ 30.989238805490785, -29.732436789332763 ], [ 30.989348380123232, -29.732436788773182 ], [ 30.989454732802049, -29.732443233803501 ], [ 30.989596536247713, -29.732417452337526 ], [ 30.989702887643798, -29.732356218932921 ], [ 30.989783458004393, -29.732259534653789 ], [ 30.98984146935555, -29.732140291148639 ], [ 30.989793126938388, -29.732088726996892 ], [ 30.989670660152044, -29.732101618345073 ], [ 30.989564308024349, -29.73202427093571 ], [ 30.989496629587972, -29.73191791774002 ], [ 30.989528857118906, -29.731824456991841 ], [ 30.989619095102015, -29.731708435728134 ], [ 30.989673883436325, -29.731566633424478 ], [ 30.989722225388782, -29.731440944081669 ], [ 30.989767343710906, -29.731357150817804 ], [ 30.989825355486399, -29.731270135251062 ], [ 30.989922039399556, -29.731173452114675 ], [ 30.990102514726164, -29.731079989895306 ], [ 30.990282992499413, -29.730980084315764 ], [ 30.990331333925685, -29.730828611773408 ], [ 30.990337779949961, -29.730719036579337 ], [ 30.990411904604525, -29.730564341884754 ], [ 30.99052049953189, -29.730460917873426 ], [ 30.99054726236708, -29.730435430006288 ], [ 30.990711623968284, -29.730306518341589 ], [ 30.998481582292481, -29.728204261845402 ], [ 30.998717293987742, -29.72864839191238 ], [ 30.999287108588312, -29.729813921037607 ], [ 30.999608275842586, -29.730347475218235 ], [ 30.999831021741006, -29.730658283381306 ], [ 31.00017809137935, -29.731036432882188 ], [ 31.000545880076203, -29.731399041769734 ] ] ] } },
{ "type": "Feature", "properties": { "EA_CODE": "59911342", "EA_TYPE": "Township", "White": 0.0, "Black_African": 0.0, "Coloured": 0.0, "Indian_Asian": 0.0, "Other": 0.0, "area_km2": 0.060705, "sal2023_est": 9.625399, "walk_typology": "Demand overcrowding", "walk_dist_k1_km": 2.7278507738550379, "exceeds_walk_k1_3km": false, "econ_status": "Non_Wealthy", "Ai_walk": 0.037046, "walk_snap_flag": false, "drive_typology": "Well-served", "walk_dist_k3_km": 7.4513878840811616, "PR_NAME": "KwaZulu-Natal", "MN_NAME": "Ethekwini", "SP_NAME": "KwaMashu A" }, "geometry": { "type": "Polygon", "coordinates": [ [ [ 31.001416161072399, -29.7382888448054 ], [ 31.000075711292624, -29.73894029091116 ], [ 30.999153918480687, -29.73939563517348 ], [ 30.998562818311385, -29.739687623863546 ], [ 30.997480096012858, -29.740216225280353 ], [ 30.996410134026178, -29.740759408862182 ], [ 30.995883355030287, -29.741061987215272 ], [ 30.995680296825391, -29.741171559942117 ], [ 30.995032125196499, -29.741521323649437 ], [ 30.994386867088231, -29.741847598428642 ], [ 30.993847329100436, -29.742106430873218 ], [ 30.993477609042923, -29.742289754580764 ], [ 30.993406313374699, -29.742325107161331 ], [ 30.992807085675903, -29.74262048779952 ], [ 30.992446534199114, -29.742798225351869 ], [ 30.992373623235451, -29.742831986620427 ], [ 30.991976801220158, -29.743015741374787 ], [ 30.991536844254391, -29.743213825770308 ], [ 30.991533771267626, -29.743157477943164 ], [ 30.991508934029024, -29.74301184455145 ], [ 30.991492000552643, -29.742970075191646 ], [ 30.991440069000301, -29.742923788093876 ], [ 30.991379106472191, -29.742822184021236 ], [ 30.991298951733331, -29.742697999679397 ], [ 30.991228956838366, -29.742612200914831 ], [ 30.991173639135496, -29.74258623478768 ], [ 30.991066390490428, -29.742559141283934 ], [ 30.991065325048929, -29.742558997698652 ], [ 30.991201024486088, -29.742452083835925 ], [ 30.991769948968077, -29.742064464822864 ], [ 30.992385763182032, -29.741729987158234 ], [ 30.992508177090937, -29.741670318106486 ], [ 30.993007828220687, -29.741426768795165 ], [ 30.993773688514406, -29.741129803382336 ], [ 30.994611445202665, -29.740876600628482 ], [ 30.994870898936366, -29.740804702853019 ], [ 30.995136606450192, -29.740754688387227 ], [ 30.995736789728898, -29.74065153179729 ], [ 30.996180675774639, -29.740560878593698 ], [ 30.996515153994537, -29.74044521831917 ], [ 30.997643625096, -29.739895050386167 ], [ 30.998653308699311, -29.739398022275353 ], [ 30.999145682134362, -29.739145309784238 ], [ 30.999153693736993, -29.739141197708555 ], [ 30.99995058262293, -29.738732193038135 ], [ 31.00109468309482, -29.738169520162117 ], [ 31.001113309281557, -29.738158712058276 ], [ 31.001122119644236, -29.738153600400363 ], [ 31.001289610821722, -29.738056412846898 ], [ 31.001353786608842, -29.738164098024296 ], [ 31.001416161072399, -29.7382888448054 ] ] ] } },
{ "type": "Feature", "properties": { "EA_CODE": "59913568", "EA_TYPE": "Township", "White": 0.0, "Black_African": 0.0, "Coloured": 0.0, "Indian_Asian": 0.0, "Other": 0.0, "area_km2": 0.129717, "sal2023_est": 24.668593, "walk_typology": "Pharmacy desert", "walk_dist_k1_km": 5.7870026298534052, "exceeds_walk_k1_3km": true, "econ_status": "Non_Wealthy", "Ai_walk": 0.0, "walk_snap_flag": false, "drive_typology": "Well-served", "walk_dist_k3_km": 7.4166978730814046, "PR_NAME": "KwaZulu-Natal", "MN_NAME": "Ethekwini", "SP_NAME": "Mount Moriah" }, "geometry": { "type": "Polygon", "coordinates": [ [ [ 31.017017348817181, -29.734137834773271 ], [ 31.016887360729733, -29.734534111159036 ], [ 31.016768854608571, -29.734692119796144 ], [ 31.01658451161509, -29.734935716623038 ], [ 31.016433085970757, -29.73524515069597 ], [ 31.016321163003084, -29.735534833026335 ], [ 31.016288243702867, -29.735785013929235 ], [ 31.016294827690739, -29.73592327057932 ], [ 31.016373831964234, -29.736022026695103 ], [ 31.01649233905113, -29.736101031066994 ], [ 31.016637180484064, -29.736107615156833 ], [ 31.01671618471385, -29.736101031327763 ], [ 31.016802869961378, -29.736149362115867 ], [ 31.016963471965163, -29.736222679649586 ], [ 31.01708566977663, -29.736271559436073 ], [ 31.017277693647074, -29.736330911937898 ], [ 31.017452262011346, -29.736400738691518 ], [ 31.017522088922661, -29.736481040000875 ], [ 31.017543036723712, -29.736522936649468 ], [ 31.017230153761606, -29.736741662879428 ], [ 31.017092004559217, -29.736903724021857 ], [ 31.016974752507423, -29.736877056778358 ], [ 31.016691700784094, -29.736798431705324 ], [ 31.016505620874504, -29.736646423161403 ], [ 31.01626974513281, -29.73657041837739 ], [ 31.016178015066032, -29.736512760026308 ], [ 31.015774405267486, -29.736428893322742 ], [ 31.015263341188898, -29.736586143590959 ], [ 31.014969805765411, -29.7367067022893 ], [ 31.014697238227097, -29.736890160545553 ], [ 31.014306732613317, -29.737225629098997 ], [ 31.013882156514274, -29.737736693653304 ], [ 31.013557170656345, -29.738108853926491 ], [ 31.013363228791295, -29.738203203838538 ], [ 31.01313783629616, -29.738538672225534 ], [ 31.013051348596633, -29.738897727901939 ], [ 31.013030381863018, -29.739172917133224 ], [ 31.01306969385681, -29.739351133733887 ], [ 31.013139179038436, -29.739567667632656 ], [ 31.013027584183199, -29.739676836778905 ], [ 31.012908479512927, -29.739903134772256 ], [ 31.0128088851509, -29.740026947946781 ], [ 31.0127181722793, -29.740244659742196 ], [ 31.012621410790086, -29.740507728947716 ], [ 31.012533720813376, -29.740686132223104 ], [ 31.012434827366658, -29.740772664127647 ], [ 31.012245272896898, -29.740602135645474 ], [ 31.012198350209598, -29.740514993156516 ], [ 31.012094448847513, -29.740266971625235 ], [ 31.011997251396423, -29.740055817814934 ], [ 31.011963735385748, -29.739868125416315 ], [ 31.011957074899843, -29.739843445432303 ], [ 31.011906756755096, -29.739656971651169 ], [ 31.011789448887875, -29.739345268757468 ], [ 31.011709010064127, -29.739097247372449 ], [ 31.011668790225297, -29.738949773638357 ], [ 31.011571592481108, -29.738778840150978 ], [ 31.011658734709457, -29.738681642019575 ], [ 31.011809558787188, -29.73858779598071 ], [ 31.011940272643564, -29.738497302343418 ], [ 31.012034119028016, -29.738333071327926 ], [ 31.012057581419405, -29.738138676002997 ], [ 31.011993899844512, -29.737954334962854 ], [ 31.012064283676597, -29.737759939126523 ], [ 31.012121262339893, -29.73760241237208 ], [ 31.012148075168326, -29.737481752550448 ], [ 31.012191647488375, -29.73735103837388 ], [ 31.012258680135393, -29.737263895969214 ], [ 31.0123089536661, -29.737200213915454 ], [ 31.012382690825142, -29.737109720307963 ], [ 31.012476536896507, -29.736975654221268 ], [ 31.012617306075125, -29.736975653862469 ], [ 31.012707801159902, -29.736962247127469 ], [ 31.012815053290911, -29.73688515920211 ], [ 31.012841865875, -29.736821478264016 ], [ 31.012872031366644, -29.736684061096184 ], [ 31.012898844195643, -29.736563401184714 ], [ 31.012935712627801, -29.736469555295958 ], [ 31.013036261974339, -29.736399171439039 ], [ 31.01333455894007, -29.736281863290714 ], [ 31.013622799706724, -29.736107577259194 ], [ 31.013750162977693, -29.735996972555789 ], [ 31.013833954251499, -29.735872962052756 ], [ 31.013606042198887, -29.735886369196123 ], [ 31.013599338836588, -29.73582603887759 ], [ 31.013599339387014, -29.73567521512415 ], [ 31.013663020183429, -29.735594774647105 ], [ 31.013753513929714, -29.735500929440189 ], [ 31.013931152091136, -29.735350104608177 ], [ 31.014085327689561, -29.735262961687202 ], [ 31.014259613130626, -29.735179171006667 ], [ 31.014403734403356, -29.735065214697084 ], [ 31.014551207167635, -29.734984774652123 ], [ 31.014681921604907, -29.734844005947632 ], [ 31.0146886241053, -29.734689830203248 ], [ 31.014722141574051, -29.734562467533785 ], [ 31.014829392787735, -29.734485380038066 ], [ 31.014916535764662, -29.734448512097256 ], [ 31.015050602268854, -29.734394886180329 ], [ 31.015053245045262, -29.734392656127287 ], [ 31.015157855232669, -29.734304390584629 ], [ 31.01530532673743, -29.734190435283271 ], [ 31.015456151311181, -29.734220599932211 ], [ 31.015596920133028, -29.734260820037168 ], [ 31.01569747038776, -29.734267522676408 ], [ 31.015808073817322, -29.734280929641521 ], [ 31.016009172881251, -29.734290984186565 ], [ 31.016146591017129, -29.734354666175502 ], [ 31.016247139952839, -29.734311093924674 ], [ 31.016324228171769, -29.734180379568588 ], [ 31.016401316113992, -29.734136809091147 ], [ 31.01659235963443, -29.734133456831124 ], [ 31.016713019194498, -29.734133456950687 ], [ 31.016870546148503, -29.734133456689054 ], [ 31.017017348817181, -29.734137834773271 ] ] ] } },
{ "type": "Feature", "properties": { "EA_CODE": "59914496", "EA_TYPE": "Formal residential_*", "White": null, "Black_African": null, "Coloured": null, "Indian_Asian": null, "Other": null, "area_km2": 0.010868, "sal2023_est": 0.0, "walk_typology": "Access gap", "walk_dist_k1_km": 3.2439383020266868, "exceeds_walk_k1_3km": true, "econ_status": null, "Ai_walk": 0.020847, "walk_snap_flag": false, "drive_typology": "Well-served", "walk_dist_k3_km": 7.0033866378071608, "PR_NAME": "KwaZulu-Natal", "MN_NAME": "Ethekwini", "SP_NAME": "KwaMashu A" }, "geometry": { "type": "Polygon", "coordinates": [ [ [ 30.998428531713877, -29.745421106370305 ], [ 30.998562282892781, -29.745588295054191 ], [ 30.998615642956043, -29.745661130826811 ], [ 30.998662729777784, -29.745763713378718 ], [ 30.998679546076669, -29.745899928345114 ], [ 30.998676183202374, -29.74610004670329 ], [ 30.998662135126224, -29.74630968607951 ], [ 30.998656554250186, -29.746392978752585 ], [ 30.998548417785241, -29.74643353515043 ], [ 30.997990753268095, -29.746769333548361 ], [ 30.997879485184878, -29.746656814645494 ], [ 30.997748862020767, -29.746532564040226 ], [ 30.997731060096125, -29.746507780423904 ], [ 30.997694700807493, -29.746457163406312 ], [ 30.997688328950353, -29.746411497911435 ], [ 30.997775411501294, -29.746333973972334 ], [ 30.99775098510387, -29.746303176740231 ], [ 30.997721250309056, -29.746288308768541 ], [ 30.997666027395759, -29.746263883193752 ], [ 30.997570449600396, -29.74620759824251 ], [ 30.99749080096155, -29.746177863446736 ], [ 30.997417524173954, -29.746164056882989 ], [ 30.997360178557827, -29.746148127752939 ], [ 30.997295194143465, -29.746114121905514 ], [ 30.997382425630633, -29.746062727257996 ], [ 30.997595064276471, -29.745931321416066 ], [ 30.99768374389765, -29.745875099177162 ], [ 30.997716913070892, -29.745854069682078 ], [ 30.997837169109893, -29.745791951437692 ], [ 30.998065735149709, -29.745643025172217 ], [ 30.998241739406296, -29.745516397395363 ], [ 30.998403095820272, -29.745389311340286 ], [ 30.998428531713877, -29.745421106370305 ] ] ] } },
{ "type": "Feature", "properties": { "EA_CODE": "59911354", "EA_TYPE": "Formal residential_*", "White": null, "Black_African": null, "Coloured": null, "Indian_Asian": null, "Other": null, "area_km2": 0.016763, "sal2023_est": 0.0, "walk_typology": "Access gap", "walk_dist_k1_km": 3.7655010965721618, "exceeds_walk_k1_3km": true, "econ_status": null, "Ai_walk": 0.018244, "walk_snap_flag": false, "drive_typology": "Well-served", "walk_dist_k3_km": 6.9364886062557618, "PR_NAME": "KwaZulu-Natal", "MN_NAME": "Ethekwini", "SP_NAME": "KwaMashu A" }, "geometry": { "type": "Polygon", "coordinates": [ [ [ 30.998317351930588, -29.741744167125695 ], [ 30.998322867293179, -29.741752584008331 ], [ 30.998343695308456, -29.741784375244563 ], [ 30.998398260971662, -29.741837577108161 ], [ 30.99857969391223, -29.741957622615701 ], [ 30.999029866770051, -29.742234546867696 ], [ 30.999107623813494, -29.742300027142008 ], [ 30.999149912852271, -29.74234367971534 ], [ 30.999200270050629, -29.742428061795209 ], [ 30.999200225899479, -29.742428354275216 ], [ 30.999144264288336, -29.742461854893072 ], [ 30.99906438232906, -29.742475169434481 ], [ 30.998937903868654, -29.742512890086608 ], [ 30.998849147255175, -29.742543955246138 ], [ 30.998696042431266, -29.742537298380785 ], [ 30.998655738158519, -29.742537297706136 ], [ 30.998600628534415, -29.742537298005416 ], [ 30.998285541089118, -29.742559487775964 ], [ 30.997931624379362, -29.742608303833009 ], [ 30.997751790900828, -29.742625083643944 ], [ 30.997525376362329, -29.742646210144411 ], [ 30.997230999258758, -29.742644730778714 ], [ 30.997152598557729, -29.742635855300268 ], [ 30.997096384647815, -29.74263585502889 ], [ 30.996917392214772, -29.742705381950813 ], [ 30.99688975243216, -29.74271298290077 ], [ 30.996909241520996, -29.742615538822097 ], [ 30.996931921327107, -29.742487961710445 ], [ 30.997262203392395, -29.74234337484187 ], [ 30.997405371894175, -29.742259742286475 ], [ 30.997551377470383, -29.742178943303454 ], [ 30.997661942769515, -29.742109484930083 ], [ 30.997674701117258, -29.741763610244561 ], [ 30.997664745353614, -29.741642201596537 ], [ 30.997646206676361, -29.741449042733322 ], [ 30.997610924587157, -29.741398810300375 ], [ 30.997541270390656, -29.741319714693638 ], [ 30.997474178381758, -29.741148826671726 ], [ 30.997833561786258, -29.740974111338826 ], [ 30.997974007749061, -29.741199149748393 ], [ 30.998214099666406, -29.741586571225056 ], [ 30.998317351930588, -29.741744167125695 ] ] ] } },
{ "type": "Feature", "properties": { "EA_CODE": "59911356", "EA_TYPE": "Formal residential_*", "White": null, "Black_African": null, "Coloured": null, "Indian_Asian": null, "Other": null, "area_km2": 0.01576, "sal2023_est": 0.0, "walk_typology": "Access gap", "walk_dist_k1_km": 3.4777735139534505, "exceeds_walk_k1_3km": true, "econ_status": null, "Ai_walk": 0.017278, "walk_snap_flag": false, "drive_typology": "Well-served", "walk_dist_k3_km": 7.3165719069138593, "PR_NAME": "KwaZulu-Natal", "MN_NAME": "Ethekwini", "SP_NAME": "KwaMashu A" }, "geometry": { "type": "Polygon", "coordinates": [ [ [ 30.99688975243216, -29.74271298290077 ], [ 30.996858220891976, -29.742721654326811 ], [ 30.996759109639747, -29.742739405278165 ], [ 30.996600826603945, -29.742726091833209 ], [ 30.99649135902197, -29.742597393986138 ], [ 30.996423936761762, -29.74256604461679 ], [ 30.996453284044129, -29.74253153114368 ], [ 30.996311305880553, -29.742269993831126 ], [ 30.996064714721552, -29.741851536059563 ], [ 30.997271708130025, -29.741247258305499 ], [ 30.997474178381758, -29.741148826671726 ], [ 30.997541270390656, -29.741319714693638 ], [ 30.997610924587157, -29.741398810300375 ], [ 30.997646206676361, -29.741449042733322 ], [ 30.997664745353614, -29.741642201596537 ], [ 30.997674701117258, -29.741763610244561 ], [ 30.997661942769515, -29.742109484930083 ], [ 30.997551377470383, -29.742178943303454 ], [ 30.997405371894175, -29.742259742286475 ], [ 30.997262203392395, -29.74234337484187 ], [ 30.996931921327107, -29.742487961710445 ], [ 30.996909241520996, -29.742615538822097 ], [ 30.99688975243216, -29.74271298290077 ] ] ] } },
{ "type": "Feature", "properties": { "EA_CODE": "59913789", "EA_TYPE": "Township", "White": null, "Black_African": null, "Coloured": null, "Indian_Asian": null, "Other": null, "area_km2": 0.063088, "sal2023_est": 105.796994, "walk_typology": "Access gap", "walk_dist_k1_km": 4.4437418342661292, "exceeds_walk_k1_3km": true, "econ_status": "Non_Wealthy", "Ai_walk": 0.016553, "walk_snap_flag": false, "drive_typology": "Well-served", "walk_dist_k3_km": 6.1054752934044902, "PR_NAME": "KwaZulu-Natal", "MN_NAME": "Ethekwini", "SP_NAME": "Duffs Road" }, "geometry": { "type": "Polygon", "coordinates": [ [ [ 31.004535193777187, -29.744027895804074 ], [ 31.004493535670925, -29.743903474070571 ], [ 31.004512073931718, -29.743723388956649 ], [ 31.004414086607863, -29.743678368100792 ], [ 31.004109533635202, -29.744194786050759 ], [ 31.003953282962819, -29.744525823877169 ], [ 31.003902965704835, -29.744893937104468 ], [ 31.00395593175627, -29.745164063608179 ], [ 31.004008898284237, -29.745301775117341 ], [ 31.004136016406999, -29.745545419029174 ], [ 31.004265783326559, -29.745717557906101 ], [ 31.004366418109452, -29.745820842398054 ], [ 31.004562392209571, -29.745966498384703 ], [ 31.00474777292035, -29.746051244187431 ], [ 31.004962285186213, -29.746130692597834 ], [ 31.005232411812489, -29.746194251732515 ], [ 31.00529132461903, -29.746211692808807 ], [ 31.005869721901863, -29.746305951356266 ], [ 31.006396706752664, -29.746408777252014 ], [ 31.006915740931536, -29.746519145896443 ], [ 31.004263957888263, -29.747408053903762 ], [ 31.004214961649996, -29.747424478275164 ], [ 31.004214855109424, -29.747424137180904 ], [ 31.003553356782014, -29.747644635618965 ], [ 31.003545775903746, -29.747530921290547 ], [ 31.003544120205959, -29.747381913605906 ], [ 31.003539231664941, -29.746941972932781 ], [ 31.003538159518673, -29.746845365866996 ], [ 31.003515415093705, -29.746404696238947 ], [ 31.00348067987208, -29.745731708280029 ], [ 31.003477220727532, -29.745664688920051 ], [ 31.003492456318796, -29.744857256983554 ], [ 31.00364186015074, -29.744329006133484 ], [ 31.003705739638271, -29.744103147328278 ], [ 31.004467467567061, -29.742800592901872 ], [ 31.004618591440487, -29.742602146631324 ], [ 31.005057046877969, -29.742026397022162 ], [ 31.005221576892254, -29.741810346578468 ], [ 31.00569988787446, -29.741189803124676 ], [ 31.005849763784987, -29.740995357775663 ], [ 31.005947691282692, -29.740856512699068 ], [ 31.005930909461874, -29.741149772872742 ], [ 31.005923679629475, -29.741340162156625 ], [ 31.005453730868798, -29.742352358604336 ], [ 31.004950043231574, -29.743297076076029 ], [ 31.004535193777187, -29.744027895804074 ] ] ] } },
{ "type": "Feature", "properties": { "EA_CODE": "59911332", "EA_TYPE": "Formal residential_*", "White": null, "Black_African": null, "Coloured": null, "Indian_Asian": null, "Other": null, "area_km2": 0.020798, "sal2023_est": 0.0, "walk_typology": "Demand overcrowding", "walk_dist_k1_km": 2.7560412728807937, "exceeds_walk_k1_3km": false, "econ_status": null, "Ai_walk": 0.026281, "walk_snap_flag": false, "drive_typology": "Well-served", "walk_dist_k3_km": 7.6248447217878947, "PR_NAME": "KwaZulu-Natal", "MN_NAME": "Ethekwini", "SP_NAME": "KwaMashu A" }, "geometry": { "type": "Polygon", "coordinates": [ [ [ 30.993436941374039, -29.747292436146996 ], [ 30.993521021662318, -29.747307297448344 ], [ 30.993944086537475, -29.747359623674221 ], [ 30.99425124096209, -29.74738487921098 ], [ 30.994264728330709, -29.747544026676923 ], [ 30.99426472859631, -29.747643830606233 ], [ 30.994271471616095, -29.7476694556612 ], [ 30.994307886441053, -29.747716661216728 ], [ 30.994148739043592, -29.747800281050296 ], [ 30.994109625661924, -29.747842091286962 ], [ 30.994101533856167, -29.747865019051076 ], [ 30.994102882995474, -29.747923013349826 ], [ 30.994108278191881, -29.747947290142577 ], [ 30.994181108547984, -29.747951335672436 ], [ 30.994271471592985, -29.747951335708098 ], [ 30.994216174177922, -29.748017422597293 ], [ 30.994213476989458, -29.748078113555849 ], [ 30.994221569021072, -29.748113181200502 ], [ 30.994260681360089, -29.748165780158622 ], [ 30.994309235408821, -29.748214333996387 ], [ 30.994331685594727, -29.748329791173266 ], [ 30.994262416559277, -29.748326890080801 ], [ 30.99369455995582, -29.748308827427429 ], [ 30.993482318617641, -29.748296408189571 ], [ 30.99343038766634, -29.748271572159176 ], [ 30.993337815586056, -29.748273829582153 ], [ 30.992907690208572, -29.748554935000964 ], [ 30.992756412023397, -29.748455589290906 ], [ 30.992531752993624, -29.748304310868608 ], [ 30.992326286595951, -29.748164323157827 ], [ 30.992324125027647, -29.74814343236871 ], [ 30.992322898658877, -29.74813158297226 ], [ 30.992366928434123, -29.747628077318435 ], [ 30.992392893613172, -29.747435028066835 ], [ 30.992397287519019, -29.747380154665709 ], [ 30.992657080616357, -29.747348490960213 ], [ 30.992877518767383, -29.74727501061481 ], [ 30.993281655953339, -29.747264991382174 ], [ 30.993436941374039, -29.747292436146996 ] ] ] } },
{ "type": "Feature", "properties": { "EA_CODE": "59911335", "EA_TYPE": "Formal residential_*", "White": null, "Black_African": null, "Coloured": null, "Indian_Asian": null, "Other": null, "area_km2": 0.014504, "sal2023_est": 0.0, "walk_typology": "Demand overcrowding", "walk_dist_k1_km": 2.7922080514000478, "exceeds_walk_k1_3km": false, "econ_status": null, "Ai_walk": 0.026633, "walk_snap_flag": false, "drive_typology": "Well-served", "walk_dist_k3_km": 7.6756419215022742, "PR_NAME": "KwaZulu-Natal", "MN_NAME": "Ethekwini", "SP_NAME": "KwaMashu A" }, "geometry": { "type": "Polygon", "coordinates": [ [ [ 30.993533518754621, -29.746063173619621 ], [ 30.993491850059641, -29.746523622212514 ], [ 30.993424276053897, -29.747061142737373 ], [ 30.993430544555832, -29.747175602917963 ], [ 30.993436941374039, -29.747292436146996 ], [ 30.993281655953339, -29.747264991382174 ], [ 30.992877518767383, -29.74727501061481 ], [ 30.992657080616357, -29.747348490960213 ], [ 30.992397287519019, -29.747380154665709 ], [ 30.992398426574223, -29.74736593617703 ], [ 30.992424861582492, -29.747199850033983 ], [ 30.992449191458242, -29.746984935922171 ], [ 30.99247622396938, -29.746818682090403 ], [ 30.992514070382576, -29.746571329076897 ], [ 30.992536726856532, -29.746375835217787 ], [ 30.992561378554154, -29.746163127859095 ], [ 30.992555971834584, -29.745899554681401 ], [ 30.992535888550847, -29.745871102106815 ], [ 30.992600497953397, -29.74585275175593 ], [ 30.992674047011704, -29.745815159932306 ], [ 30.992784370665053, -29.745829869569796 ], [ 30.992832587288138, -29.745896881851309 ], [ 30.992851383550871, -29.745944279648672 ], [ 30.992947814313872, -29.745972881889962 ], [ 30.992983771713561, -29.745954904245639 ], [ 30.993032803807875, -29.745945097209816 ], [ 30.993052417725306, -29.745873182076785 ], [ 30.993090009553246, -29.745851935290798 ], [ 30.993168462225199, -29.745884623151305 ], [ 30.993218312502012, -29.745927935579189 ], [ 30.993257538013886, -29.745985141149578 ], [ 30.993358873382977, -29.74599985064738 ], [ 30.993441412376331, -29.746038260243729 ], [ 30.993533518754621, -29.746063173619621 ] ] ] } },
{ "type": "Feature", "properties": { "EA_CODE": "59911350", "EA_TYPE": "Formal residential_*", "White": null, "Black_African": null, "Coloured": null, "Indian_Asian": null, "Other": null, "area_km2": 0.011917, "sal2023_est": 0.0, "walk_typology": "Access gap", "walk_dist_k1_km": 3.2824789262163416, "exceeds_walk_k1_3km": true, "econ_status": null, "Ai_walk": 0.022163, "walk_snap_flag": false, "drive_typology": "Well-served", "walk_dist_k3_km": 7.4083610159695992, "PR_NAME": "KwaZulu-Natal", "MN_NAME": "Ethekwini", "SP_NAME": "KwaMashu A" }, "geometry": { "type": "Polygon", "coordinates": [ [ [ 30.995225022169006, -29.743011214000152 ], [ 30.994995878866728, -29.743241104349632 ], [ 30.994845969950802, -29.743334796634553 ], [ 30.994803807732932, -29.743372275197405 ], [ 30.994781946440842, -29.74343942166481 ], [ 30.994683568145604, -29.743517498774544 ], [ 30.994619544245552, -29.743539361220328 ], [ 30.994549274207518, -29.743550292205605 ], [ 30.994538343409374, -29.743578400386635 ], [ 30.994549908835094, -29.743769237967168 ], [ 30.994347863212973, -29.743659263615722 ], [ 30.993778980087029, -29.743386088010876 ], [ 30.993764892836928, -29.743418887670998 ], [ 30.993739552418894, -29.743425515301226 ], [ 30.993674694499958, -29.7434424782866 ], [ 30.993669217494176, -29.743357888313145 ], [ 30.993648417059372, -29.743207083993561 ], [ 30.993612611708031, -29.743074414610504 ], [ 30.993920114318083, -29.742926077777639 ], [ 30.994020245394513, -29.742861814121515 ], [ 30.994242525431194, -29.74275275322228 ], [ 30.994762700692473, -29.742497530360623 ], [ 30.994859965626961, -29.742560331398469 ], [ 30.994958088389051, -29.74261453163103 ], [ 30.995046865266367, -29.742650043119646 ], [ 30.995116019584387, -29.742694899339035 ], [ 30.99515153041644, -29.742718261870603 ], [ 30.995107608250375, -29.742785546335373 ], [ 30.9951291018962, -29.742928525225874 ], [ 30.995225022169006, -29.743011214000152 ] ] ] } },
{ "type": "Feature", "properties": { "EA_CODE": "59914610", "EA_TYPE": "Formal residential_*", "White": null, "Black_African": null, "Coloured": null, "Indian_Asian": null, "Other": null, "area_km2": 0.010381, "sal2023_est": 0.0, "walk_typology": "Access gap", "walk_dist_k1_km": 3.0155367673163456, "exceeds_walk_k1_3km": true, "econ_status": null, "Ai_walk": 0.021316, "walk_snap_flag": false, "drive_typology": "Well-served", "walk_dist_k3_km": 7.6753031748695948, "PR_NAME": "KwaZulu-Natal", "MN_NAME": "Ethekwini", "SP_NAME": "KwaMashu A" }, "geometry": { "type": "Polygon", "coordinates": [ [ [ 30.992862496879408, -29.744374093350324 ], [ 30.992925630445644, -29.744332452660224 ], [ 30.993041282946688, -29.744285054018356 ], [ 30.993115816842504, -29.744254507166016 ], [ 30.993245700642451, -29.744173147928954 ], [ 30.993283884616368, -29.744156400929402 ], [ 30.993314737600279, -29.744142869869783 ], [ 30.993348194876447, -29.74410347891574 ], [ 30.993371641228077, -29.744094771433563 ], [ 30.993399777093511, -29.744069984065217 ], [ 30.993594717207358, -29.743968829826866 ], [ 30.993736490478458, -29.74389526371975 ], [ 30.993739418828621, -29.743966306417928 ], [ 30.993703017678165, -29.744045608353481 ], [ 30.99381222073556, -29.74420031322477 ], [ 30.993749819856628, -29.744357618411605 ], [ 30.994020228061494, -29.744456420425699 ], [ 30.99423733395103, -29.744576023589833 ], [ 30.994331793667779, -29.744629883331601 ], [ 30.993758824731618, -29.744946825591352 ], [ 30.993241318999569, -29.745228771633041 ], [ 30.993009617615243, -29.744904916128004 ], [ 30.992978901522793, -29.744846556397441 ], [ 30.992862496879408, -29.744374093350324 ] ] ] } },
{ "type": "Feature", "properties": { "EA_CODE": "59914727", "EA_TYPE": "Vacant_*", "White": null, "Black_African": null, "Coloured": null, "Indian_Asian": null, "Other": null, "area_km2": 0.183275, "sal2023_est": 0.0, "walk_typology": "Pharmacy desert", "walk_dist_k1_km": 6.5825204729505682, "exceeds_walk_k1_3km": true, "econ_status": null, "Ai_walk": 0.0, "walk_snap_flag": false, "drive_typology": "Well-served", "walk_dist_k3_km": 8.2170040702298284, "PR_NAME": "KwaZulu-Natal", "MN_NAME": "Ethekwini", "SP_NAME": "Mount Moriah" }, "geometry": { "type": "Polygon", "coordinates": [ [ [ 31.028880279753196, -29.733614739161435 ], [ 31.029215298630106, -29.733848236255433 ], [ 31.029804116627879, -29.734071580871461 ], [ 31.03078886286421, -29.734203556624671 ], [ 31.030981751708975, -29.734365990216233 ], [ 31.031123879964532, -29.734721310935122 ], [ 31.031469049357316, -29.734924350711044 ], [ 31.031672090254983, -29.734954807869023 ], [ 31.031946194633747, -29.734873590730448 ], [ 31.032362428894643, -29.734599485970023 ], [ 31.033458848440684, -29.734406597674443 ], [ 31.033943543668244, -29.734739259002708 ], [ 31.033942134691056, -29.734744457762162 ], [ 31.033844166828878, -29.735106047779762 ], [ 31.033710460641284, -29.735411405272934 ], [ 31.033464730331566, -29.735823365651864 ], [ 31.033325603352765, -29.736000436285959 ], [ 31.033074451748515, -29.736285917633893 ], [ 31.032954662554658, -29.7363839879681 ], [ 31.032745606288312, -29.736555136969624 ], [ 31.032409533121371, -29.736777379399385 ], [ 31.031901809901726, -29.737019495885956 ], [ 31.031493463206502, -29.737147782152846 ], [ 31.031215209479026, -29.737209215288562 ], [ 31.030889977351372, -29.737256192774829 ], [ 31.030329854869642, -29.73731039819473 ], [ 31.029589048637018, -29.737379058374884 ], [ 31.029112042017715, -29.737431456765535 ], [ 31.028803071629071, -29.737485661567014 ], [ 31.028456157886104, -29.737574197820635 ], [ 31.02810020959668, -29.737680801409702 ], [ 31.027592090568668, -29.737907159398084 ], [ 31.027138455947874, -29.737371789355908 ], [ 31.02731923315784, -29.737327335553168 ], [ 31.027607140254002, -29.737172308599224 ], [ 31.027773239626587, -29.736984061828231 ], [ 31.028127587728136, -29.736701691936965 ], [ 31.028240277246958, -29.73666352730995 ], [ 31.028438329271662, -29.736560834239288 ], [ 31.028709734589459, -29.736480145570521 ], [ 31.028783086605507, -29.736340775757355 ], [ 31.02879775679002, -29.735717279724579 ], [ 31.028555693258699, -29.735409199092263 ], [ 31.028218272238533, -29.735086448363123 ], [ 31.028174259645528, -29.734785702731976 ], [ 31.027983544049857, -29.734499627800922 ], [ 31.0273437968143, -29.734324101939734 ], [ 31.026725852960841, -29.733995111030897 ], [ 31.026473836483632, -29.733838873679009 ], [ 31.026601236020763, -29.733723889380169 ], [ 31.026928912181766, -29.733765652249463 ], [ 31.02749431447165, -29.733447612816821 ], [ 31.027516801665058, -29.733354449919645 ], [ 31.027487889310667, -29.733306262964241 ], [ 31.027558563706155, -29.733110298950418 ], [ 31.027696702376371, -29.732968948883968 ], [ 31.027821990171695, -29.732856511155724 ], [ 31.027903827601417, -29.732806929811197 ], [ 31.028409524499388, -29.73314920801597 ], [ 31.028859975801069, -29.733421850288774 ], [ 31.028880279753196, -29.733614739161435 ] ] ] } },
{ "type": "Feature", "properties": { "EA_CODE": "59913557", "EA_TYPE": "Vacant_*", "White": null, "Black_African": null, "Coloured": null, "Indian_Asian": null, "Other": null, "area_km2": 0.086363, "sal2023_est": 0.0, "walk_typology": "Access gap", "walk_dist_k1_km": 4.9843198654383141, "exceeds_walk_k1_3km": true, "econ_status": null, "Ai_walk": 0.017921, "walk_snap_flag": false, "drive_typology": "Well-served", "walk_dist_k3_km": 5.8406920077005173, "PR_NAME": "KwaZulu-Natal", "MN_NAME": "Ethekwini", "SP_NAME": "Duffs Road" }, "geometry": { "type": "Polygon", "coordinates": [ [ [ 31.01076439277567, -29.741391965106711 ], [ 31.010804065006763, -29.741550651614165 ], [ 31.010904613655086, -29.741704828366487 ], [ 31.011052086759666, -29.741828838613994 ], [ 31.011085602746899, -29.741936092410246 ], [ 31.011176098266091, -29.74200647567816 ], [ 31.011330274271238, -29.74206345384377 ], [ 31.011457636012501, -29.741946147365141 ], [ 31.01161516366178, -29.741912629894532 ], [ 31.0117995041638, -29.741875761662776 ], [ 31.012024064019414, -29.741895872230565 ], [ 31.01225532833541, -29.741959552758278 ], [ 31.012412856330577, -29.741956202155936 ], [ 31.012499997771588, -29.741949497833954 ], [ 31.012630713061935, -29.742009827911819 ], [ 31.012701097630469, -29.74218746502757 ], [ 31.012748019617629, -29.742331586209954 ], [ 31.012758074793638, -29.742512575232134 ], [ 31.01275137211239, -29.742673453565409 ], [ 31.012768130156303, -29.742841036698685 ], [ 31.012929009262713, -29.743032080299724 ], [ 31.012999393913891, -29.743182905139378 ], [ 31.013099943418059, -29.743320321663891 ], [ 31.013177030793344, -29.743501310689147 ], [ 31.013217251142038, -29.743678947836596 ], [ 31.013234009569839, -29.743833123916929 ], [ 31.013267526119414, -29.743967189851997 ], [ 31.013314449605225, -29.744107959387236 ], [ 31.013398239920853, -29.744268837943263 ], [ 31.01352225090254, -29.744379443201201 ], [ 31.013673075079193, -29.744392848975878 ], [ 31.013817196517099, -29.744500101926963 ], [ 31.01390098672222, -29.744644222812834 ], [ 31.013902627380265, -29.744650679921467 ], [ 31.013954613609705, -29.744855376972545 ], [ 31.013974723433453, -29.744996145991085 ], [ 31.013998185443004, -29.74511010210588 ], [ 31.014004887825223, -29.745247518867298 ], [ 31.013988129651295, -29.745361474711732 ], [ 31.014003168126365, -29.745429029392707 ], [ 31.012488912930081, -29.745489456790075 ], [ 31.011987716190625, -29.745521447672086 ], [ 31.011829724587432, -29.745524607582869 ], [ 31.01182621860514, -29.745524677991391 ], [ 31.011798848333271, -29.745203728614324 ], [ 31.011706479310742, -29.744178728038733 ], [ 31.011652844762775, -29.743824149256067 ], [ 31.011551537168263, -29.743535123091934 ], [ 31.011399574437256, -29.743246096148614 ], [ 31.011265490012214, -29.743043480114697 ], [ 31.011021158522773, -29.742775311298399 ], [ 31.010720213134416, -29.742536938997979 ], [ 31.00996338064617, -29.742015498758324 ], [ 31.009435982434052, -29.741640062671703 ], [ 31.009275080880876, -29.741485120988742 ], [ 31.009111199880241, -29.741288464035829 ], [ 31.008976263514178, -29.741079233357819 ], [ 31.009353375601769, -29.740980466071711 ], [ 31.009712530329953, -29.74098944416016 ], [ 31.009928022995428, -29.741186979380782 ], [ 31.010107599796097, -29.741285747177916 ], [ 31.01030513555537, -29.741348599064619 ], [ 31.010520627536675, -29.741366556536512 ], [ 31.010682246824278, -29.741375535362835 ], [ 31.01076439277567, -29.741391965106711 ] ] ] } },
{ "type": "Feature", "properties": { "EA_CODE": "59914588", "EA_TYPE": "Formal residential_*", "White": null, "Black_African": null, "Coloured": null, "Indian_Asian": null, "Other": null, "area_km2": 0.010265, "sal2023_est": 0.0, "walk_typology": "Demand overcrowding", "walk_dist_k1_km": 2.915159215044647, "exceeds_walk_k1_3km": false, "econ_status": null, "Ai_walk": 0.026472, "walk_snap_flag": false, "drive_typology": "Well-served", "walk_dist_k3_km": 7.7985930851468748, "PR_NAME": "KwaZulu-Natal", "MN_NAME": "Ethekwini", "SP_NAME": "KwaMashu A" }, "geometry": { "type": "Polygon", "coordinates": [ [ [ 30.995725474075449, -29.745707038272268 ], [ 30.995654180048749, -29.745761609434652 ], [ 30.995526115863836, -29.74588318856426 ], [ 30.995422368047262, -29.746022599646942 ], [ 30.995310515531628, -29.746181464068023 ], [ 30.995283006115905, -29.746190164086158 ], [ 30.994916044517403, -29.746167398854759 ], [ 30.994780533650914, -29.746151679634782 ], [ 30.994723077603744, -29.746143548664222 ], [ 30.994531195735359, -29.746128371766623 ], [ 30.994246624478986, -29.746115904955428 ], [ 30.994104610061285, -29.746111025998328 ], [ 30.993989627615594, -29.746133136235844 ], [ 30.99390131558674, -29.746170319664493 ], [ 30.993769309689696, -29.746139643261955 ], [ 30.993680996771026, -29.746111754420017 ], [ 30.993535099281246, -29.74604571666142 ], [ 30.993553281184841, -29.745844810033574 ], [ 30.993553281495561, -29.745752413539712 ], [ 30.993788987753238, -29.745779541714271 ], [ 30.993891183390584, -29.745591660340132 ], [ 30.993959575201156, -29.745584584793864 ], [ 30.994504353008324, -29.745617602105824 ], [ 30.994825872990653, -29.745641970698166 ], [ 30.995000019435754, -29.745663721828571 ], [ 30.995725474075449, -29.745707038272268 ] ] ] } },
{ "type": "Feature", "properties": { "EA_CODE": "59914506", "EA_TYPE": "Formal residential_*", "White": null, "Black_African": null, "Coloured": null, "Indian_Asian": null, "Other": null, "area_km2": 0.005808, "sal2023_est": 0.0, "walk_typology": "Access gap", "walk_dist_k1_km": 3.1131422634538279, "exceeds_walk_k1_3km": true, "econ_status": null, "Ai_walk": 0.020866, "walk_snap_flag": false, "drive_typology": "Well-served", "walk_dist_k3_km": 7.3328668779396722, "PR_NAME": "KwaZulu-Natal", "MN_NAME": "Ethekwini", "SP_NAME": "KwaMashu A" }, "geometry": { "type": "Polygon", "coordinates": [ [ [ 30.995596517941934, -29.745320777186208 ], [ 30.995691642415956, -29.74526792988766 ], [ 30.995904859375415, -29.745149476432427 ], [ 30.996032069310868, -29.745052297834441 ], [ 30.996077063834516, -29.744947877315415 ], [ 30.996148375479095, -29.744829872977114 ], [ 30.996146677168305, -29.744799310947197 ], [ 30.996195221080551, -29.74469831012356 ], [ 30.996307750652758, -29.744739767830893 ], [ 30.996406601621409, -29.744815450665936 ], [ 30.996547157354893, -29.744932836794714 ], [ 30.996840131376675, -29.745173760298034 ], [ 30.996460210511803, -29.745399069167689 ], [ 30.996205202587007, -29.745549239642376 ], [ 30.996023048140042, -29.745656508163265 ], [ 30.995949215931041, -29.745606962699863 ], [ 30.995882596408848, -29.745553145558485 ], [ 30.995676232911201, -29.745386439117819 ], [ 30.995596517941934, -29.745320777186208 ] ] ] } },
{ "type": "Feature", "properties": { "EA_CODE": "59914503", "EA_TYPE": "Formal residential_*", "White": null, "Black_African": null, "Coloured": null, "Indian_Asian": null, "Other": null, "area_km2": 0.015686, "sal2023_est": 0.0, "walk_typology": "Access gap", "walk_dist_k1_km": 3.239124948792083, "exceeds_walk_k1_3km": true, "econ_status": null, "Ai_walk": 0.020092, "walk_snap_flag": false, "drive_typology": "Well-served", "walk_dist_k3_km": 7.4588495632779281, "PR_NAME": "KwaZulu-Natal", "MN_NAME": "Ethekwini", "SP_NAME": "KwaMashu A" }, "geometry": { "type": "Polygon", "coordinates": [ [ [ 30.997111366626985, -29.746222428646437 ], [ 30.996850555154641, -29.746435136710755 ], [ 30.996668937452526, -29.746666959000777 ], [ 30.996522756336354, -29.746832335111929 ], [ 30.996378052218688, -29.747022812960509 ], [ 30.996221535320213, -29.747217721315174 ], [ 30.996083359009194, -29.74752671791731 ], [ 30.995601494976803, -29.74748503124561 ], [ 30.995461681523814, -29.747473380182175 ], [ 30.99548834204198, -29.74738634022389 ], [ 30.995571332620251, -29.747115397179137 ], [ 30.995804710750939, -29.746360942924579 ], [ 30.996023048140042, -29.745656508163265 ], [ 30.996205202587007, -29.745549239642376 ], [ 30.996235373852077, -29.745705624157612 ], [ 30.996225560844536, -29.745781394899449 ], [ 30.996186940500433, -29.745896636572397 ], [ 30.99625172394823, -29.745930275910549 ], [ 30.99632958981848, -29.745943356635408 ], [ 30.996426767504015, -29.745953323884837 ], [ 30.996529550976231, -29.74597574884271 ], [ 30.996621743774956, -29.746001290159811 ], [ 30.996770624401343, -29.746056730404081 ], [ 30.996956879967623, -29.746120268921516 ], [ 30.997111366626985, -29.746222428646437 ] ] ] } },
{ "type": "Feature", "properties": { "EA_CODE": "59914504", "EA_TYPE": "Formal residential_*", "White": null, "Black_African": null, "Coloured": null, "Indian_Asian": null, "Other": null, "area_km2": 0.010225, "sal2023_est": 0.0, "walk_typology": "Access gap", "walk_dist_k1_km": 3.1131422634538279, "exceeds_walk_k1_3km": true, "econ_status": null, "Ai_walk": 0.020866, "walk_snap_flag": false, "drive_typology": "Well-served", "walk_dist_k3_km": 7.3328668779396722, "PR_NAME": "KwaZulu-Natal", "MN_NAME": "Ethekwini", "SP_NAME": "KwaMashu A" }, "geometry": { "type": "Polygon", "coordinates": [ [ [ 30.99768374389765, -29.745875099177162 ], [ 30.997595064276471, -29.745931321416066 ], [ 30.997382425630633, -29.746062727257996 ], [ 30.997295194143465, -29.746114121905514 ], [ 30.997111366626985, -29.746222428646437 ], [ 30.996956879967623, -29.746120268921516 ], [ 30.996770624401343, -29.746056730404081 ], [ 30.996621743774956, -29.746001290159811 ], [ 30.996529550976231, -29.74597574884271 ], [ 30.996426767504015, -29.745953323884837 ], [ 30.99632958981848, -29.745943356635408 ], [ 30.99625172394823, -29.745930275910549 ], [ 30.996186940500433, -29.745896636572397 ], [ 30.996225560844536, -29.745781394899449 ], [ 30.996235373852077, -29.745705624157612 ], [ 30.996205202587007, -29.745549239642376 ], [ 30.996460210511803, -29.745399069167689 ], [ 30.996840131376675, -29.745173760298034 ], [ 30.997004408145166, -29.745076338300478 ], [ 30.997049125484647, -29.745130637205474 ], [ 30.997125497010984, -29.74522337479171 ], [ 30.99730792816516, -29.745444897998638 ], [ 30.997391903749367, -29.745523083395138 ], [ 30.997581575349798, -29.745803968803674 ], [ 30.99768374389765, -29.745875099177162 ] ] ] } },
{ "type": "Feature", "properties": { "EA_CODE": "59911338", "EA_TYPE": "Formal residential_*", "White": null, "Black_African": null, "Coloured": null, "Indian_Asian": null, "Other": null, "area_km2": 0.014352, "sal2023_est": 0.0, "walk_typology": "Access gap", "walk_dist_k1_km": 3.1467894728118662, "exceeds_walk_k1_3km": true, "econ_status": null, "Ai_walk": 0.020493, "walk_snap_flag": false, "drive_typology": "Well-served", "walk_dist_k3_km": 7.8065558803651154, "PR_NAME": "KwaZulu-Natal", "MN_NAME": "Ethekwini", "SP_NAME": "KwaMashu A" }, "geometry": { "type": "Polygon", "coordinates": [ [ [ 30.992862496879408, -29.744374093350324 ], [ 30.992978901522793, -29.744846556397441 ], [ 30.993009617615243, -29.744904916128004 ], [ 30.993241318999569, -29.745228771633041 ], [ 30.993279912772103, -29.745282716201039 ], [ 30.993553281278412, -29.745685088844649 ], [ 30.993553281495561, -29.745752413539712 ], [ 30.993553281184841, -29.745844810033574 ], [ 30.993535099281246, -29.74604571666142 ], [ 30.993533518754621, -29.746063173619621 ], [ 30.993441412376331, -29.746038260243729 ], [ 30.993358873382977, -29.74599985064738 ], [ 30.993257538013886, -29.745985141149578 ], [ 30.993218312502012, -29.745927935579189 ], [ 30.993168462225199, -29.745884623151305 ], [ 30.993090009553246, -29.745851935290798 ], [ 30.993052417725306, -29.745873182076785 ], [ 30.993032803807875, -29.745945097209816 ], [ 30.992983771713561, -29.745954904245639 ], [ 30.992947814313872, -29.745972881889962 ], [ 30.992851383550871, -29.745944279648672 ], [ 30.992832587288138, -29.745896881851309 ], [ 30.992784370665053, -29.745829869569796 ], [ 30.992674047011704, -29.745815159932306 ], [ 30.992600497953397, -29.74585275175593 ], [ 30.992535888550847, -29.745871102106815 ], [ 30.992280232957331, -29.745508925118074 ], [ 30.992064056427395, -29.745256162619771 ], [ 30.992219626502411, -29.745192963364431 ], [ 30.992291130758584, -29.745199016046616 ], [ 30.992351664787016, -29.745043897754325 ], [ 30.992482191223896, -29.744667453086343 ], [ 30.992508674791882, -29.744582328062979 ], [ 30.992641092232713, -29.744219125070064 ], [ 30.992695951111813, -29.744107516382009 ], [ 30.992777625176121, -29.744018970278802 ], [ 30.992822251847077, -29.74421074613241 ], [ 30.992862496879408, -29.744374093350324 ] ] ] } },
{ "type": "Feature", "properties": { "EA_CODE": "59911345", "EA_TYPE": "Formal residential_*", "White": null, "Black_African": null, "Coloured": null, "Indian_Asian": null, "Other": null, "area_km2": 0.007851, "sal2023_est": 0.0, "walk_typology": "Access gap", "walk_dist_k1_km": 3.1801900742166098, "exceeds_walk_k1_3km": true, "econ_status": null, "Ai_walk": 0.021037, "walk_snap_flag": false, "drive_typology": "Well-served", "walk_dist_k3_km": 7.6549072884693521, "PR_NAME": "KwaZulu-Natal", "MN_NAME": "Ethekwini", "SP_NAME": "KwaMashu A" }, "geometry": { "type": "Polygon", "coordinates": [ [ [ 30.995636092092269, -29.743393208856258 ], [ 30.995487061540619, -29.743543994544765 ], [ 30.994993279369304, -29.744068991968543 ], [ 30.99492517048807, -29.744139329694764 ], [ 30.9947331449216, -29.744337639944206 ], [ 30.994635712977388, -29.744461557670267 ], [ 30.994610914102434, -29.744475299891732 ], [ 30.994583931103712, -29.744490251089545 ], [ 30.994543027485925, -29.744326387269783 ], [ 30.994550834954872, -29.743784526146904 ], [ 30.994549908835094, -29.743769237967168 ], [ 30.994538343409374, -29.743578400386635 ], [ 30.994549274207518, -29.743550292205605 ], [ 30.994619544245552, -29.743539361220328 ], [ 30.994683568145604, -29.743517498774544 ], [ 30.994781946440842, -29.74343942166481 ], [ 30.994803807732932, -29.743372275197405 ], [ 30.994845969950802, -29.743334796634553 ], [ 30.994995878866728, -29.743241104349632 ], [ 30.995225022169006, -29.743011214000152 ], [ 30.995237504340093, -29.743021974855708 ], [ 30.995310060979239, -29.743053086651013 ], [ 30.995328774279333, -29.743092713110634 ], [ 30.995302907476713, -29.743201133065678 ], [ 30.995323269631999, -29.743220946103818 ], [ 30.995376103697467, -29.743253966651622 ], [ 30.995515344390899, -29.743320559908305 ], [ 30.995636092092269, -29.743393208856258 ] ] ] } },
{ "type": "Feature", "properties": { "EA_CODE": "59914611", "EA_TYPE": "Formal residential_*", "White": null, "Black_African": null, "Coloured": null, "Indian_Asian": null, "Other": null, "area_km2": 0.008268, "sal2023_est": 0.0, "walk_typology": "Access gap", "walk_dist_k1_km": 3.1801900742166098, "exceeds_walk_k1_3km": true, "econ_status": null, "Ai_walk": 0.021037, "walk_snap_flag": false, "drive_typology": "Well-served", "walk_dist_k3_km": 7.6549072884693521, "PR_NAME": "KwaZulu-Natal", "MN_NAME": "Ethekwini", "SP_NAME": "KwaMashu A" }, "geometry": { "type": "Polygon", "coordinates": [ [ [ 30.994549908835094, -29.743769237967168 ], [ 30.994550834954872, -29.743784526146904 ], [ 30.994543027485925, -29.744326387269783 ], [ 30.994583931103712, -29.744490251089545 ], [ 30.994417201020227, -29.744582638929806 ], [ 30.994331793667779, -29.744629883331601 ], [ 30.99423733395103, -29.744576023589833 ], [ 30.994020228061494, -29.744456420425699 ], [ 30.993749819856628, -29.744357618411605 ], [ 30.99381222073556, -29.74420031322477 ], [ 30.993703017678165, -29.744045608353481 ], [ 30.993739418828621, -29.743966306417928 ], [ 30.993736490478458, -29.74389526371975 ], [ 30.993734219207237, -29.743840202392569 ], [ 30.993680917149835, -29.743538593253625 ], [ 30.993674694499958, -29.7434424782866 ], [ 30.993739552418894, -29.743425515301226 ], [ 30.993764892836928, -29.743418887670998 ], [ 30.993778980087029, -29.743386088010876 ], [ 30.994347863212973, -29.743659263615722 ], [ 30.994549908835094, -29.743769237967168 ] ] ] } },
{ "type": "Feature", "properties": { "EA_CODE": "59911344", "EA_TYPE": "Formal residential_*", "White": null, "Black_African": null, "Coloured": null, "Indian_Asian": null, "Other": null, "area_km2": 0.009003, "sal2023_est": 0.0, "walk_typology": "Access gap", "walk_dist_k1_km": 3.1037440348597611, "exceeds_walk_k1_3km": true, "econ_status": null, "Ai_walk": 0.02158, "walk_snap_flag": false, "drive_typology": "Well-served", "walk_dist_k3_km": 7.5870959073261801, "PR_NAME": "KwaZulu-Natal", "MN_NAME": "Ethekwini", "SP_NAME": "KwaMashu A" }, "geometry": { "type": "Polygon", "coordinates": [ [ [ 30.993674694499958, -29.7434424782866 ], [ 30.993680917149835, -29.743538593253625 ], [ 30.993734219207237, -29.743840202392569 ], [ 30.993736490478458, -29.74389526371975 ], [ 30.993594717207358, -29.743968829826866 ], [ 30.993399777093511, -29.744069984065217 ], [ 30.993371641228077, -29.744094771433563 ], [ 30.993348194876447, -29.74410347891574 ], [ 30.993314737600279, -29.744142869869783 ], [ 30.993283884616368, -29.744156400929402 ], [ 30.993245700642451, -29.744173147928954 ], [ 30.993115816842504, -29.744254507166016 ], [ 30.993041282946688, -29.744285054018356 ], [ 30.992925630445644, -29.744332452660224 ], [ 30.992862496879408, -29.744374093350324 ], [ 30.992822251847077, -29.74421074613241 ], [ 30.992777625176121, -29.744018970278802 ], [ 30.992708605431599, -29.743722368594309 ], [ 30.992690176318099, -29.74361793673209 ], [ 30.992719994535104, -29.743507609369559 ], [ 30.993071241366117, -29.743335569430958 ], [ 30.993612611708031, -29.743074414610504 ], [ 30.993648417059372, -29.743207083993561 ], [ 30.993669217494176, -29.743357888313145 ], [ 30.993674694499958, -29.7434424782866 ] ] ] } },
{ "type": "Feature", "properties": { "EA_CODE": "59911367", "EA_TYPE": "Formal residential_*", "White": null, "Black_African": null, "Coloured": null, "Indian_Asian": null, "Other": null, "area_km2": 0.008203, "sal2023_est": 0.0, "walk_typology": "Access gap", "walk_dist_k1_km": 3.7907931546743598, "exceeds_walk_k1_3km": true, "econ_status": null, "Ai_walk": 0.020275, "walk_snap_flag": false, "drive_typology": "Well-served", "walk_dist_k3_km": 6.8090502095663057, "PR_NAME": "KwaZulu-Natal", "MN_NAME": "Ethekwini", "SP_NAME": "KwaMashu A" }, "geometry": { "type": "Polygon", "coordinates": [ [ [ 31.000560811536165, -29.740044610410049 ], [ 31.000561681313627, -29.740048042643185 ], [ 31.000564959656025, -29.74011361921082 ], [ 31.000242784851768, -29.740828347108465 ], [ 31.000154780593185, -29.740804941019295 ], [ 30.999883133016134, -29.740702707783417 ], [ 30.999588234517258, -29.740604409184698 ], [ 30.999576433622725, -29.740600474960512 ], [ 30.999538460732374, -29.740559581638706 ], [ 30.999468357942412, -29.740279170820553 ], [ 30.999475610397432, -29.740171210130072 ], [ 30.999758517728594, -29.740032327752807 ], [ 31.000468996606294, -29.739682455038171 ], [ 31.000502662685648, -29.739815249963357 ], [ 31.000560811536165, -29.740044610410049 ] ] ] } },
{ "type": "Feature", "properties": { "EA_CODE": "59911364", "EA_TYPE": "Formal residential_*", "White": null, "Black_African": null, "Coloured": null, "Indian_Asian": null, "Other": null, "area_km2": 0.008666, "sal2023_est": 0.0, "walk_typology": "Access gap", "walk_dist_k1_km": 4.0051113454797846, "exceeds_walk_k1_3km": true, "econ_status": null, "Ai_walk": 0.019012, "walk_snap_flag": false, "drive_typology": "Well-served", "walk_dist_k3_km": 6.5939795897264393, "PR_NAME": "KwaZulu-Natal", "MN_NAME": "Ethekwini", "SP_NAME": "KwaMashu A" }, "geometry": { "type": "Polygon", "coordinates": [ [ [ 31.001271112600993, -29.740430870844634 ], [ 31.001273501789161, -29.740436901685804 ], [ 31.001335570280684, -29.740512273278089 ], [ 31.001355341901206, -29.740582498055048 ], [ 31.001474144566917, -29.740849372307729 ], [ 31.001536127512683, -29.741007775368654 ], [ 31.001577449964056, -29.741093863263515 ], [ 31.00160920331388, -29.74112710506008 ], [ 31.001492823377998, -29.741109019271043 ], [ 31.001317261762587, -29.741088170988213 ], [ 31.00127666362668, -29.741110115778163 ], [ 31.001216314015405, -29.74108707358311 ], [ 31.001184494325248, -29.74106403091757 ], [ 31.001051725757243, -29.741006974422547 ], [ 31.001012225127262, -29.74101794684157 ], [ 31.000931027794376, -29.741057448377013 ], [ 31.00081581698981, -29.741027822354706 ], [ 31.000706839555981, -29.741012327595456 ], [ 31.000621609831477, -29.740971060052015 ], [ 31.000429349361696, -29.740877964561566 ], [ 31.000242784851768, -29.740828347108465 ], [ 31.000564959656025, -29.74011361921082 ], [ 31.000561681313627, -29.740048042643185 ], [ 31.000560811536165, -29.740044610410049 ], [ 31.000655107765176, -29.740036201092895 ], [ 31.000692927032706, -29.740062027776553 ], [ 31.000724287921251, -29.740097079048599 ], [ 31.000762106155502, -29.740113681994011 ], [ 31.000791621612986, -29.740196697083213 ], [ 31.000879249838903, -29.740244662139457 ], [ 31.001124606191549, -29.740332288627258 ], [ 31.001271112600993, -29.740430870844634 ] ] ] } },
{ "type": "Feature", "properties": { "EA_CODE": "59911347", "EA_TYPE": "Formal residential_*", "White": null, "Black_African": null, "Coloured": null, "Indian_Asian": null, "Other": null, "area_km2": 0.02318, "sal2023_est": 0.0, "walk_typology": "Access gap", "walk_dist_k1_km": 3.5854083149697522, "exceeds_walk_k1_3km": true, "econ_status": null, "Ai_walk": 0.017551, "walk_snap_flag": false, "drive_typology": "Well-served", "walk_dist_k3_km": 6.8606008264237479, "PR_NAME": "KwaZulu-Natal", "MN_NAME": "Ethekwini", "SP_NAME": "KwaMashu A" }, "geometry": { "type": "Polygon", "coordinates": [ [ [ 30.99983535954166, -29.74244902759057 ], [ 31.000001147995505, -29.742454176933375 ], [ 31.000337512597241, -29.742469652637535 ], [ 31.000275121862188, -29.743091407587546 ], [ 31.000257156707271, -29.743454712593909 ], [ 31.000255586754683, -29.743486461407343 ], [ 31.00022953907904, -29.743776240073625 ], [ 31.000220346711316, -29.74392438859077 ], [ 31.00012420839699, -29.744021707320297 ], [ 30.99998100180601, -29.744164913926188 ], [ 30.999918191616217, -29.744260385228721 ], [ 30.999780011592335, -29.744494037370522 ], [ 30.999594094211265, -29.744539260319435 ], [ 30.999347878836105, -29.744519161402451 ], [ 30.999451879079192, -29.744270022154819 ], [ 30.999468400264902, -29.744115618878553 ], [ 30.999386126219584, -29.744091548640359 ], [ 30.999165383688471, -29.744026969730282 ], [ 30.999078496621514, -29.743952998276981 ], [ 30.998851594287835, -29.743885481093603 ], [ 30.998923963032496, -29.74368536081926 ], [ 30.99903447589266, -29.743359212416291 ], [ 30.999147685201589, -29.742996945430939 ], [ 30.999164936050146, -29.742789395830755 ], [ 30.999192429124168, -29.742480497661948 ], [ 30.999200225899479, -29.742428354275216 ], [ 30.999200270050629, -29.742428061795209 ], [ 30.999200387348449, -29.74242825834969 ], [ 30.999561889110154, -29.742440535173316 ], [ 30.99983535954166, -29.74244902759057 ] ] ] } },
{ "type": "Feature", "properties": { "EA_CODE": "59913567", "EA_TYPE": "Township", "White": null, "Black_African": null, "Coloured": null, "Indian_Asian": null, "Other": null, "area_km2": 0.05885, "sal2023_est": 810.980006, "walk_typology": "Pharmacy desert", "walk_dist_k1_km": 5.7185580684408093, "exceeds_walk_k1_3km": true, "econ_status": "Non_Wealthy", "Ai_walk": 0.0, "walk_snap_flag": false, "drive_typology": "Well-served", "walk_dist_k3_km": 7.3482533116688096, "PR_NAME": "KwaZulu-Natal", "MN_NAME": "Ethekwini", "SP_NAME": "Mount Moriah" }, "geometry": { "type": "Polygon", "coordinates": [ [ [ 31.018698674710457, -29.736610219645613 ], [ 31.018905115087996, -29.736746882769875 ], [ 31.019048260775712, -29.736858219796979 ], [ 31.01879793220127, -29.737057010693889 ], [ 31.018732253453368, -29.737516760811143 ], [ 31.018684089083468, -29.738129759748002 ], [ 31.018767282230428, -29.738396853245924 ], [ 31.018723496623206, -29.738445017055323 ], [ 31.018666575529274, -29.738585130865573 ], [ 31.018657305390665, -29.738716224877056 ], [ 31.018908255052011, -29.738716225051526 ], [ 31.019155670308791, -29.738716224992459 ], [ 31.019304119593251, -29.7387692416027 ], [ 31.019392481934005, -29.738832863325147 ], [ 31.018731528643492, -29.739447866856111 ], [ 31.018498252019846, -29.739684679421675 ], [ 31.018416957739337, -29.73980838691395 ], [ 31.018005293643252, -29.739708334828158 ], [ 31.017624769608517, -29.739701289045065 ], [ 31.017378135430974, -29.739792896128915 ], [ 31.017068079622593, -29.739919737249281 ], [ 31.016849629774885, -29.740053624891434 ], [ 31.016610041408065, -29.740152278718085 ], [ 31.016328172196257, -29.74023684008688 ], [ 31.016157698345321, -29.740219792435692 ], [ 31.016071131047614, -29.7399561562187 ], [ 31.016026348165223, -29.739768067764256 ], [ 31.016120392691516, -29.739633719204569 ], [ 31.016295046629793, -29.73944115209347 ], [ 31.016389090277833, -29.739373977557232 ], [ 31.016501048503958, -29.739311281700424 ], [ 31.016621962443534, -29.739257541678541 ], [ 31.016890659221595, -29.739145584959314 ], [ 31.017329531915255, -29.738984366337831 ], [ 31.017714666571482, -29.738858973558482 ], [ 31.017741535391735, -29.738800755948716 ], [ 31.017450446551816, -29.738335013640693 ], [ 31.017450446507368, -29.738187229694866 ], [ 31.017638534692377, -29.737533399057259 ], [ 31.017719144426131, -29.737264700654254 ], [ 31.017486273288906, -29.737197526743071 ], [ 31.017030094087911, -29.736976348767957 ], [ 31.017092004559217, -29.736903724021857 ], [ 31.017230153761606, -29.736741662879428 ], [ 31.017543036723712, -29.736522936649468 ], [ 31.01793756047168, -29.736442634769116 ], [ 31.018059758523396, -29.736442635370487 ], [ 31.018290187620302, -29.736467075079577 ], [ 31.018485703315065, -29.736529918703987 ], [ 31.018698674710457, -29.736610219645613 ] ] ] } },
{ "type": "Feature", "properties": { "EA_CODE": "59911353", "EA_TYPE": "Formal residential_*", "White": null, "Black_African": null, "Coloured": null, "Indian_Asian": null, "Other": null, "area_km2": 0.014233, "sal2023_est": 0.0, "walk_typology": "Access gap", "walk_dist_k1_km": 3.4971737389669704, "exceeds_walk_k1_3km": true, "econ_status": null, "Ai_walk": 0.017327, "walk_snap_flag": false, "drive_typology": "Well-served", "walk_dist_k3_km": 7.3070519404570247, "PR_NAME": "KwaZulu-Natal", "MN_NAME": "Ethekwini", "SP_NAME": "KwaMashu A" }, "geometry": { "type": "Polygon", "coordinates": [ [ [ 30.996423936761762, -29.74256604461679 ], [ 30.996241064614459, -29.742781112237367 ], [ 30.995953157881647, -29.743072410115527 ], [ 30.995636092092269, -29.743393208856258 ], [ 30.995515344390899, -29.743320559908305 ], [ 30.995376103697467, -29.743253966651622 ], [ 30.995323269631999, -29.743220946103818 ], [ 30.995302907476713, -29.743201133065678 ], [ 30.995328774279333, -29.743092713110634 ], [ 30.995310060979239, -29.743053086651013 ], [ 30.995237504340093, -29.743021974855708 ], [ 30.995225022169006, -29.743011214000152 ], [ 30.9951291018962, -29.742928525225874 ], [ 30.995107608250375, -29.742785546335373 ], [ 30.99515153041644, -29.742718261870603 ], [ 30.995116019584387, -29.742694899339035 ], [ 30.995046865266367, -29.742650043119646 ], [ 30.994958088389051, -29.74261453163103 ], [ 30.994859965626961, -29.742560331398469 ], [ 30.994762700692473, -29.742497530360623 ], [ 30.995058918799693, -29.742352192213172 ], [ 30.996064714721552, -29.741851536059563 ], [ 30.996311305880553, -29.742269993831126 ], [ 30.996453284044129, -29.74253153114368 ], [ 30.996423936761762, -29.74256604461679 ] ] ] } },
{ "type": "Feature", "properties": { "EA_CODE": "59911349", "EA_TYPE": "Formal residential_*", "White": null, "Black_African": null, "Coloured": null, "Indian_Asian": null, "Other": null, "area_km2": 0.007979, "sal2023_est": 0.0, "walk_typology": "Access gap", "walk_dist_k1_km": 3.6458149072335271, "exceeds_walk_k1_3km": true, "econ_status": null, "Ai_walk": 0.017236, "walk_snap_flag": false, "drive_typology": "Well-served", "walk_dist_k3_km": 6.9210074186875232, "PR_NAME": "KwaZulu-Natal", "MN_NAME": "Ethekwini", "SP_NAME": "KwaMashu A" }, "geometry": { "type": "Polygon", "coordinates": [ [ [ 30.998851594287835, -29.743885481093603 ], [ 30.9986320316169, -29.743830611178034 ], [ 30.998428427562207, -29.743839865687875 ], [ 30.998378682976387, -29.743412992315179 ], [ 30.998385814267188, -29.743368601974943 ], [ 30.998487648016486, -29.743232291717831 ], [ 30.998510832790299, -29.743190560433227 ], [ 30.998622120510646, -29.742987693183668 ], [ 30.998600094337203, -29.742806851061832 ], [ 30.998603572437787, -29.742736137590285 ], [ 30.998623278651028, -29.742687449306199 ], [ 30.998674286520789, -29.742644557773961 ], [ 30.998655738158519, -29.742537297706136 ], [ 30.998696042431266, -29.742537298380785 ], [ 30.998849147255175, -29.742543955246138 ], [ 30.998937903868654, -29.742512890086608 ], [ 30.99906438232906, -29.742475169434481 ], [ 30.999144264288336, -29.742461854893072 ], [ 30.999200225899479, -29.742428354275216 ], [ 30.999192429124168, -29.742480497661948 ], [ 30.999164936050146, -29.742789395830755 ], [ 30.999147685201589, -29.742996945430939 ], [ 30.99903447589266, -29.743359212416291 ], [ 30.998923963032496, -29.74368536081926 ], [ 30.998851594287835, -29.743885481093603 ] ] ] } },
{ "type": "Feature", "properties": { "EA_CODE": "59913796", "EA_TYPE": "Informal residential", "White": null, "Black_African": null, "Coloured": null, "Indian_Asian": null, "Other": null, "area_km2": 0.016684, "sal2023_est": 1233.082201, "walk_typology": "Access gap", "walk_dist_k1_km": 4.1328863402970573, "exceeds_walk_k1_3km": true, "econ_status": "Non_Wealthy", "Ai_walk": 0.019974, "walk_snap_flag": false, "drive_typology": "Well-served", "walk_dist_k3_km": 6.7611701579343384, "PR_NAME": "KwaZulu-Natal", "MN_NAME": "Ethekwini", "SP_NAME": "KwaMashu A" }, "geometry": { "type": "Polygon", "coordinates": [ [ [ 31.006534248050222, -29.740024869626918 ], [ 31.005947691282692, -29.740856512699068 ], [ 31.005849763784987, -29.740995357775663 ], [ 31.00569988787446, -29.741189803124676 ], [ 31.005343040406078, -29.740997654250897 ], [ 31.005269705096214, -29.740948174733532 ], [ 31.005267938175102, -29.740917250907994 ], [ 31.005221110401852, -29.740885443204007 ], [ 31.005196369906631, -29.740880142264697 ], [ 31.005144240724761, -29.740835080138886 ], [ 31.005123918975229, -29.740832429574294 ], [ 31.005055885640413, -29.740782951454143 ], [ 31.004980783775263, -29.740759095376017 ], [ 31.004903761879149, -29.74071572419296 ], [ 31.004914025759774, -29.740703534830068 ], [ 31.004935593167644, -29.740666792040937 ], [ 31.004958757443632, -29.740626054647311 ], [ 31.005009078632686, -29.740582122586936 ], [ 31.005028249301247, -29.740539789124739 ], [ 31.00510812548691, -29.740529405235637 ], [ 31.005162441089219, -29.740516625084233 ], [ 31.005184008565941, -29.740479082744521 ], [ 31.005174423294761, -29.740418376674725 ], [ 31.005223945628909, -29.740360866181447 ], [ 31.005259889809334, -29.740325721040378 ], [ 31.005256172254018, -29.740322599614544 ], [ 31.005275728135349, -29.740335541789815 ], [ 31.005382891345878, -29.740423092806893 ], [ 31.005469041204833, -29.740326435883258 ], [ 31.005617528874129, -29.740145029776532 ], [ 31.005685701514174, -29.740137815337636 ], [ 31.005688474350759, -29.740130825880705 ], [ 31.005708093855663, -29.740081380445901 ], [ 31.005731584984222, -29.740066431141912 ], [ 31.005727314579509, -29.739780271091409 ], [ 31.005731585584588, -29.739406554409509 ], [ 31.005729879784496, -29.739234351615746 ], [ 31.00578484114142, -29.739017987187253 ], [ 31.005807785771616, -29.739021152158433 ], [ 31.005874080382902, -29.739030295879733 ], [ 31.006483516985988, -29.739610847718968 ], [ 31.006677718097819, -29.73979584383623 ], [ 31.006534248050222, -29.740024869626918 ] ] ] } },
{ "type": "Feature", "properties": { "EA_CODE": "59914584", "EA_TYPE": "Formal residential_*", "White": null, "Black_African": null, "Coloured": null, "Indian_Asian": null, "Other": null, "area_km2": 0.006386, "sal2023_est": 0.0, "walk_typology": "Access gap", "walk_dist_k1_km": 3.0395584097279342, "exceeds_walk_k1_3km": true, "econ_status": null, "Ai_walk": 0.020272, "walk_snap_flag": false, "drive_typology": "Well-served", "walk_dist_k3_km": 7.2077665301059133, "PR_NAME": "KwaZulu-Natal", "MN_NAME": "Ethekwini", "SP_NAME": "KwaMashu A" }, "geometry": { "type": "Polygon", "coordinates": [ [ [ 30.996482420408157, -29.747545981061641 ], [ 30.99666556788959, -29.747287020928049 ], [ 30.996956657256586, -29.747074135278993 ], [ 30.997335102872778, -29.7467973602866 ], [ 30.997731060096125, -29.746507780423904 ], [ 30.997748862020767, -29.746532564040226 ], [ 30.997879485184878, -29.746656814645494 ], [ 30.997990753268095, -29.746769333548361 ], [ 30.997971598350645, -29.746780867605864 ], [ 30.997837214085823, -29.746861497832459 ], [ 30.997702829558243, -29.746951432825746 ], [ 30.997571546173361, -29.747074446225572 ], [ 30.997291406016206, -29.747382497051074 ], [ 30.997109470448869, -29.747588208670269 ], [ 30.996880675240554, -29.74756860066821 ], [ 30.996553371982806, -29.747549985676184 ], [ 30.996482420408157, -29.747545981061641 ] ] ] } },
{ "type": "Feature", "properties": { "EA_CODE": "59914490", "EA_TYPE": "Formal residential_*", "White": null, "Black_African": null, "Coloured": null, "Indian_Asian": null, "Other": null, "area_km2": 0.014285, "sal2023_est": 0.0, "walk_typology": "Access gap", "walk_dist_k1_km": 3.4030829032709544, "exceeds_walk_k1_3km": true, "econ_status": null, "Ai_walk": 0.015022, "walk_snap_flag": false, "drive_typology": "Well-served", "walk_dist_k3_km": 6.9400586740418007, "PR_NAME": "KwaZulu-Natal", "MN_NAME": "Ethekwini", "SP_NAME": "KwaMashu A" }, "geometry": { "type": "Polygon", "coordinates": [ [ [ 30.999108562760966, -29.748192359681948 ], [ 30.998214551928854, -29.748392336242233 ], [ 30.998153383195472, -29.748208829004199 ], [ 30.998137913854691, -29.748074174951313 ], [ 30.997944298821736, -29.747550699887942 ], [ 30.997882878706285, -29.747405310141414 ], [ 30.998817442199574, -29.747227556297172 ], [ 30.998885324078259, -29.747211328410714 ], [ 30.998928534974034, -29.747193480258172 ], [ 30.999012879111234, -29.747272862924728 ], [ 30.999090999039478, -29.747320937256923 ], [ 30.999124908937251, -29.747334726651932 ], [ 30.999584968711655, -29.747521811930671 ], [ 30.999495980001381, -29.74770175735615 ], [ 30.999266107316295, -29.748189941304872 ], [ 30.999108562760966, -29.748192359681948 ] ] ] } },
{ "type": "Feature", "properties": { "EA_CODE": "59911330", "EA_TYPE": "Formal residential_*", "White": null, "Black_African": null, "Coloured": null, "Indian_Asian": null, "Other": null, "area_km2": 0.006671, "sal2023_est": 0.0, "walk_typology": "Access gap", "walk_dist_k1_km": 3.1988833015516924, "exceeds_walk_k1_3km": true, "econ_status": null, "Ai_walk": 0.019326, "walk_snap_flag": false, "drive_typology": "Well-served", "walk_dist_k3_km": 7.2666076072314123, "PR_NAME": "KwaZulu-Natal", "MN_NAME": "Ethekwini", "SP_NAME": "KwaMashu A" }, "geometry": { "type": "Polygon", "coordinates": [ [ [ 30.997131375669596, -29.747760327631564 ], [ 30.997944298821736, -29.747550699887942 ], [ 30.998137913854691, -29.748074174951313 ], [ 30.998153383195472, -29.748208829004199 ], [ 30.997995945600604, -29.748249134760634 ], [ 30.997866606642344, -29.748279604227772 ], [ 30.997697469595764, -29.748323131858577 ], [ 30.997564398557557, -29.748360441829448 ], [ 30.997534551335942, -29.748274630112704 ], [ 30.997491644621554, -29.748283956971036 ], [ 30.997359195675468, -29.74834240856886 ], [ 30.997324995320557, -29.748401482875064 ], [ 30.997301987311367, -29.74847299279423 ], [ 30.997222626275256, -29.748524682087361 ], [ 30.997204572664931, -29.748441033683321 ], [ 30.997167359487992, -29.748043049183568 ], [ 30.997131375669596, -29.747760327631564 ] ] ] } },
{ "type": "Feature", "properties": { "EA_CODE": "59911361", "EA_TYPE": "Formal residential_*", "White": null, "Black_African": null, "Coloured": null, "Indian_Asian": null, "Other": null, "area_km2": 0.006911, "sal2023_est": 0.0, "walk_typology": "Access gap", "walk_dist_k1_km": 3.7158817788999352, "exceeds_walk_k1_3km": true, "econ_status": null, "Ai_walk": 0.019034, "walk_snap_flag": false, "drive_typology": "Well-served", "walk_dist_k3_km": 7.019566266936649, "PR_NAME": "KwaZulu-Natal", "MN_NAME": "Ethekwini", "SP_NAME": "KwaMashu A" }, "geometry": { "type": "Polygon", "coordinates": [ [ [ 30.998671947428473, -29.741606702108836 ], [ 30.998625472699871, -29.741628264222687 ], [ 30.998600550905934, -29.741589495902492 ], [ 30.998583937227984, -29.741598726688284 ], [ 30.998570090655274, -29.741613494698377 ], [ 30.998317351930588, -29.741744167125695 ], [ 30.998214099666406, -29.741586571225056 ], [ 30.997974007749061, -29.741199149748393 ], [ 30.997833561786258, -29.740974111338826 ], [ 30.998477193143618, -29.740661206614966 ], [ 30.998553471252187, -29.740844664235002 ], [ 30.99862686943257, -29.741021192652333 ], [ 30.998695421495992, -29.74099269065751 ], [ 30.998765640840539, -29.740963493688234 ], [ 30.998970654780631, -29.741309051829301 ], [ 30.998894849098896, -29.741359161303553 ], [ 30.998835860633164, -29.741359160975644 ], [ 30.998786258061436, -29.741361842081535 ], [ 30.998744698252334, -29.741377929263979 ], [ 30.998732631957008, -29.74140742323489 ], [ 30.998731292502747, -29.74150260918055 ], [ 30.998732631945611, -29.741550870558545 ], [ 30.998671947428473, -29.741606702108836 ] ] ] } },
{ "type": "Feature", "properties": { "EA_CODE": "59911362", "EA_TYPE": "Formal residential_*", "White": null, "Black_African": null, "Coloured": null, "Indian_Asian": null, "Other": null, "area_km2": 0.004705, "sal2023_est": 0.0, "walk_typology": "Access gap", "walk_dist_k1_km": 3.8471320618454481, "exceeds_walk_k1_3km": true, "econ_status": null, "Ai_walk": 0.019935, "walk_snap_flag": false, "drive_typology": "Well-served", "walk_dist_k3_km": 6.8653891167373935, "PR_NAME": "KwaZulu-Natal", "MN_NAME": "Ethekwini", "SP_NAME": "KwaMashu A" }, "geometry": { "type": "Polygon", "coordinates": [ [ [ 31.000242784851768, -29.740828347108465 ], [ 31.000429349361696, -29.740877964561566 ], [ 31.000621609831477, -29.740971060052015 ], [ 31.000448211558123, -29.741348369785893 ], [ 31.00039407787639, -29.741280512942328 ], [ 31.000333443259255, -29.74125747085241 ], [ 31.000197618296774, -29.741217451828177 ], [ 31.000081198413977, -29.741198048181403 ], [ 31.000006009383345, -29.741172581090733 ], [ 30.999919906724731, -29.741141050903877 ], [ 30.999808337584422, -29.741091329396742 ], [ 30.999697980110032, -29.741048883950256 ], [ 30.999591260856874, -29.741016140624453 ], [ 30.999522135733756, -29.740988248868973 ], [ 30.999425118695257, -29.740954293215854 ], [ 30.999426330676609, -29.740873040983761 ], [ 30.999451799584861, -29.740766321730334 ], [ 30.999482115957889, -29.740738428672856 ], [ 30.999552453874614, -29.740706898569996 ], [ 30.999588234517258, -29.740604409184698 ], [ 30.999883133016134, -29.740702707783417 ], [ 31.000154780593185, -29.740804941019295 ], [ 31.000242784851768, -29.740828347108465 ] ] ] } },
{ "type": "Feature", "properties": { "EA_CODE": "59914509", "EA_TYPE": "Formal residential_*", "White": null, "Black_African": null, "Coloured": null, "Indian_Asian": null, "Other": null, "area_km2": 0.006143, "sal2023_est": 0.0, "walk_typology": "Access gap", "walk_dist_k1_km": 3.0721875276268413, "exceeds_walk_k1_3km": true, "econ_status": null, "Ai_walk": 0.021729, "walk_snap_flag": false, "drive_typology": "Well-served", "walk_dist_k3_km": 7.546904741879584, "PR_NAME": "KwaZulu-Natal", "MN_NAME": "Ethekwini", "SP_NAME": "KwaMashu A" }, "geometry": { "type": "Polygon", "coordinates": [ [ [ 30.995898239724813, -29.74456520068761 ], [ 30.995735786693572, -29.744660932872595 ], [ 30.995391963250551, -29.74482223277646 ], [ 30.995155343878171, -29.744955183212298 ], [ 30.995048664588985, -29.744870588942351 ], [ 30.994951516642086, -29.744773442253127 ], [ 30.994742651353246, -29.744605378402298 ], [ 30.994610914102434, -29.744475299891732 ], [ 30.994635712977388, -29.744461557670267 ], [ 30.9947331449216, -29.744337639944206 ], [ 30.99492517048807, -29.744139329694764 ], [ 30.995011199705502, -29.744188719755048 ], [ 30.995078197415879, -29.744167189921754 ], [ 30.995164288756381, -29.74413776261899 ], [ 30.995204088030889, -29.744132596686075 ], [ 30.995247869983576, -29.744151148986095 ], [ 30.995304266618952, -29.744191962357522 ], [ 30.995338401649473, -29.744220902652241 ], [ 30.995386637572089, -29.744239455419567 ], [ 30.995421514496229, -29.744261716597396 ], [ 30.995474942906476, -29.744306983206599 ], [ 30.995519467551947, -29.744336665665333 ], [ 30.995624840999398, -29.744408645552586 ], [ 30.995759897191537, -29.744488790065741 ], [ 30.995810358476632, -29.744514762183702 ], [ 30.995866755401565, -29.744552607048348 ], [ 30.995898239724813, -29.74456520068761 ] ] ] } },
{ "type": "Feature", "properties": { "EA_CODE": "59914507", "EA_TYPE": "Formal residential_*", "White": null, "Black_African": null, "Coloured": null, "Indian_Asian": null, "Other": null, "area_km2": 0.004456, "sal2023_est": 0.0, "walk_typology": "Access gap", "walk_dist_k1_km": 3.1451564930711484, "exceeds_walk_k1_3km": true, "econ_status": null, "Ai_walk": 0.021132, "walk_snap_flag": false, "drive_typology": "Well-served", "walk_dist_k3_km": 7.4124503967693984, "PR_NAME": "KwaZulu-Natal", "MN_NAME": "Ethekwini", "SP_NAME": "KwaMashu A" }, "geometry": { "type": "Polygon", "coordinates": [ [ [ 30.996195221080551, -29.74469831012356 ], [ 30.996146677168305, -29.744799310947197 ], [ 30.996148375479095, -29.744829872977114 ], [ 30.996077063834516, -29.744947877315415 ], [ 30.996032069310868, -29.745052297834441 ], [ 30.995904859375415, -29.745149476432427 ], [ 30.995691642415956, -29.74526792988766 ], [ 30.995596517941934, -29.745320777186208 ], [ 30.99535661980179, -29.745123171157807 ], [ 30.995297360590072, -29.745067797060386 ], [ 30.995155343878171, -29.744955183212298 ], [ 30.995391963250551, -29.74482223277646 ], [ 30.995735786693572, -29.744660932872595 ], [ 30.995898239724813, -29.74456520068761 ], [ 30.995955803078552, -29.744588226779001 ], [ 30.996057465912216, -29.744628298062935 ], [ 30.996161018784182, -29.744685708632648 ], [ 30.996195221080551, -29.74469831012356 ] ] ] } },
{ "type": "Feature", "properties": { "EA_CODE": "59914502", "EA_TYPE": "Formal residential_*", "White": null, "Black_African": null, "Coloured": null, "Indian_Asian": null, "Other": null, "area_km2": 0.009944, "sal2023_est": 0.0, "walk_typology": "Access gap", "walk_dist_k1_km": 3.3386415783439811, "exceeds_walk_k1_3km": true, "econ_status": null, "Ai_walk": 0.021563, "walk_snap_flag": false, "drive_typology": "Well-served", "walk_dist_k3_km": 7.1073675630495181, "PR_NAME": "KwaZulu-Natal", "MN_NAME": "Ethekwini", "SP_NAME": "KwaMashu A" }, "geometry": { "type": "Polygon", "coordinates": [ [ [ 30.99768374389765, -29.745875099177162 ], [ 30.997581575349798, -29.745803968803674 ], [ 30.997391903749367, -29.745523083395138 ], [ 30.99730792816516, -29.745444897998638 ], [ 30.997125497010984, -29.74522337479171 ], [ 30.997049125484647, -29.745130637205474 ], [ 30.997004408145166, -29.745076338300478 ], [ 30.997185898413388, -29.744968707358119 ], [ 30.997776448429409, -29.744598956265044 ], [ 30.998025286151499, -29.744914412195413 ], [ 30.998027843332856, -29.744917653671386 ], [ 30.998310608521944, -29.745273701395025 ], [ 30.998403095820272, -29.745389311340286 ], [ 30.998241739406296, -29.745516397395363 ], [ 30.998065735149709, -29.745643025172217 ], [ 30.997837169109893, -29.745791951437692 ], [ 30.997716913070892, -29.745854069682078 ], [ 30.99768374389765, -29.745875099177162 ] ] ] } },
{ "type": "Feature", "properties": { "EA_CODE": "59911351", "EA_TYPE": "Formal residential_*", "White": null, "Black_African": null, "Coloured": null, "Indian_Asian": null, "Other": null, "area_km2": 0.005477, "sal2023_est": 0.0, "walk_typology": "Access gap", "walk_dist_k1_km": 3.6458149072335271, "exceeds_walk_k1_3km": true, "econ_status": null, "Ai_walk": 0.017236, "walk_snap_flag": false, "drive_typology": "Well-served", "walk_dist_k3_km": 6.9210074186875232, "PR_NAME": "KwaZulu-Natal", "MN_NAME": "Ethekwini", "SP_NAME": "KwaMashu A" }, "geometry": { "type": "Polygon", "coordinates": [ [ [ 30.998385814267188, -29.743368601974943 ], [ 30.998378682976387, -29.743412992315179 ], [ 30.998355086047258, -29.743409732262712 ], [ 30.998230939751664, -29.743396409951693 ], [ 30.998221434961856, -29.74320421188618 ], [ 30.998119409110579, -29.743194340236112 ], [ 30.998115226800081, -29.743179702289464 ], [ 30.998096163971216, -29.743112980754784 ], [ 30.997895957356459, -29.743057140668078 ], [ 30.99785933560204, -29.743027412784851 ], [ 30.997844257047365, -29.742951155789278 ], [ 30.997792988418851, -29.742876622089319 ], [ 30.997775755001221, -29.742795625056139 ], [ 30.997751790900828, -29.742625083643944 ], [ 30.997931624379362, -29.742608303833009 ], [ 30.998285541089118, -29.742559487775964 ], [ 30.998600628534415, -29.742537298005416 ], [ 30.998655738158519, -29.742537297706136 ], [ 30.998674286520789, -29.742644557773961 ], [ 30.998623278651028, -29.742687449306199 ], [ 30.998603572437787, -29.742736137590285 ], [ 30.998600094337203, -29.742806851061832 ], [ 30.998622120510646, -29.742987693183668 ], [ 30.998510832790299, -29.743190560433227 ], [ 30.998487648016486, -29.743232291717831 ], [ 30.998385814267188, -29.743368601974943 ] ] ] } },
{ "type": "Feature", "properties": { "EA_CODE": "59914415", "EA_TYPE": "Vacant_*", "White": null, "Black_African": null, "Coloured": null, "Indian_Asian": null, "Other": null, "area_km2": 0.02007, "sal2023_est": 0.0, "walk_typology": "Demand overcrowding", "walk_dist_k1_km": 2.0671499763485794, "exceeds_walk_k1_3km": false, "econ_status": null, "Ai_walk": 0.015171, "walk_snap_flag": false, "drive_typology": "Well-served", "walk_dist_k3_km": 8.0934339362254129, "PR_NAME": "KwaZulu-Natal", "MN_NAME": "Ethekwini", "SP_NAME": "Emlanjeni" }, "geometry": { "type": "Polygon", "coordinates": [ [ [ 30.986707585735981, -29.748042853188696 ], [ 30.986227244208223, -29.748303097167341 ], [ 30.985759857116534, -29.748470961018764 ], [ 30.985137773088891, -29.748602618573422 ], [ 30.9847757126471, -29.748638825302674 ], [ 30.984061468180609, -29.748615785439537 ], [ 30.983248479495664, -29.748444630210631 ], [ 30.982583885875194, -29.748222159650233 ], [ 30.98268479375767, -29.747935583370161 ], [ 30.982984020881371, -29.74803888726386 ], [ 30.983523217953838, -29.74821420888037 ], [ 30.983731619440231, -29.748270443746279 ], [ 30.983986331401081, -29.748293599957691 ], [ 30.984121957183572, -29.748296908437993 ], [ 30.984333667571441, -29.748273751618445 ], [ 30.984561916456045, -29.748230748404662 ], [ 30.984757084681004, -29.748167897256987 ], [ 30.985329360878715, -29.747929725402226 ], [ 30.986331671992939, -29.747589005048592 ], [ 30.986497309237727, -29.74753072465418 ], [ 30.986510301263422, -29.747526153820374 ], [ 30.986707585735981, -29.748042853188696 ] ] ] } },
{ "type": "Feature", "properties": { "EA_CODE": "59914492", "EA_TYPE": "Formal residential_*", "White": null, "Black_African": null, "Coloured": null, "Indian_Asian": null, "Other": null, "area_km2": 0.011389, "sal2023_est": 0.0, "walk_typology": "Access gap", "walk_dist_k1_km": 3.4573975964159698, "exceeds_walk_k1_3km": true, "econ_status": null, "Ai_walk": 0.014779, "walk_snap_flag": false, "drive_typology": "Well-served", "walk_dist_k3_km": 6.9943733671868165, "PR_NAME": "KwaZulu-Natal", "MN_NAME": "Ethekwini", "SP_NAME": "KwaMashu A" }, "geometry": { "type": "Polygon", "coordinates": [ [ [ 30.998885324078259, -29.747211328410714 ], [ 30.998817442199574, -29.747227556297172 ], [ 30.997882878706285, -29.747405310141414 ], [ 30.997944298821736, -29.747550699887942 ], [ 30.997131375669596, -29.747760327631564 ], [ 30.997109470448869, -29.747588208670269 ], [ 30.997291406016206, -29.747382497051074 ], [ 30.997571546173361, -29.747074446225572 ], [ 30.997702829558243, -29.746951432825746 ], [ 30.997837214085823, -29.746861497832459 ], [ 30.997971598350645, -29.746780867605864 ], [ 30.997990753268095, -29.746769333548361 ], [ 30.998548417785241, -29.74643353515043 ], [ 30.998656554250186, -29.746392978752585 ], [ 30.998659365296827, -29.746391924695097 ], [ 30.99878052402682, -29.746795132999321 ], [ 30.998884682673697, -29.747115622885268 ], [ 30.998927749463864, -29.747192740571805 ], [ 30.998928534974034, -29.747193480258172 ], [ 30.998885324078259, -29.747211328410714 ] ] ] } },
{ "type": "Feature", "properties": { "EA_CODE": "59911328", "EA_TYPE": "Collective living quarters_*", "White": null, "Black_African": null, "Coloured": null, "Indian_Asian": null, "Other": null, "area_km2": 0.011826, "sal2023_est": 0.0, "walk_typology": "Access gap", "walk_dist_k1_km": 3.1988833015516924, "exceeds_walk_k1_3km": true, "econ_status": null, "Ai_walk": 0.019326, "walk_snap_flag": false, "drive_typology": "Well-served", "walk_dist_k3_km": 7.2666076072314123, "PR_NAME": "KwaZulu-Natal", "MN_NAME": "Ethekwini", "SP_NAME": "KwaMashu A" }, "geometry": { "type": "Polygon", "coordinates": [ [ [ 30.998876962856698, -29.748518697965515 ], [ 30.998607294922429, -29.748723151611674 ], [ 30.998296847761065, -29.748948285210798 ], [ 30.997867908662972, -29.749315609196646 ], [ 30.997665615326916, -29.749124327371003 ], [ 30.997342058642346, -29.74881007411031 ], [ 30.997266595846543, -29.748728409784221 ], [ 30.997222626275256, -29.748524682087361 ], [ 30.997301987311367, -29.74847299279423 ], [ 30.997324995320557, -29.748401482875064 ], [ 30.997359195675468, -29.74834240856886 ], [ 30.997491644621554, -29.748283956971036 ], [ 30.997534551335942, -29.748274630112704 ], [ 30.997564398557557, -29.748360441829448 ], [ 30.997697469595764, -29.748323131858577 ], [ 30.997866606642344, -29.748279604227772 ], [ 30.997995945600604, -29.748249134760634 ], [ 30.998153383195472, -29.748208829004199 ], [ 30.998214551928854, -29.748392336242233 ], [ 30.999108562760966, -29.748192359681948 ], [ 30.999266107316295, -29.748189941304872 ], [ 30.999218709849384, -29.748261036040507 ], [ 30.998969878471748, -29.748448251778104 ], [ 30.998876962856698, -29.748518697965515 ] ] ] } },
{ "type": "Feature", "properties": { "EA_CODE": "59914187", "EA_TYPE": "Township", "White": null, "Black_African": null, "Coloured": null, "Indian_Asian": null, "Other": null, "area_km2": 0.064931, "sal2023_est": 1075.747227, "walk_typology": "Demand overcrowding", "walk_dist_k1_km": 1.696865153735619, "exceeds_walk_k1_3km": false, "econ_status": "Non_Wealthy", "Ai_walk": 0.021805, "walk_snap_flag": false, "drive_typology": "Well-served", "walk_dist_k3_km": 8.522104872177799, "PR_NAME": "KwaZulu-Natal", "MN_NAME": "Ethekwini", "SP_NAME": "KwaMashu J" }, "geometry": { "type": "Polygon", "coordinates": [ [ [ 30.963359324166433, -29.743766084176784 ], [ 30.963186393061367, -29.744432187547989 ], [ 30.96309032040617, -29.744758836315999 ], [ 30.962681752727111, -29.74465870875159 ], [ 30.962569660662663, -29.745187782345603 ], [ 30.962236813926101, -29.745104570416629 ], [ 30.961587762758541, -29.744976979058642 ], [ 30.961204988885854, -29.744899315009867 ], [ 30.960983091386588, -29.744893767233073 ], [ 30.960827762066767, -29.744910409706034 ], [ 30.960705718007507, -29.745021358655638 ], [ 30.960639148894593, -29.74517668687859 ], [ 30.960689076318445, -29.74538194308882 ], [ 30.960367324434138, -29.745459607343129 ], [ 30.960311849604661, -29.745631577957564 ], [ 30.96021199472171, -29.746036541833245 ], [ 30.960095499408816, -29.746214059689919 ], [ 30.95987914856665, -29.746408221120447 ], [ 30.959779293922367, -29.746596833738252 ], [ 30.959718272276039, -29.746746614933986 ], [ 30.959657249938999, -29.747068367004907 ], [ 30.959540754340573, -29.747240338213707 ], [ 30.959413163137395, -29.747440046989571 ], [ 30.959341045817446, -29.747501069388552 ], [ 30.959230097241697, -29.747356835012976 ], [ 30.959196811752996, -29.747207054292627 ], [ 30.959135790300689, -29.747007345340776 ], [ 30.959102530226488, -29.746801635830916 ], [ 30.958868599245818, -29.746796762628875 ], [ 30.958576185550086, -29.746762647720395 ], [ 30.958504873041633, -29.746733392393207 ], [ 30.958555827830995, -29.746672883745308 ], [ 30.958746798309146, -29.746113144055087 ], [ 30.958955989902652, -29.745808450743592 ], [ 30.959192468577324, -29.745558330231432 ], [ 30.959328898412366, -29.74537642355979 ], [ 30.959469875547338, -29.745012612314099 ], [ 30.959660876048762, -29.744621512885494 ], [ 30.959810949507617, -29.744380488165234 ], [ 30.960083808366896, -29.744139461795605 ], [ 30.960379406253846, -29.743998485137762 ], [ 30.960620482586449, -29.743923167403231 ], [ 30.960864312095531, -29.74388190343247 ], [ 30.961089386270256, -29.743878152172687 ], [ 30.961336966616059, -29.743896907819131 ], [ 30.96152077733657, -29.743930668676477 ], [ 30.961899650776783, -29.74399068881463 ], [ 30.962218505408288, -29.744046956936835 ], [ 30.962402314597774, -29.744084469974993 ], [ 30.962623636609003, -29.744121981719708 ], [ 30.962687408054723, -29.744076967152285 ], [ 30.962743676818061, -29.743968182237275 ], [ 30.96281870079779, -29.743686839862111 ], [ 30.96303267590709, -29.743702034677227 ], [ 30.963359324166433, -29.743766084176784 ] ] ] } },
{ "type": "Feature", "properties": { "EA_CODE": "59913795", "EA_TYPE": "Formal residential_*", "White": null, "Black_African": null, "Coloured": null, "Indian_Asian": null, "Other": null, "area_km2": 0.017347, "sal2023_est": 0.0, "walk_typology": "Access gap", "walk_dist_k1_km": 3.8710260691987788, "exceeds_walk_k1_3km": true, "econ_status": null, "Ai_walk": 0.020193, "walk_snap_flag": false, "drive_typology": "Well-served", "walk_dist_k3_km": 6.4598943134454343, "PR_NAME": "KwaZulu-Natal", "MN_NAME": "Ethekwini", "SP_NAME": "KwaMashu A" }, "geometry": { "type": "Polygon", "coordinates": [ [ [ 31.004668164060387, -29.740759672552404 ], [ 31.004673537264505, -29.740780207866944 ], [ 31.004653177711408, -29.740836196128949 ], [ 31.004540029993876, -29.740930059952451 ], [ 31.004465674758602, -29.740986712101773 ], [ 31.004459686088019, -29.741001685093924 ], [ 31.004476611670874, -29.74102089140651 ], [ 31.004423012476803, -29.741054123315724 ], [ 31.004401691315884, -29.741054364781991 ], [ 31.004327100131917, -29.741113060210125 ], [ 31.004274003169758, -29.741165612145789 ], [ 31.004254239504345, -29.74118469641332 ], [ 31.004210971973681, -29.741229713331801 ], [ 31.004204776663954, -29.741233810329195 ], [ 31.004071962046847, -29.74137431363922 ], [ 31.004062176688755, -29.741388850937724 ], [ 31.004032524806941, -29.741411090377735 ], [ 31.003993137478634, -29.741460413576551 ], [ 31.003908449138113, -29.74151401377032 ], [ 31.003892681328928, -29.74151920575903 ], [ 31.00382442591426, -29.741588563252364 ], [ 31.003746987142232, -29.741685021989728 ], [ 31.003639658918267, -29.74178148141641 ], [ 31.003546500247101, -29.741850079091002 ], [ 31.003408049320182, -29.741796155610455 ], [ 31.003192501166456, -29.741699641760874 ], [ 31.003003966786682, -29.741647645380116 ], [ 31.002811774964794, -29.741354584964551 ], [ 31.00278432789117, -29.741313415265893 ], [ 31.00267001535887, -29.741141946414825 ], [ 31.002539928910334, -29.740880465672436 ], [ 31.002711590797446, -29.740793128870649 ], [ 31.003161678641153, -29.740676223038435 ], [ 31.003521026281167, -29.740597038386383 ], [ 31.003775466264273, -29.740518989221691 ], [ 31.003801661456489, -29.740497929931582 ], [ 31.004004625765635, -29.740572942573714 ], [ 31.004168494133886, -29.740643171713547 ], [ 31.004327678693727, -29.740713401067591 ], [ 31.004388544345058, -29.74072588643709 ], [ 31.004668164060387, -29.740759672552404 ] ] ] } },
{ "type": "Feature", "properties": { "EA_CODE": "59911387", "EA_TYPE": "Township", "White": null, "Black_African": null, "Coloured": null, "Indian_Asian": null, "Other": null, "area_km2": 0.0522, "sal2023_est": 1156.202958, "walk_typology": "Artifact zone", "walk_dist_k1_km": 3.0131246822658708, "exceeds_walk_k1_3km": true, "econ_status": "Non_Wealthy", "Ai_walk": 0.057547, "walk_snap_flag": false, "drive_typology": "Well-served", "walk_dist_k3_km": 7.6296811649646639, "PR_NAME": "KwaZulu-Natal", "MN_NAME": "Ethekwini", "SP_NAME": "Emakhosini" }, "geometry": { "type": "Polygon", "coordinates": [ [ [ 30.996227631915236, -29.733524397771312 ], [ 30.996192199234169, -29.733573498164002 ], [ 30.995947935332683, -29.733944418375561 ], [ 30.995774843833065, -29.733862710953847 ], [ 30.99534197941729, -29.73364627774707 ], [ 30.995341767678646, -29.733646173279421 ], [ 30.994987397637111, -29.733468986659712 ], [ 30.994817014945703, -29.733418333134129 ], [ 30.994648933840754, -29.733418332969826 ], [ 30.994347310416941, -29.733443659614984 ], [ 30.993923655301078, -29.733471290149584 ], [ 30.993870969294157, -29.73347496012757 ], [ 30.99346085672347, -29.73350352475299 ], [ 30.993251332390621, -29.733540364268787 ], [ 30.993120091611935, -29.733565690835427 ], [ 30.992912868487267, -29.733657789551266 ], [ 30.992726368117356, -29.733749889210614 ], [ 30.992562892641626, -29.733825871313748 ], [ 30.992376391709708, -29.733973228598856 ], [ 30.99224054600505, -29.734141310370124 ], [ 30.992185287353848, -29.734286366436365 ], [ 30.992171471749231, -29.734452144290309 ], [ 30.992185286699225, -29.734622527236603 ], [ 30.992211863442826, -29.73499472442364 ], [ 30.992241217532232, -29.735354312129378 ], [ 30.992261255217997, -29.735591629944214 ], [ 30.992219584867922, -29.735593524329055 ], [ 30.991886226219073, -29.735614359294381 ], [ 30.991700387373943, -29.735626479237929 ], [ 30.991537714572786, -29.735637087930797 ], [ 30.991270649593744, -29.735640875767984 ], [ 30.99118920294837, -29.735610570646415 ], [ 30.991103969496141, -29.735549960123123 ], [ 30.990897514619526, -29.735400327251661 ], [ 30.990781797735476, -29.735313845442654 ], [ 30.991028778866557, -29.735057063281225 ], [ 30.991091303272754, -29.734967356319785 ], [ 30.991080428830355, -29.734885804429318 ], [ 30.990952664335552, -29.734777068308357 ], [ 30.990593835688145, -29.73451338267288 ], [ 30.990348887221447, -29.734316965922957 ], [ 30.990326074492398, -29.734254229245551 ], [ 30.991536852621259, -29.733712358601 ], [ 30.992247781933322, -29.733387969780374 ], [ 30.992516926909421, -29.733243597198275 ], [ 30.993029940625764, -29.733013708042272 ], [ 30.993586513619533, -29.73297257139744 ], [ 30.993851135826674, -29.732979146851854 ], [ 30.994381202777028, -29.732908528882898 ], [ 30.994764477943594, -29.732887679162445 ], [ 30.994974255842298, -29.732894338226565 ], [ 30.995184033957962, -29.73297425360537 ], [ 30.995553642983793, -29.733174041649981 ], [ 30.996227631915236, -29.733524397771312 ] ] ] } },
{ "type": "Feature", "properties": { "EA_CODE": "59914425", "EA_TYPE": "Township", "White": null, "Black_African": null, "Coloured": null, "Indian_Asian": null, "Other": null, "area_km2": 0.118067, "sal2023_est": 1055.701613, "walk_typology": "Well-served", "walk_dist_k1_km": 1.3929211401690116, "exceeds_walk_k1_3km": false, "econ_status": "Non_Wealthy", "Ai_walk": 0.070071, "walk_snap_flag": false, "drive_typology": "Well-served", "walk_dist_k3_km": 9.0461691748838007, "PR_NAME": "KwaZulu-Natal", "MN_NAME": "Ethekwini", "SP_NAME": "Ezilwaneni" }, "geometry": { "type": "Polygon", "coordinates": [ [ [ 30.979935646463218, -29.736262453122414 ], [ 30.979387480037175, -29.737161788090614 ], [ 30.979772910212127, -29.737585761047761 ], [ 30.979841430378482, -29.73757719566439 ], [ 30.980514173684128, -29.737610665353685 ], [ 30.980484371638475, -29.737723603348329 ], [ 30.980459308653611, -29.738043142773712 ], [ 30.980446778581005, -29.738769937633691 ], [ 30.980425118521509, -29.73886324339253 ], [ 30.980406052973446, -29.73894537225047 ], [ 30.98032773448297, -29.739089477726591 ], [ 30.980177362614402, -29.739277441695791 ], [ 30.979801433835249, -29.739712893305342 ], [ 30.979516355472303, -29.740041829663152 ], [ 30.97936911560733, -29.740179670797421 ], [ 30.979262602620746, -29.740270520175411 ], [ 30.979183036488443, -29.740325775339599 ], [ 30.979149824306585, -29.740348838716955 ], [ 30.978654852576781, -29.740608855598254 ], [ 30.977924922878668, -29.740975387224417 ], [ 30.977740518657246, -29.741085094746698 ], [ 30.977711406476288, -29.740931441221036 ], [ 30.977675016126149, -29.740728699188772 ], [ 30.977581442812919, -29.74059873565713 ], [ 30.977461877179774, -29.740523357279393 ], [ 30.977214945787527, -29.74035960260321 ], [ 30.97701894450184, -29.740218435588439 ], [ 30.976497477727484, -29.739890323190522 ], [ 30.978503555128025, -29.738577445299146 ], [ 30.977124202713807, -29.737621670683581 ], [ 30.976643020432981, -29.737416223041929 ], [ 30.976075334451625, -29.737145895881657 ], [ 30.976519459615826, -29.736827466394566 ], [ 30.976531419758924, -29.736831383560439 ], [ 30.976759115711967, -29.736933247575763 ], [ 30.976888372427272, -29.736995735676821 ], [ 30.977014108359839, -29.736978346901171 ], [ 30.977054689234063, -29.737041246560384 ], [ 30.977101357280741, -29.737057479413785 ], [ 30.97716222788187, -29.737057478980624 ], [ 30.977235273123469, -29.73702704274616 ], [ 30.977352957092236, -29.736978346584749 ], [ 30.977488901739651, -29.736939794721131 ], [ 30.977592382982181, -29.736907330761337 ], [ 30.977663398993563, -29.736862691855059 ], [ 30.977722241269486, -29.736787618110625 ], [ 30.977777024643448, -29.736716601075592 ], [ 30.977825722139464, -29.736619207889994 ], [ 30.977807460609021, -29.736584714429803 ], [ 30.977817604944764, -29.73654616326241 ], [ 30.977864273358129, -29.736513697573372 ], [ 30.977939346903106, -29.736481234004387 ], [ 30.977994131474404, -29.736465001281456 ], [ 30.978057030753707, -29.736444711389666 ], [ 30.978105728178939, -29.736420362812773 ], [ 30.978154425159492, -29.736404130308749 ], [ 30.978201093408355, -29.736412245796352 ], [ 30.978298486212584, -29.736391955752246 ], [ 30.978391822410533, -29.736363550007013 ], [ 30.978466895848388, -29.736347317404817 ], [ 30.978568348021199, -29.73630673735499 ], [ 30.978612986099385, -29.736306737354564 ], [ 30.97866371178857, -29.736276300853319 ], [ 30.978704293042025, -29.736239778950438 ], [ 30.978732699460949, -29.736219487991786 ], [ 30.978791541040476, -29.736219488435925 ], [ 30.978876760946754, -29.736172821303004 ], [ 30.978908487900938, -29.736154020371302 ], [ 30.979139092191282, -29.736750663857823 ], [ 30.9793403716474, -29.736690707970194 ], [ 30.979665845951274, -29.736146824041729 ], [ 30.979935646463218, -29.736262453122414 ] ] ] } },
{ "type": "Feature", "properties": { "EA_CODE": "59911329", "EA_TYPE": "Formal residential_*", "White": null, "Black_African": null, "Coloured": null, "Indian_Asian": null, "Other": null, "area_km2": 0.02481, "sal2023_est": 0.0, "walk_typology": "Access gap", "walk_dist_k1_km": 3.1432675929806684, "exceeds_walk_k1_3km": true, "econ_status": null, "Ai_walk": 0.019651, "walk_snap_flag": false, "drive_typology": "Well-served", "walk_dist_k3_km": 7.2109918986603887, "PR_NAME": "KwaZulu-Natal", "MN_NAME": "Ethekwini", "SP_NAME": "KwaMashu A" }, "geometry": { "type": "Polygon", "coordinates": [ [ [ 30.996482420408157, -29.747545981061641 ], [ 30.996553371982806, -29.747549985676184 ], [ 30.996880675240554, -29.74756860066821 ], [ 30.997109470448869, -29.747588208670269 ], [ 30.997131375669596, -29.747760327631564 ], [ 30.997167359487992, -29.748043049183568 ], [ 30.997204572664931, -29.748441033683321 ], [ 30.997222626275256, -29.748524682087361 ], [ 30.997266595846543, -29.748728409784221 ], [ 30.997342058642346, -29.74881007411031 ], [ 30.997665615326916, -29.749124327371003 ], [ 30.997867908662972, -29.749315609196646 ], [ 30.997467408336654, -29.74971610910325 ], [ 30.997307217127961, -29.749864234241514 ], [ 30.997158197170354, -29.749731772288349 ], [ 30.997049818634778, -29.749626404360885 ], [ 30.996933915515168, -29.749501468009129 ], [ 30.996906425966916, -29.749479281322959 ], [ 30.996891662203083, -29.749491664001429 ], [ 30.996870229794446, -29.7494759470903 ], [ 30.99688737563179, -29.749459276617007 ], [ 30.996850702748205, -29.749428319765485 ], [ 30.99677402299865, -29.749352115552206 ], [ 30.996774023556465, -29.749345448069622 ], [ 30.996754019733576, -29.749319252705117 ], [ 30.996734968957909, -29.749307346834676 ], [ 30.996725443515853, -29.749303537368114 ], [ 30.996679244977443, -29.74925495743846 ], [ 30.996582085738883, -29.749158750122302 ], [ 30.996398369075941, -29.749022316177498 ], [ 30.99628547528788, -29.748927485068794 ], [ 30.99631482751721, -29.748743467581789 ], [ 30.996324988372773, -29.748650894606865 ], [ 30.996323858772811, -29.74857638509782 ], [ 30.996291119472868, -29.748514293665306 ], [ 30.996209836238748, -29.748445427581942 ], [ 30.996138712855981, -29.748408172698742 ], [ 30.995958081843302, -29.748393497026314 ], [ 30.995787310569543, -29.748387564575737 ], [ 30.995884806594574, -29.748065758808487 ], [ 30.9959670189074, -29.747926926571147 ], [ 30.996056989447741, -29.747770255775983 ], [ 30.996065520081501, -29.747691920656887 ], [ 30.996072500795385, -29.747629097306955 ], [ 30.996083359009194, -29.74752671791731 ], [ 30.996264848959626, -29.747533698636346 ], [ 30.996482420408157, -29.747545981061641 ] ] ] } },
{ "type": "Feature", "properties": { "EA_CODE": "59911331", "EA_TYPE": "Formal residential_*", "White": null, "Black_African": null, "Coloured": null, "Indian_Asian": null, "Other": null, "area_km2": 0.016869, "sal2023_est": 0.0, "walk_typology": "Demand overcrowding", "walk_dist_k1_km": 2.8812801685451261, "exceeds_walk_k1_3km": false, "econ_status": null, "Ai_walk": 0.026253, "walk_snap_flag": false, "drive_typology": "Well-served", "walk_dist_k3_km": 7.3660447712887196, "PR_NAME": "KwaZulu-Natal", "MN_NAME": "Ethekwini", "SP_NAME": "KwaMashu A" }, "geometry": { "type": "Polygon", "coordinates": [ [ [ 30.995461681523814, -29.747473380182175 ], [ 30.995601494976803, -29.74748503124561 ], [ 30.996083359009194, -29.74752671791731 ], [ 30.996072500795385, -29.747629097306955 ], [ 30.996065520081501, -29.747691920656887 ], [ 30.996056989447741, -29.747770255775983 ], [ 30.9959670189074, -29.747926926571147 ], [ 30.995884806594574, -29.748065758808487 ], [ 30.995787310569543, -29.748387564575737 ], [ 30.995503120001135, -29.748377691653467 ], [ 30.995101218516545, -29.748364145212037 ], [ 30.994768181610358, -29.748344952965507 ], [ 30.994478043706561, -29.748335921061475 ], [ 30.994331685594727, -29.748329791173266 ], [ 30.994309235408821, -29.748214333996387 ], [ 30.994260681360089, -29.748165780158622 ], [ 30.994221569021072, -29.748113181200502 ], [ 30.994213476989458, -29.748078113555849 ], [ 30.994216174177922, -29.748017422597293 ], [ 30.994271471592985, -29.747951335708098 ], [ 30.994181108547984, -29.747951335672436 ], [ 30.994108278191881, -29.747947290142577 ], [ 30.994102882995474, -29.747923013349826 ], [ 30.994101533856167, -29.747865019051076 ], [ 30.994109625661924, -29.747842091286962 ], [ 30.994148739043592, -29.747800281050296 ], [ 30.994307886441053, -29.747716661216728 ], [ 30.994271471616095, -29.7476694556612 ], [ 30.99426472859631, -29.747643830606233 ], [ 30.994264728330709, -29.747544026676923 ], [ 30.99425124096209, -29.74738487921098 ], [ 30.994677538019172, -29.747408034142651 ], [ 30.995461681523814, -29.747473380182175 ] ] ] } },
{ "type": "Feature", "properties": { "EA_CODE": "59914493", "EA_TYPE": "Formal residential_*", "White": null, "Black_African": null, "Coloured": null, "Indian_Asian": null, "Other": null, "area_km2": 0.010345, "sal2023_est": 0.0, "walk_typology": "Access gap", "walk_dist_k1_km": 3.5413643045330132, "exceeds_walk_k1_3km": true, "econ_status": null, "Ai_walk": 0.016064, "walk_snap_flag": false, "drive_typology": "Well-served", "walk_dist_k3_km": 6.7165150320138807, "PR_NAME": "KwaZulu-Natal", "MN_NAME": "Ethekwini", "SP_NAME": "KwaMashu A" }, "geometry": { "type": "Polygon", "coordinates": [ [ [ 31.000141266378762, -29.747505037679531 ], [ 31.000109427158229, -29.747497634281977 ], [ 31.000056228806152, -29.74746796559932 ], [ 30.999998938681326, -29.747458759353758 ], [ 30.999935511151747, -29.747412722233886 ], [ 30.999844459711163, -29.747376916439688 ], [ 30.999765686107061, -29.747333947916669 ], [ 30.999696529138944, -29.747296226232187 ], [ 30.999924919574752, -29.746834400405831 ], [ 31.000517375312768, -29.74562815795051 ], [ 31.000603369686281, -29.745447569888594 ], [ 31.000654092674793, -29.745780673850501 ], [ 31.000689921625064, -29.746321090127495 ], [ 31.00077800006623, -29.746321090062324 ], [ 31.000838639305975, -29.746328295391844 ], [ 31.000736865054026, -29.746539305960173 ], [ 31.000708369264345, -29.746598386715739 ], [ 31.000373561139853, -29.747274259838804 ], [ 31.000301593512972, -29.747452614968626 ], [ 31.000142012112704, -29.74747295417971 ], [ 31.000141266378762, -29.747505037679531 ] ] ] } },
{ "type": "Feature", "properties": { "EA_CODE": "59914505", "EA_TYPE": "Formal residential_*", "White": null, "Black_African": null, "Coloured": null, "Indian_Asian": null, "Other": null, "area_km2": 0.009842, "sal2023_est": 0.0, "walk_typology": "Access gap", "walk_dist_k1_km": 3.0918041758933703, "exceeds_walk_k1_3km": true, "econ_status": null, "Ai_walk": 0.019337, "walk_snap_flag": false, "drive_typology": "Well-served", "walk_dist_k3_km": 7.4079391722011598, "PR_NAME": "KwaZulu-Natal", "MN_NAME": "Ethekwini", "SP_NAME": "KwaMashu A" }, "geometry": { "type": "Polygon", "coordinates": [ [ [ 30.997731060096125, -29.746507780423904 ], [ 30.997335102872778, -29.7467973602866 ], [ 30.996956657256586, -29.747074135278993 ], [ 30.99666556788959, -29.747287020928049 ], [ 30.996482420408157, -29.747545981061641 ], [ 30.996264848959626, -29.747533698636346 ], [ 30.996083359009194, -29.74752671791731 ], [ 30.996221535320213, -29.747217721315174 ], [ 30.996378052218688, -29.747022812960509 ], [ 30.996522756336354, -29.746832335111929 ], [ 30.996668937452526, -29.746666959000777 ], [ 30.996850555154641, -29.746435136710755 ], [ 30.997111366626985, -29.746222428646437 ], [ 30.997295194143465, -29.746114121905514 ], [ 30.997360178557827, -29.746148127752939 ], [ 30.997417524173954, -29.746164056882989 ], [ 30.99749080096155, -29.746177863446736 ], [ 30.997570449600396, -29.74620759824251 ], [ 30.997666027395759, -29.746263883193752 ], [ 30.997721250309056, -29.746288308768541 ], [ 30.99775098510387, -29.746303176740231 ], [ 30.997775411501294, -29.746333973972334 ], [ 30.997688328950353, -29.746411497911435 ], [ 30.997694700807493, -29.746457163406312 ], [ 30.997731060096125, -29.746507780423904 ] ] ] } },
{ "type": "Feature", "properties": { "EA_CODE": "59914189", "EA_TYPE": "Township", "White": null, "Black_African": null, "Coloured": null, "Indian_Asian": null, "Other": null, "area_km2": 0.054721, "sal2023_est": 1075.747227, "walk_typology": "Demand overcrowding", "walk_dist_k1_km": 1.4126475899524753, "exceeds_walk_k1_3km": false, "econ_status": "Non_Wealthy", "Ai_walk": 0.023884, "walk_snap_flag": false, "drive_typology": "Well-served", "walk_dist_k3_km": 8.4085062498565755, "PR_NAME": "KwaZulu-Natal", "MN_NAME": "Ethekwini", "SP_NAME": "KwaMashu J" }, "geometry": { "type": "Polygon", "coordinates": [ [ [ 30.965704085693449, -29.745522090985521 ], [ 30.965738663667185, -29.745828969459204 ], [ 30.965697094607204, -29.745822040677876 ], [ 30.965261565491353, -29.745655514933802 ], [ 30.964537816039027, -29.745316058280874 ], [ 30.96374361477066, -29.74495098139516 ], [ 30.963365728646171, -29.744803669767819 ], [ 30.96309032040617, -29.744758836315999 ], [ 30.963186393061367, -29.744432187547989 ], [ 30.963359324166433, -29.743766084176784 ], [ 30.96303267590709, -29.743702034677227 ], [ 30.963097148063952, -29.743477557615282 ], [ 30.963087966621767, -29.743470507385812 ], [ 30.963150455573597, -29.743312148417594 ], [ 30.963224926967474, -29.743170908028819 ], [ 30.963291695341706, -29.743066476313317 ], [ 30.9633969824594, -29.742932084211628 ], [ 30.963570750415339, -29.742756604736503 ], [ 30.963742806563598, -29.742621356923102 ], [ 30.963864357471319, -29.742543460879624 ], [ 30.963982485513792, -29.742479261333163 ], [ 30.964125437590511, -29.742414205148613 ], [ 30.964263252899968, -29.7423637017889 ], [ 30.964413052335576, -29.742321758002735 ], [ 30.964567132522042, -29.742288374133288 ], [ 30.965005402752261, -29.742215613901397 ], [ 30.965374338503029, -29.742153125838126 ], [ 30.965565226542275, -29.742122310251883 ], [ 30.96563541857455, -29.742109469799416 ], [ 30.965672226482457, -29.742098341587642 ], [ 30.965775802271104, -29.742084646020192 ], [ 30.965982952693647, -29.742049549581374 ], [ 30.966187536888878, -29.742015309560312 ], [ 30.966577872290742, -29.741948542334942 ], [ 30.966948518621031, -29.741885198183585 ], [ 30.96698104845478, -29.741879740716087 ], [ 30.966927986606802, -29.742186322309351 ], [ 30.965906325525022, -29.742359811079186 ], [ 30.965363662474921, -29.742457514715234 ], [ 30.964792509963434, -29.742562149155468 ], [ 30.964910479522409, -29.743071559217594 ], [ 30.964685266350976, -29.743082284332001 ], [ 30.964481500809548, -29.743135906402291 ], [ 30.964288462133734, -29.743243150180099 ], [ 30.964122233105417, -29.743398653964498 ], [ 30.963988178320676, -29.743661402718601 ], [ 30.963910471271138, -29.743892094753296 ], [ 30.96432599711401, -29.744085018255014 ], [ 30.965205400203914, -29.744487183575778 ], [ 30.965854227791382, -29.744776742908655 ], [ 30.965730896911921, -29.745237894014238 ], [ 30.965704085693449, -29.745522090985521 ] ] ] } },
{ "type": "Feature", "properties": { "EA_CODE": "59913913", "EA_TYPE": "Vacant_*", "White": null, "Black_African": null, "Coloured": null, "Indian_Asian": null, "Other": null, "area_km2": 0.181644, "sal2023_est": 0.0, "walk_typology": "Access gap", "walk_dist_k1_km": 3.645320684309123, "exceeds_walk_k1_3km": true, "econ_status": null, "Ai_walk": 0.044801, "walk_snap_flag": false, "drive_typology": "Well-served", "walk_dist_k3_km": 9.1507111673397379, "PR_NAME": "KwaZulu-Natal", "MN_NAME": "Ethekwini", "SP_NAME": "Ezikhalini" }, "geometry": { "type": "Polygon", "coordinates": [ [ [ 30.971065878428391, -29.732773464002019 ], [ 30.970653393063284, -29.732775968880407 ], [ 30.970653393292572, -29.733266674794322 ], [ 30.96994459540457, -29.733266674936747 ], [ 30.969944595010769, -29.733634705439325 ], [ 30.969344842119735, -29.73364833585363 ], [ 30.968881397242111, -29.733948211548014 ], [ 30.967940876143587, -29.734329873240988 ], [ 30.967531953381229, -29.734193566414802 ], [ 30.96644149364613, -29.733961842884415 ], [ 30.964856416997833, -29.734068311809477 ], [ 30.964723335268371, -29.733937130679504 ], [ 30.964500897114878, -29.733785037004139 ], [ 30.964227128183808, -29.733627240009685 ], [ 30.963902027201101, -29.733458035375694 ], [ 30.963483767896705, -29.73325841199723 ], [ 30.96328604620108, -29.733178561548332 ], [ 30.963143458174041, -29.73315004495743 ], [ 30.962905810796197, -29.733115823654547 ], [ 30.962706188628225, -29.733106318212894 ], [ 30.962384889369876, -29.733140538581129 ], [ 30.961850657798625, -29.733216585607636 ], [ 30.961608140840525, -29.732703396611559 ], [ 30.961554063359742, -29.732535155172691 ], [ 30.961524020583848, -29.732354896048665 ], [ 30.961521195997456, -29.732338102995499 ], [ 30.961521408941941, -29.732338029007622 ], [ 30.961620275476289, -29.732300953848597 ], [ 30.961686186171271, -29.732132056799507 ], [ 30.961739738513387, -29.731926086250056 ], [ 30.961846844062602, -29.731761309412608 ], [ 30.962003381976444, -29.731604771215341 ], [ 30.962213472933353, -29.731444113320631 ], [ 30.962320578163936, -29.731316410548381 ], [ 30.962526549349477, -29.731019812007624 ], [ 30.962588340172932, -29.730875631812953 ], [ 30.962670728747117, -29.730702615842542 ], [ 30.962732520342591, -29.730632586102409 ], [ 30.962835505623701, -29.730611989445027 ], [ 30.962959088644091, -29.730574914132376 ], [ 30.963074433415006, -29.730620228019021 ], [ 30.963230971032033, -29.730682018912546 ], [ 30.963428702705905, -29.730756169050917 ], [ 30.963651153294592, -29.730920946434185 ], [ 30.963828288159437, -29.731032169624662 ], [ 30.963960109704633, -29.731135156340127 ], [ 30.964038379079945, -29.731234021728891 ], [ 30.964199035766345, -29.731217545094612 ], [ 30.964277304888004, -29.731283455375436 ], [ 30.964396768963301, -29.731341126946699 ], [ 30.964606859818364, -29.731452351924499 ], [ 30.964763397725054, -29.731567696229924 ], [ 30.964878742045318, -29.731645965165512 ], [ 30.965010563314124, -29.731497665703788 ], [ 30.965179460275031, -29.731423515573638 ], [ 30.965373073348591, -29.731407038424578 ], [ 30.965539409697072, -29.731407037559009 ], [ 30.966191208625261, -29.731905199256762 ], [ 30.966625415280955, -29.732239025051065 ], [ 30.967019936376083, -29.732544837205786 ], [ 30.967447139692794, -29.732871659017913 ], [ 30.968089111583623, -29.732738594738446 ], [ 30.968658715866393, -29.732619538643934 ], [ 30.969218982337985, -29.732505151295445 ], [ 30.969382393217266, -29.732432783132001 ], [ 30.969536466059729, -29.73235574663051 ], [ 30.96962050637487, -29.732274041433854 ], [ 30.969783916731028, -29.732204008329774 ], [ 30.969907643489336, -29.732147981288119 ], [ 30.969984680444302, -29.732124636766667 ], [ 30.970117743351224, -29.732147981344859 ], [ 30.970264812670283, -29.732180663451807 ], [ 30.97039087279121, -29.73218066299459 ], [ 30.970572959508512, -29.732171326326505 ], [ 30.970656999024882, -29.732168990654223 ], [ 30.970678009090587, -29.732241359376498 ], [ 30.970736370355656, -29.732255365774641 ], [ 30.970813406874075, -29.732271707186644 ], [ 30.970857761087174, -29.732267038444576 ], [ 30.970916122158805, -29.732234356372469 ], [ 30.971065878428391, -29.732773464002019 ] ] ] } },
{ "type": "Feature", "properties": { "EA_CODE": "59911370", "EA_TYPE": "Township", "White": null, "Black_African": null, "Coloured": null, "Indian_Asian": null, "Other": null, "area_km2": 0.009138, "sal2023_est": 40.129894, "walk_typology": "Access gap", "walk_dist_k1_km": 3.7164287096384618, "exceeds_walk_k1_3km": true, "econ_status": "Non_Wealthy", "Ai_walk": 0.026117, "walk_snap_flag": false, "drive_typology": "Well-served", "walk_dist_k3_km": 6.7346857645304068, "PR_NAME": "KwaZulu-Natal", "MN_NAME": "Ethekwini", "SP_NAME": "KwaMashu A" }, "geometry": { "type": "Polygon", "coordinates": [ [ [ 31.001271112600993, -29.740430870844634 ], [ 31.001124606191549, -29.740332288627258 ], [ 31.000879249838903, -29.740244662139457 ], [ 31.000791621612986, -29.740196697083213 ], [ 31.000762106155502, -29.740113681994011 ], [ 31.000724287921251, -29.740097079048599 ], [ 31.000692927032706, -29.740062027776553 ], [ 31.000655107765176, -29.740036201092895 ], [ 31.000560811536165, -29.740044610410049 ], [ 31.000502662685648, -29.739815249963357 ], [ 31.000468996606294, -29.739682455038171 ], [ 31.001015211615471, -29.739413472737365 ], [ 31.001628904577299, -29.739099653059764 ], [ 31.00163116584767, -29.739140909793338 ], [ 31.001689596565921, -29.739259439164378 ], [ 31.001766388630237, -29.739409686943564 ], [ 31.001848191039027, -29.739606678603497 ], [ 31.001854851723152, -29.739624257339948 ], [ 31.001784061679267, -29.739640690774419 ], [ 31.001472421804557, -29.739719892316678 ], [ 31.001512022695064, -29.739919617041537 ], [ 31.00136395132764, -29.7399988186618 ], [ 31.001276139867596, -29.740041862939798 ], [ 31.001164224731074, -29.740098680829664 ], [ 31.001167669029833, -29.740152055860818 ], [ 31.001193495035434, -29.740239866092736 ], [ 31.001215878644555, -29.740291519248007 ], [ 31.001271112600993, -29.740430870844634 ] ] ] } },
{ "type": "Feature", "properties": { "EA_CODE": "59911363", "EA_TYPE": "Formal residential_*", "White": null, "Black_African": null, "Coloured": null, "Indian_Asian": null, "Other": null, "area_km2": 0.007395, "sal2023_est": 0.0, "walk_typology": "Access gap", "walk_dist_k1_km": 3.751678122736148, "exceeds_walk_k1_3km": true, "econ_status": null, "Ai_walk": 0.019119, "walk_snap_flag": false, "drive_typology": "Well-served", "walk_dist_k3_km": 7.0047809007532535, "PR_NAME": "KwaZulu-Natal", "MN_NAME": "Ethekwini", "SP_NAME": "KwaMashu A" }, "geometry": { "type": "Polygon", "coordinates": [ [ [ 30.998970654780631, -29.741309051829301 ], [ 30.998765640840539, -29.740963493688234 ], [ 30.998695421495992, -29.74099269065751 ], [ 30.99862686943257, -29.741021192652333 ], [ 30.998553471252187, -29.740844664235002 ], [ 30.998477193143618, -29.740661206614966 ], [ 30.998505621106897, -29.740647387278973 ], [ 30.999475610397432, -29.740171210130072 ], [ 30.999468357942412, -29.740279170820553 ], [ 30.999538460732374, -29.740559581638706 ], [ 30.999576433622725, -29.740600474960512 ], [ 30.999588234517258, -29.740604409184698 ], [ 30.999552453874614, -29.740706898569996 ], [ 30.999482115957889, -29.740738428672856 ], [ 30.999451799584861, -29.740766321730334 ], [ 30.999426330676609, -29.740873040983761 ], [ 30.999425118695257, -29.740954293215854 ], [ 30.999368272911656, -29.741084004395926 ], [ 30.999324996044358, -29.741121697364431 ], [ 30.99927539472349, -29.741229165077762 ], [ 30.999140185430882, -29.74122375616642 ], [ 30.999095945478519, -29.741239844351057 ], [ 30.999051704339198, -29.741278721986049 ], [ 30.999002100273426, -29.741289447073964 ], [ 30.998973946852285, -29.741306876328288 ], [ 30.998970654780631, -29.741309051829301 ] ] ] } },
{ "type": "Feature", "properties": { "EA_CODE": "59911360", "EA_TYPE": "Formal residential_*", "White": null, "Black_African": null, "Coloured": null, "Indian_Asian": null, "Other": null, "area_km2": 0.005428, "sal2023_est": 0.0, "walk_typology": "Access gap", "walk_dist_k1_km": 3.8922422664159098, "exceeds_walk_k1_3km": true, "econ_status": null, "Ai_walk": 0.019667, "walk_snap_flag": false, "drive_typology": "Well-served", "walk_dist_k3_km": 6.4811105106625648, "PR_NAME": "KwaZulu-Natal", "MN_NAME": "Ethekwini", "SP_NAME": "KwaMashu A" }, "geometry": { "type": "Polygon", "coordinates": [ [ [ 31.000448211558123, -29.741348369785893 ], [ 31.000621609831477, -29.740971060052015 ], [ 31.000706839555981, -29.741012327595456 ], [ 31.00081581698981, -29.741027822354706 ], [ 31.000931027794376, -29.741057448377013 ], [ 31.001012225127262, -29.74101794684157 ], [ 31.001051725757243, -29.741006974422547 ], [ 31.001184494325248, -29.74106403091757 ], [ 31.001216314015405, -29.74108707358311 ], [ 31.00127666362668, -29.741110115778163 ], [ 31.001317261762587, -29.741088170988213 ], [ 31.001492823377998, -29.741109019271043 ], [ 31.00160920331388, -29.74112710506008 ], [ 31.001687643242562, -29.741209222239036 ], [ 31.001724029063347, -29.741267033014797 ], [ 31.00135827673563, -29.741449652831545 ], [ 31.00099137988424, -29.741623446778284 ], [ 31.000897005825131, -29.741693527086749 ], [ 31.000827695440616, -29.741727732730411 ], [ 31.000774871341637, -29.741637050622209 ], [ 31.000755466738539, -29.741557012210919 ], [ 31.000749403908831, -29.741514567175571 ], [ 31.000746978283786, -29.741478186409346 ], [ 31.000669365584276, -29.741411485904568 ], [ 31.000607515930319, -29.741393295873191 ], [ 31.000480181570978, -29.741388444929754 ], [ 31.000448211558123, -29.741348369785893 ] ] ] } },
{ "type": "Feature", "properties": { "EA_CODE": "59911357", "EA_TYPE": "Formal residential_*", "White": null, "Black_African": null, "Coloured": null, "Indian_Asian": null, "Other": null, "area_km2": 0.010542, "sal2023_est": 0.0, "walk_typology": "Access gap", "walk_dist_k1_km": 3.7218926516174018, "exceeds_walk_k1_3km": true, "econ_status": null, "Ai_walk": 0.01753, "walk_snap_flag": false, "drive_typology": "Well-served", "walk_dist_k3_km": 6.86571444601634, "PR_NAME": "KwaZulu-Natal", "MN_NAME": "Ethekwini", "SP_NAME": "KwaMashu A" }, "geometry": { "type": "Polygon", "coordinates": [ [ [ 30.99927539472349, -29.741229165077762 ], [ 30.999274738608989, -29.741230588375636 ], [ 30.999255193830582, -29.741283637190772 ], [ 30.999257986500762, -29.7413143498895 ], [ 30.999269154267694, -29.741377172002057 ], [ 30.999311034905766, -29.741458142050337 ], [ 30.999352916407712, -29.741525150681774 ], [ 30.999389213592217, -29.741565635959358 ], [ 30.999456223050778, -29.741632645604355 ], [ 30.999581866288032, -29.741758288565357 ], [ 30.999661440080057, -29.741844842609673 ], [ 30.999707508704702, -29.741960713982838 ], [ 30.999704717091586, -29.742086357068807 ], [ 30.999750785741305, -29.742182683940172 ], [ 30.999789874654923, -29.742256674236675 ], [ 30.999806628233301, -29.742347415761976 ], [ 30.99983535954166, -29.74244902759057 ], [ 30.999561889110154, -29.742440535173316 ], [ 30.999200387348449, -29.74242825834969 ], [ 30.999200270050629, -29.742428061795209 ], [ 30.999149912852271, -29.74234367971534 ], [ 30.999107623813494, -29.742300027142008 ], [ 30.999029866770051, -29.742234546867696 ], [ 30.99857969391223, -29.741957622615701 ], [ 30.998398260971662, -29.741837577108161 ], [ 30.998343695308456, -29.741784375244563 ], [ 30.998322867293179, -29.741752584008331 ], [ 30.998317351930588, -29.741744167125695 ], [ 30.998570090655274, -29.741613494698377 ], [ 30.998583937227984, -29.741598726688284 ], [ 30.998600550905934, -29.741589495902492 ], [ 30.998625472699871, -29.741628264222687 ], [ 30.998671947428473, -29.741606702108836 ], [ 30.998732631945611, -29.741550870558545 ], [ 30.998731292502747, -29.74150260918055 ], [ 30.998732631957008, -29.74140742323489 ], [ 30.998744698252334, -29.741377929263979 ], [ 30.998786258061436, -29.741361842081535 ], [ 30.998835860633164, -29.741359160975644 ], [ 30.998894849098896, -29.741359161303553 ], [ 30.998970654780631, -29.741309051829301 ], [ 30.998973946852285, -29.741306876328288 ], [ 30.999002100273426, -29.741289447073964 ], [ 30.999051704339198, -29.741278721986049 ], [ 30.999095945478519, -29.741239844351057 ], [ 30.999140185430882, -29.74122375616642 ], [ 30.99927539472349, -29.741229165077762 ] ] ] } },
{ "type": "Feature", "properties": { "EA_CODE": "59914494", "EA_TYPE": "Formal residential_*", "White": null, "Black_African": null, "Coloured": null, "Indian_Asian": null, "Other": null, "area_km2": 0.012739, "sal2023_est": 0.0, "walk_typology": "Access gap", "walk_dist_k1_km": 3.499259485405994, "exceeds_walk_k1_3km": true, "econ_status": null, "Ai_walk": 0.016268, "walk_snap_flag": false, "drive_typology": "Well-served", "walk_dist_k3_km": 6.6744102128868619, "PR_NAME": "KwaZulu-Natal", "MN_NAME": "Ethekwini", "SP_NAME": "KwaMashu A" }, "geometry": { "type": "Polygon", "coordinates": [ [ [ 31.000705274500177, -29.745233570158515 ], [ 31.000603369686281, -29.745447569888594 ], [ 31.000517375312768, -29.74562815795051 ], [ 30.999924919574752, -29.746834400405831 ], [ 30.999696529138944, -29.747296226232187 ], [ 30.999584968711655, -29.747521811930671 ], [ 30.999124908937251, -29.747334726651932 ], [ 30.999167292311405, -29.747261112981786 ], [ 30.999322912977682, -29.746939564957923 ], [ 30.999437310532908, -29.746710772133063 ], [ 30.999533154804681, -29.746526294453385 ], [ 30.999658889200944, -29.746253184807045 ], [ 30.999776377581824, -29.746019238793721 ], [ 30.999954671021673, -29.745633794151107 ], [ 30.999995894931239, -29.745561652178843 ], [ 30.999978543773324, -29.745435694174976 ], [ 31.000292280102364, -29.745317460707508 ], [ 31.000509051569527, -29.745235661273878 ], [ 31.000613345601806, -29.745229525975137 ], [ 31.000705274500177, -29.745233570158515 ] ] ] } },
{ "type": "Feature", "properties": { "EA_CODE": "59911343", "EA_TYPE": "Formal residential_*", "White": null, "Black_African": null, "Coloured": null, "Indian_Asian": null, "Other": null, "area_km2": 0.029399, "sal2023_est": 0.0, "walk_typology": "Access gap", "walk_dist_k1_km": 3.4490107029638315, "exceeds_walk_k1_3km": true, "econ_status": null, "Ai_walk": 0.01595, "walk_snap_flag": false, "drive_typology": "Well-served", "walk_dist_k3_km": 7.3004510436764773, "PR_NAME": "KwaZulu-Natal", "MN_NAME": "Ethekwini", "SP_NAME": "KwaMashu A" }, "geometry": { "type": "Polygon", "coordinates": [ [ [ 30.99724612981548, -29.744028826556359 ], [ 30.997360903836885, -29.744124136593065 ], [ 30.997454912457101, -29.744205560870054 ], [ 30.997582230350559, -29.744343242433086 ], [ 30.997745818904157, -29.744560127070518 ], [ 30.997776448429409, -29.744598956265044 ], [ 30.997185898413388, -29.744968707358119 ], [ 30.997004408145166, -29.745076338300478 ], [ 30.996840131376675, -29.745173760298034 ], [ 30.996547157354893, -29.744932836794714 ], [ 30.996406601621409, -29.744815450665936 ], [ 30.996307750652758, -29.744739767830893 ], [ 30.996195221080551, -29.74469831012356 ], [ 30.996161018784182, -29.744685708632648 ], [ 30.996057465912216, -29.744628298062935 ], [ 30.995955803078552, -29.744588226779001 ], [ 30.995898239724813, -29.74456520068761 ], [ 30.995866755401565, -29.744552607048348 ], [ 30.995810358476632, -29.744514762183702 ], [ 30.995759897191537, -29.744488790065741 ], [ 30.995624840999398, -29.744408645552586 ], [ 30.995519467551947, -29.744336665665333 ], [ 30.995474942906476, -29.744306983206599 ], [ 30.995421514496229, -29.744261716597396 ], [ 30.995386637572089, -29.744239455419567 ], [ 30.995338401649473, -29.744220902652241 ], [ 30.995304266618952, -29.744191962357522 ], [ 30.995247869983576, -29.744151148986095 ], [ 30.995204088030889, -29.744132596686075 ], [ 30.995164288756381, -29.74413776261899 ], [ 30.995078197415879, -29.744167189921754 ], [ 30.995011199705502, -29.744188719755048 ], [ 30.99492517048807, -29.744139329694764 ], [ 30.994993279369304, -29.744068991968543 ], [ 30.995487061540619, -29.743543994544765 ], [ 30.995636092092269, -29.743393208856258 ], [ 30.995953157881647, -29.743072410115527 ], [ 30.996152121673632, -29.74321736470414 ], [ 30.996430445635099, -29.743432770325576 ], [ 30.996705808156502, -29.743641511763666 ], [ 30.997037427630293, -29.743878383425102 ], [ 30.99723432582304, -29.744019025189868 ], [ 30.99724612981548, -29.744028826556359 ] ] ] } },
{ "type": "Feature", "properties": { "EA_CODE": "59914508", "EA_TYPE": "Formal residential_*", "White": null, "Black_African": null, "Coloured": null, "Indian_Asian": null, "Other": null, "area_km2": 0.019796, "sal2023_est": 0.0, "walk_typology": "Demand overcrowding", "walk_dist_k1_km": 2.915159215044647, "exceeds_walk_k1_3km": false, "econ_status": null, "Ai_walk": 0.026472, "walk_snap_flag": false, "drive_typology": "Well-served", "walk_dist_k3_km": 7.7985930851468748, "PR_NAME": "KwaZulu-Natal", "MN_NAME": "Ethekwini", "SP_NAME": "KwaMashu A" }, "geometry": { "type": "Polygon", "coordinates": [ [ [ 30.995155343878171, -29.744955183212298 ], [ 30.995297360590072, -29.745067797060386 ], [ 30.99535661980179, -29.745123171157807 ], [ 30.995596517941934, -29.745320777186208 ], [ 30.995676232911201, -29.745386439117819 ], [ 30.995882596408848, -29.745553145558485 ], [ 30.995785486516471, -29.745661102734861 ], [ 30.995725474075449, -29.745707038272268 ], [ 30.995000019435754, -29.745663721828571 ], [ 30.994825872990653, -29.745641970698166 ], [ 30.994504353008324, -29.745617602105824 ], [ 30.993959575201156, -29.745584584793864 ], [ 30.993891183390584, -29.745591660340132 ], [ 30.993788987753238, -29.745779541714271 ], [ 30.993553281495561, -29.745752413539712 ], [ 30.993553281278412, -29.745685088844649 ], [ 30.993279912772103, -29.745282716201039 ], [ 30.993241318999569, -29.745228771633041 ], [ 30.993758824731618, -29.744946825591352 ], [ 30.994331793667779, -29.744629883331601 ], [ 30.994417201020227, -29.744582638929806 ], [ 30.994583931103712, -29.744490251089545 ], [ 30.994610914102434, -29.744475299891732 ], [ 30.994742651353246, -29.744605378402298 ], [ 30.994951516642086, -29.744773442253127 ], [ 30.995048664588985, -29.744870588942351 ], [ 30.995155343878171, -29.744955183212298 ] ] ] } },
{ "type": "Feature", "properties": { "EA_CODE": "59914586", "EA_TYPE": "Formal residential_*", "White": null, "Black_African": null, "Coloured": null, "Indian_Asian": null, "Other": null, "area_km2": 0.009103, "sal2023_est": 0.0, "walk_typology": "Access gap", "walk_dist_k1_km": 3.239124948792083, "exceeds_walk_k1_3km": true, "econ_status": null, "Ai_walk": 0.020092, "walk_snap_flag": false, "drive_typology": "Well-served", "walk_dist_k3_km": 7.4588495632779281, "PR_NAME": "KwaZulu-Natal", "MN_NAME": "Ethekwini", "SP_NAME": "KwaMashu A" }, "geometry": { "type": "Polygon", "coordinates": [ [ [ 30.996023048140042, -29.745656508163265 ], [ 30.995804710750939, -29.746360942924579 ], [ 30.995571332620251, -29.747115397179137 ], [ 30.99548834204198, -29.74738634022389 ], [ 30.99543971080892, -29.747339278235515 ], [ 30.995253000678808, -29.747209660760848 ], [ 30.995121840598102, -29.747081587373991 ], [ 30.995090978654886, -29.747005975843624 ], [ 30.9950307991041, -29.746834696417633 ], [ 30.995175846788968, -29.746359431679906 ], [ 30.995246816399543, -29.746244107030986 ], [ 30.995249914619645, -29.746239072900266 ], [ 30.995283006115905, -29.746190164086158 ], [ 30.995310515531628, -29.746181464068023 ], [ 30.995422368047262, -29.746022599646942 ], [ 30.995526115863836, -29.74588318856426 ], [ 30.995654180048749, -29.745761609434652 ], [ 30.995725474075449, -29.745707038272268 ], [ 30.995785486516471, -29.745661102734861 ], [ 30.995882596408848, -29.745553145558485 ], [ 30.995949215931041, -29.745606962699863 ], [ 30.996023048140042, -29.745656508163265 ] ] ] } },
{ "type": "Feature", "properties": { "EA_CODE": "59914495", "EA_TYPE": "Formal residential_*", "White": null, "Black_African": null, "Coloured": null, "Indian_Asian": null, "Other": null, "area_km2": 0.01268, "sal2023_est": 0.0, "walk_typology": "Access gap", "walk_dist_k1_km": 3.2439383020266868, "exceeds_walk_k1_3km": true, "econ_status": null, "Ai_walk": 0.020847, "walk_snap_flag": false, "drive_typology": "Well-served", "walk_dist_k3_km": 7.0033866378071608, "PR_NAME": "KwaZulu-Natal", "MN_NAME": "Ethekwini", "SP_NAME": "KwaMashu A" }, "geometry": { "type": "Polygon", "coordinates": [ [ [ 30.999124908937251, -29.747334726651932 ], [ 30.999090999039478, -29.747320937256923 ], [ 30.999012879111234, -29.747272862924728 ], [ 30.998928534974034, -29.747193480258172 ], [ 30.998927749463864, -29.747192740571805 ], [ 30.998884682673697, -29.747115622885268 ], [ 30.99878052402682, -29.746795132999321 ], [ 30.998659365296827, -29.746391924695097 ], [ 30.998656554250186, -29.746392978752585 ], [ 30.998662135126224, -29.74630968607951 ], [ 30.998781022589267, -29.746268388660017 ], [ 30.998864867370632, -29.746186587692421 ], [ 30.998985522400471, -29.745990267997694 ], [ 30.999149122992073, -29.74575100211533 ], [ 30.999277958135174, -29.745681472331782 ], [ 30.999353623481714, -29.745661021884985 ], [ 30.999429287648621, -29.745613987236165 ], [ 30.999603114479097, -29.745577176973828 ], [ 30.999978543773324, -29.745435694174976 ], [ 30.999995894931239, -29.745561652178843 ], [ 30.999954671021673, -29.745633794151107 ], [ 30.999776377581824, -29.746019238793721 ], [ 30.999658889200944, -29.746253184807045 ], [ 30.999533154804681, -29.746526294453385 ], [ 30.999437310532908, -29.746710772133063 ], [ 30.999322912977682, -29.746939564957923 ], [ 30.999167292311405, -29.747261112981786 ], [ 30.999124908937251, -29.747334726651932 ] ] ] } },
{ "type": "Feature", "properties": { "EA_CODE": "59913575", "EA_TYPE": "Vacant_*", "White": null, "Black_African": null, "Coloured": null, "Indian_Asian": null, "Other": null, "area_km2": 0.117615, "sal2023_est": 0.0, "walk_typology": "Artifact zone", "walk_dist_k1_km": 5.4676280878351511, "exceeds_walk_k1_3km": true, "econ_status": null, "Ai_walk": 0.069635, "walk_snap_flag": false, "drive_typology": "Well-served", "walk_dist_k3_km": 7.2316140313772292, "PR_NAME": "KwaZulu-Natal", "MN_NAME": "Ethekwini", "SP_NAME": "Mount Moriah" }, "geometry": { "type": "Polygon", "coordinates": [ [ [ 31.021916217179911, -29.732337512082733 ], [ 31.022050549272176, -29.732445844160711 ], [ 31.022236879767725, -29.732588843452881 ], [ 31.022379879225721, -29.732675509421433 ], [ 31.022488211224218, -29.732744841805033 ], [ 31.022648543113004, -29.732857506917615 ], [ 31.022808875389028, -29.732970172700522 ], [ 31.022921541563271, -29.733108837914195 ], [ 31.023055873167138, -29.733182504311912 ], [ 31.023211870795546, -29.733251836994565 ], [ 31.023337536895124, -29.733234504150044 ], [ 31.023437202957854, -29.73326050341112 ], [ 31.023619200665465, -29.733351503161355 ], [ 31.023801199417626, -29.733494501175358 ], [ 31.023952865512548, -29.733563834109905 ], [ 31.024074197545506, -29.733641833266866 ], [ 31.024273528286269, -29.733702498936562 ], [ 31.024468526314717, -29.733789165266955 ], [ 31.024576859336996, -29.733849830953769 ], [ 31.024741524552628, -29.733871497907593 ], [ 31.024923521902387, -29.733893164038907 ], [ 31.025092521074637, -29.733888831324801 ], [ 31.02526151956701, -29.733875830943383 ], [ 31.025361184882939, -29.73383249794032 ], [ 31.025504182811012, -29.733802164740244 ], [ 31.025608182300154, -29.733763164863525 ], [ 31.025677515286858, -29.733888831194818 ], [ 31.025733847973353, -29.734010163194188 ], [ 31.025746847933089, -29.734118495395805 ], [ 31.02575551418612, -29.734231160853877 ], [ 31.025707108050543, -29.734429639274826 ], [ 31.025565084468418, -29.734555702558421 ], [ 31.02542546538551, -29.734666878623717 ], [ 31.025354659558968, -29.734644489721887 ], [ 31.025249400290313, -29.734609402747864 ], [ 31.025201782618783, -29.734578077104093 ], [ 31.025150406670612, -29.734520435359158 ], [ 31.025102790622679, -29.734492867392614 ], [ 31.025057679431345, -29.734485348663238 ], [ 31.02491357622845, -29.734476577179315 ], [ 31.02477573746997, -29.734471565395136 ], [ 31.024671731988192, -29.73448910799338 ], [ 31.024532640480032, -29.73453797773368 ], [ 31.024391043476534, -29.734604391090802 ], [ 31.024309593053587, -29.734644489870501 ], [ 31.024152957596833, -29.734687093659065 ], [ 31.023972515245784, -29.734734710901318 ], [ 31.02378580626144, -29.734786087211827 ], [ 31.023660499579023, -29.734847487972505 ], [ 31.02357278265243, -29.734865031310687 ], [ 31.023481308840271, -29.734831197873852 ], [ 31.023386075266053, -29.734806137311292 ], [ 31.023243223833042, -29.734793605987708 ], [ 31.023114157104256, -29.734778569081531 ], [ 31.02293496712975, -29.734743483029614 ], [ 31.022735728351314, -29.734687094076797 ], [ 31.022564056543015, -29.734621933672045 ], [ 31.022329731045609, -29.734539230596326 ], [ 31.022127985808901, -29.734411417401514 ], [ 31.022007690432222, -29.734371318647401 ], [ 31.021609212102298, -29.734299892836688 ], [ 31.021198203001813, -29.734227214730751 ], [ 31.020688881020526, -29.734066437708989 ], [ 31.019915632097089, -29.733817615909114 ], [ 31.017952870593206, -29.733798061185482 ], [ 31.018085586619438, -29.733665345396645 ], [ 31.018188301577378, -29.733521543691928 ], [ 31.018270472835141, -29.733213399089699 ], [ 31.01829397478307, -29.733152966429323 ], [ 31.018342373122383, -29.733028511833819 ], [ 31.018486173924099, -29.73286416783996 ], [ 31.018609432777808, -29.732761452652024 ], [ 31.018804591485676, -29.732607379669343 ], [ 31.019153823558963, -29.732484121670272 ], [ 31.019307895048787, -29.732391678117697 ], [ 31.019554410686823, -29.732330048835138 ], [ 31.019811199302659, -29.732350592109146 ], [ 31.020006357826613, -29.732330048944256 ], [ 31.020335045645094, -29.732258148787885 ], [ 31.020612376845548, -29.732196519310829 ], [ 31.021002694414992, -29.731744573382805 ], [ 31.02100700190751, -29.731745733067886 ], [ 31.021269753951973, -29.731816473731406 ], [ 31.021423825893052, -29.731960274757441 ], [ 31.021560886758426, -29.732116513757202 ], [ 31.021690885320933, -29.732146847209219 ], [ 31.02179055092763, -29.732233513059871 ], [ 31.021916217179911, -29.732337512082733 ] ] ] } },
{ "type": "Feature", "properties": { "EA_CODE": "59911372", "EA_TYPE": "Township", "White": null, "Black_African": null, "Coloured": null, "Indian_Asian": null, "Other": null, "area_km2": 0.082102, "sal2023_est": 25.411054, "walk_typology": "Demand overcrowding", "walk_dist_k1_km": 2.6838720878239699, "exceeds_walk_k1_3km": false, "econ_status": "Non_Wealthy", "Ai_walk": 0.047045, "walk_snap_flag": false, "drive_typology": "Well-served", "walk_dist_k3_km": 7.7226963982518111, "PR_NAME": "KwaZulu-Natal", "MN_NAME": "Ethekwini", "SP_NAME": "Emakhosini" }, "geometry": { "type": "Polygon", "coordinates": [ [ [ 30.995552527269048, -29.739154452145829 ], [ 30.995406473995281, -29.73906385178698 ], [ 30.995088131363115, -29.738798396251287 ], [ 30.994990492026623, -29.738799413072424 ], [ 30.994858271917693, -29.738823823128097 ], [ 30.994745376898912, -29.738854335222822 ], [ 30.994532809063234, -29.738948923276364 ], [ 30.994387366722407, -29.739029271800348 ], [ 30.994203277366477, -29.739127928091182 ], [ 30.994021221188486, -29.739312018254601 ], [ 30.993665246521033, -29.739676130146183 ], [ 30.993395721680638, -29.739915142201266 ], [ 30.993245194715847, -29.740014814655989 ], [ 30.992940072620133, -29.740215178909573 ], [ 30.992558671393521, -29.740407405895073 ], [ 30.992224054068426, -29.740560984230179 ], [ 30.992053186509704, -29.740658621774376 ], [ 30.991922999845993, -29.740779653903637 ], [ 30.991701128544989, -29.740994103740565 ], [ 30.991664618153433, -29.74096704138223 ], [ 30.99086342026914, -29.740364722347138 ], [ 30.991287695521521, -29.739961282178797 ], [ 30.991727354257282, -29.739552147216251 ], [ 30.992334106621549, -29.738957530163727 ], [ 30.992910521344374, -29.73836291167845 ], [ 30.993317046510562, -29.737992792595087 ], [ 30.993705367373568, -29.737689417042439 ], [ 30.993892210400219, -29.73760418997983 ], [ 30.99405121596843, -29.737531660802578 ], [ 30.994390998385647, -29.737440648335049 ], [ 30.994864264167671, -29.737495255982999 ], [ 30.995155505863959, -29.737568065833191 ], [ 30.995337530782137, -29.737561998895519 ], [ 30.995610570252751, -29.737477053943802 ], [ 30.995731642652473, -29.737359085839593 ], [ 30.995791166215014, -29.737472722381892 ], [ 30.996250330930074, -29.738161594962083 ], [ 30.996273596622501, -29.738209789139621 ], [ 30.996052571629725, -29.738339413026104 ], [ 30.995966154698745, -29.738410871669391 ], [ 30.995946213593641, -29.738513907027372 ], [ 30.995986097327059, -29.7386418688994 ], [ 30.996090794563877, -29.738844613751628 ], [ 30.996029156446379, -29.738891831435286 ], [ 30.995786585368986, -29.738994165738788 ], [ 30.995555384210508, -29.739149563226167 ], [ 30.995552527269048, -29.739154452145829 ] ] ] } },
{ "type": "Feature", "properties": { "EA_CODE": "59914500", "EA_TYPE": "Formal residential_*", "White": null, "Black_African": null, "Coloured": null, "Indian_Asian": null, "Other": null, "area_km2": 0.010447, "sal2023_est": 0.0, "walk_typology": "Access gap", "walk_dist_k1_km": 3.3386415783439811, "exceeds_walk_k1_3km": true, "econ_status": null, "Ai_walk": 0.021563, "walk_snap_flag": false, "drive_typology": "Well-served", "walk_dist_k3_km": 7.1073675630495181, "PR_NAME": "KwaZulu-Natal", "MN_NAME": "Ethekwini", "SP_NAME": "KwaMashu A" }, "geometry": { "type": "Polygon", "coordinates": [ [ [ 30.999347878836105, -29.744519161402451 ], [ 30.998925796629294, -29.744988978862803 ], [ 30.998729830159878, -29.745222631396771 ], [ 30.998428531713877, -29.745421106370305 ], [ 30.998403095820272, -29.745389311340286 ], [ 30.998310608521944, -29.745273701395025 ], [ 30.998027843332856, -29.744917653671386 ], [ 30.998025286151499, -29.744914412195413 ], [ 30.998176786459325, -29.744834697155301 ], [ 30.99828514315093, -29.744773779669256 ], [ 30.998409673420145, -29.744691300315118 ], [ 30.998501318411595, -29.744613671286846 ], [ 30.998566007828295, -29.744514478706844 ], [ 30.998643098167637, -29.744400731276645 ], [ 30.998681373085876, -29.744322024093641 ], [ 30.998809137326891, -29.744002883757485 ], [ 30.998851594287835, -29.743885481093603 ], [ 30.999078496621514, -29.743952998276981 ], [ 30.999165383688471, -29.744026969730282 ], [ 30.999386126219584, -29.744091548640359 ], [ 30.999468400264902, -29.744115618878553 ], [ 30.999451879079192, -29.744270022154819 ], [ 30.999347878836105, -29.744519161402451 ] ] ] } }
]
}
