{
"type": "FeatureCollection",
"name": "olievenhoutbosch",
"crs": { "type": "name", "properties": { "name": "urn:ogc:def:crs:OGC:1.3:CRS84" } },
"features": [
{ "type": "Feature", "properties": { "EA_CODE": "79910045", "EA_TYPE": "Township", "White": 0.0, "Black_African": 535.0, "Coloured": 8.0, "Indian_Asian": 0.0, "Other": 0.0, "area_km2": 0.126467, "sal2023_est": 1462.091569, "walk_typology": "Demand overcrowding", "walk_dist_k1_km": 1.8618819808230509, "exceeds_walk_k1_3km": false, "econ_status": "Non_Wealthy", "Ai_walk": 0.029711, "walk_snap_flag": false, "drive_typology": "Well-served", "walk_dist_k3_km": 2.4275476600185715, "PR_NAME": "Gauteng", "MN_NAME": "City of Tshwane", "SP_NAME": "Olievenhoutbos Ext 36" }, "geometry": { "type": "Polygon", "coordinates": [ [ [ 28.102979203828781, -25.899503140652051 ], [ 28.102699140874531, -25.899435818152291 ], [ 28.102401263208161, -25.899373107086159 ], [ 28.102261045724191, -25.89994799586314 ], [ 28.101983093034029, -25.899897719763118 ], [ 28.101877979769458, -25.899862681736892 ], [ 28.101807904633763, -25.899827644666892 ], [ 28.101800897022464, -25.899782095414281 ], [ 28.101800897423974, -25.89970851582077 ], [ 28.101902505519391, -25.89933010717662 ], [ 28.10192703206879, -25.899221490379919 ], [ 28.101413270777737, -25.899115641215957 ], [ 28.101491469875324, -25.89880176804493 ], [ 28.101546833350405, -25.898575705971254 ], [ 28.101572743765153, -25.898495372721904 ], [ 28.101592058634473, -25.898413205229154 ], [ 28.101604652189554, -25.898329740770198 ], [ 28.101610437734102, -25.898245531673741 ], [ 28.1016093814759, -25.898161129865631 ], [ 28.101601486605755, -25.898077092407267 ], [ 28.101586808160729, -25.897993969644961 ], [ 28.101565441095801, -25.897912310718009 ], [ 28.101537527170109, -25.897832652671756 ], [ 28.101503247942507, -25.897755518705068 ], [ 28.101462830743479, -25.897681416319323 ], [ 28.101416540647577, -25.89761083286508 ], [ 28.10136468345085, -25.897544233713827 ], [ 28.101307597635056, -25.897482056901779 ], [ 28.10016985995728, -25.896398485613563 ], [ 28.101972336259863, -25.894824388318781 ], [ 28.101935187216132, -25.893473680150002 ], [ 28.103112317683408, -25.893408521179374 ], [ 28.10303779490966, -25.893711934342178 ], [ 28.103019471151324, -25.894069240937302 ], [ 28.103088378517285, -25.894536273818154 ], [ 28.103101926628256, -25.894628107150258 ], [ 28.10314506183111, -25.894783588930089 ], [ 28.103495882818091, -25.896048176232647 ], [ 28.103486720701504, -25.89646961517083 ], [ 28.103393569383627, -25.897064142410059 ], [ 28.103175221588408, -25.898457712177091 ], [ 28.102979203828781, -25.899503140652051 ] ] ] } },
{ "type": "Feature", "properties": { "EA_CODE": "79910039", "EA_TYPE": "Township", "White": 0.0, "Black_African": 573.0, "Coloured": 0.0, "Indian_Asian": 0.0, "Other": 2.0, "area_km2": 0.05697, "sal2023_est": 1548.255345, "walk_typology": "Demand overcrowding", "walk_dist_k1_km": 1.4727079232884326, "exceeds_walk_k1_3km": false, "econ_status": "Non_Wealthy", "Ai_walk": 0.040063, "walk_snap_flag": false, "drive_typology": "Well-served", "walk_dist_k3_km": 1.9224715008236384, "PR_NAME": "Gauteng", "MN_NAME": "City of Tshwane", "SP_NAME": "Olievenhoutbos Ext 36" }, "geometry": { "type": "Polygon", "coordinates": [ [ [ 28.102979203828781, -25.899503140652051 ], [ 28.102956548642986, -25.899623964945235 ], [ 28.102872885021053, -25.900070177852101 ], [ 28.102641027515752, -25.901332008681209 ], [ 28.102413667145282, -25.902569379766206 ], [ 28.101973536010117, -25.902529679008872 ], [ 28.101637254938179, -25.902482678970255 ], [ 28.101386748765698, -25.902422771652066 ], [ 28.100731479370715, -25.90234977171778 ], [ 28.101009773917593, -25.900645828109191 ], [ 28.101030218907837, -25.900571554249627 ], [ 28.101137665842209, -25.900175816756043 ], [ 28.101163677732821, -25.90007860680614 ], [ 28.101413270777737, -25.899115641215957 ], [ 28.10192703206879, -25.899221490379919 ], [ 28.101902505519391, -25.89933010717662 ], [ 28.101800897423974, -25.89970851582077 ], [ 28.101800897022464, -25.899782095414281 ], [ 28.101807904633763, -25.899827644666892 ], [ 28.101877979769458, -25.899862681736892 ], [ 28.101983093034029, -25.899897719763118 ], [ 28.102261045724191, -25.89994799586314 ], [ 28.102401263208161, -25.899373107086159 ], [ 28.102699140874531, -25.899435818152291 ], [ 28.102979203828781, -25.899503140652051 ] ] ] } },
{ "type": "Feature", "properties": { "EA_CODE": "79910513", "EA_TYPE": "Township", "White": 0.0, "Black_African": 623.0, "Coloured": 0.0, "Indian_Asian": 1.0, "Other": 0.0, "area_km2": 0.045398, "sal2023_est": 1680.193626, "walk_typology": "Demand overcrowding", "walk_dist_k1_km": 0.91644112450678883, "exceeds_walk_k1_3km": false, "econ_status": "Non_Wealthy", "Ai_walk": 0.044688, "walk_snap_flag": false, "drive_typology": "Well-served", "walk_dist_k3_km": 1.6199690817585559, "PR_NAME": "Gauteng", "MN_NAME": "City of Tshwane", "SP_NAME": "Olievenhoutbos Ext 36" }, "geometry": { "type": "Polygon", "coordinates": [ [ [ 28.09963266096527, -25.904068325927561 ], [ 28.099503234119599, -25.904944314224029 ], [ 28.099497912821544, -25.905022350208547 ], [ 28.097769354678498, -25.904775415378023 ], [ 28.096254836127954, -25.904586100385604 ], [ 28.095996640992375, -25.904551475155056 ], [ 28.096105853844509, -25.90395351173553 ], [ 28.096123098101685, -25.903846100270176 ], [ 28.096145958493377, -25.903739740653364 ], [ 28.096174369870646, -25.903634730427864 ], [ 28.096208255979697, -25.903531353676431 ], [ 28.096247522658036, -25.903429900936892 ], [ 28.096292062642231, -25.903330649302195 ], [ 28.096341750668739, -25.903233872389322 ], [ 28.096396453431247, -25.903139837555393 ], [ 28.096522195655524, -25.902844206976209 ], [ 28.097504653398943, -25.903229844774526 ], [ 28.097279323362532, -25.903709895826246 ], [ 28.097720186388031, -25.903827460043736 ], [ 28.097984705028868, -25.903856850828493 ], [ 28.098523537853016, -25.903925428073002 ], [ 28.09963266096527, -25.904068325927561 ] ] ] } },
{ "type": "Feature", "properties": { "EA_CODE": "79910515", "EA_TYPE": "Township", "White": 0.0, "Black_African": 667.0, "Coloured": 1.0, "Indian_Asian": 0.0, "Other": 0.0, "area_km2": 0.078761, "sal2023_est": 1798.668818, "walk_typology": "Demand overcrowding", "walk_dist_k1_km": 1.1290543534281543, "exceeds_walk_k1_3km": false, "econ_status": "Non_Wealthy", "Ai_walk": 0.043939, "walk_snap_flag": false, "drive_typology": "Well-served", "walk_dist_k3_km": 1.5788179309633603, "PR_NAME": "Gauteng", "MN_NAME": "City of Tshwane", "SP_NAME": "Olievenhoutbos Ext 36" }, "geometry": { "type": "Polygon", "coordinates": [ [ [ 28.101030218907837, -25.900571554249627 ], [ 28.101009773917593, -25.900645828109191 ], [ 28.100731479370715, -25.90234977171778 ], [ 28.100207543062531, -25.902274083934095 ], [ 28.100153944703756, -25.90257055336183 ], [ 28.100109263936094, -25.902656936412427 ], [ 28.099844157691848, -25.902862467220956 ], [ 28.099668414243137, -25.902716510072604 ], [ 28.099579052883037, -25.902659915350664 ], [ 28.09927522546451, -25.902603318744301 ], [ 28.098467992124419, -25.902505021102908 ], [ 28.098116502886164, -25.902436510959042 ], [ 28.097947528365616, -25.902389430592404 ], [ 28.098224322543572, -25.902017927568714 ], [ 28.097059883956224, -25.901796522051356 ], [ 28.097732575927981, -25.900793337245762 ], [ 28.098139267704092, -25.900117805921337 ], [ 28.099383481171614, -25.900290969761233 ], [ 28.099868944884538, -25.900351255763326 ], [ 28.10047019669026, -25.900459795173759 ], [ 28.101030218907837, -25.900571554249627 ] ] ] } },
{ "type": "Feature", "properties": { "EA_CODE": "79910516", "EA_TYPE": "Township", "White": 0.0, "Black_African": 661.0, "Coloured": 19.0, "Indian_Asian": 6.0, "Other": 0.0, "area_km2": 0.071209, "sal2023_est": 1091.120477, "walk_typology": "Demand overcrowding", "walk_dist_k1_km": 0.95911430930549324, "exceeds_walk_k1_3km": false, "econ_status": "Non_Wealthy", "Ai_walk": 0.046332, "walk_snap_flag": false, "drive_typology": "Well-served", "walk_dist_k3_km": 1.4088778868406986, "PR_NAME": "Gauteng", "MN_NAME": "City of Tshwane", "SP_NAME": "Olievenhoutbos Ext 36" }, "geometry": { "type": "Polygon", "coordinates": [ [ [ 28.098139267704092, -25.900117805921337 ], [ 28.097732575927981, -25.900793337245762 ], [ 28.097059883956224, -25.901796522051356 ], [ 28.097002874195084, -25.901883747786759 ], [ 28.096758898974127, -25.902342694037582 ], [ 28.096681707578337, -25.902279538896451 ], [ 28.095780387001824, -25.901887659745046 ], [ 28.095143584224161, -25.90162314235301 ], [ 28.09494764421283, -25.901564360112154 ], [ 28.094386018206745, -25.901488756020932 ], [ 28.094556063761484, -25.901352083306442 ], [ 28.094856643332403, -25.901014319681739 ], [ 28.09596469584892, -25.90004125117915 ], [ 28.097497825232065, -25.898715734298822 ], [ 28.097921128005332, -25.899103456661727 ], [ 28.097976014488765, -25.899180598904621 ], [ 28.098024950616701, -25.899261645155192 ], [ 28.098067663615364, -25.899346137911319 ], [ 28.098103909488813, -25.899433601394652 ], [ 28.098133482967615, -25.899523537863583 ], [ 28.098156218649446, -25.89961544295365 ], [ 28.098171988902855, -25.899708794858558 ], [ 28.098139267704092, -25.900117805921337 ] ] ] } },
{ "type": "Feature", "properties": { "EA_CODE": "79910042", "EA_TYPE": "Township", "White": 0.0, "Black_African": 720.0, "Coloured": 6.0, "Indian_Asian": 0.0, "Other": 0.0, "area_km2": 0.057768, "sal2023_est": 1954.840662, "walk_typology": "Demand overcrowding", "walk_dist_k1_km": 1.2602531588816173, "exceeds_walk_k1_3km": false, "econ_status": "Non_Wealthy", "Ai_walk": 0.043723, "walk_snap_flag": false, "drive_typology": "Well-served", "walk_dist_k3_km": 1.7100167364168231, "PR_NAME": "Gauteng", "MN_NAME": "City of Tshwane", "SP_NAME": "Olievenhoutbos Ext 36" }, "geometry": { "type": "Polygon", "coordinates": [ [ [ 28.101491469875324, -25.89880176804493 ], [ 28.101413270777737, -25.899115641215957 ], [ 28.101163677732821, -25.90007860680614 ], [ 28.101137665842209, -25.900175816756043 ], [ 28.101030218907837, -25.900571554249627 ], [ 28.10047019669026, -25.900459795173759 ], [ 28.099868944884538, -25.900351255763326 ], [ 28.099383481171614, -25.900290969761233 ], [ 28.098139267704092, -25.900117805921337 ], [ 28.098171988902855, -25.899708794858558 ], [ 28.098156218649446, -25.89961544295365 ], [ 28.098133482967615, -25.899523537863583 ], [ 28.098103909488813, -25.899433601394652 ], [ 28.098067663615364, -25.899346137911319 ], [ 28.098024950616701, -25.899261645155192 ], [ 28.097976014488765, -25.899180598904621 ], [ 28.097921128005332, -25.899103456661727 ], [ 28.097497825232065, -25.898715734298822 ], [ 28.097510003697327, -25.898705456564098 ], [ 28.098269199907733, -25.898035319442755 ], [ 28.098646046351401, -25.898391503092522 ], [ 28.098814810397524, -25.898588140882353 ], [ 28.098879627854242, -25.898664746149898 ], [ 28.09912122710606, -25.899071338916571 ], [ 28.099280327969407, -25.898982949364139 ], [ 28.099492464794693, -25.898918130299876 ], [ 28.099639779938407, -25.898929914743448 ], [ 28.10062974520104, -25.899100801985387 ], [ 28.100853666410337, -25.899153834850672 ], [ 28.100965625992071, -25.89869420863754 ], [ 28.101491469875324, -25.89880176804493 ] ] ] } },
{ "type": "Feature", "properties": { "EA_CODE": "79910514", "EA_TYPE": "Township", "White": 0.0, "Black_African": 743.0, "Coloured": 8.0, "Indian_Asian": 1.0, "Other": 0.0, "area_km2": 0.055612, "sal2023_est": 2024.848729, "walk_typology": "Demand overcrowding", "walk_dist_k1_km": 0.85825462482168791, "exceeds_walk_k1_3km": false, "econ_status": "Non_Wealthy", "Ai_walk": 0.045475, "walk_snap_flag": false, "drive_typology": "Well-served", "walk_dist_k3_km": 1.561782582073455, "PR_NAME": "Gauteng", "MN_NAME": "City of Tshwane", "SP_NAME": "Olievenhoutbos Ext 36" }, "geometry": { "type": "Polygon", "coordinates": [ [ [ 28.100731479370715, -25.90234977171778 ], [ 28.100665934885249, -25.902708538707714 ], [ 28.100620471472123, -25.90285319704449 ], [ 28.100533675651839, -25.902977190336102 ], [ 28.100314622246898, -25.903134248166609 ], [ 28.099777321453658, -25.903473160267531 ], [ 28.099702923786488, -25.903518624594735 ], [ 28.099628528453405, -25.903568223221381 ], [ 28.099620262169541, -25.903617819610655 ], [ 28.09965745993663, -25.903717013908071 ], [ 28.099661592765472, -25.903812075415953 ], [ 28.099645060911815, -25.903993930890433 ], [ 28.09963266096527, -25.904068325927561 ], [ 28.098523537853016, -25.903925428073002 ], [ 28.097984705028868, -25.903856850828493 ], [ 28.097720186388031, -25.903827460043736 ], [ 28.097279323362532, -25.903709895826246 ], [ 28.097504653398943, -25.903229844774526 ], [ 28.096522195655524, -25.902844206976209 ], [ 28.096758898974127, -25.902342694037582 ], [ 28.097002874195084, -25.901883747786759 ], [ 28.097059883956224, -25.901796522051356 ], [ 28.098224322543572, -25.902017927568714 ], [ 28.097947528365616, -25.902389430592404 ], [ 28.098116502886164, -25.902436510959042 ], [ 28.098467992124419, -25.902505021102908 ], [ 28.09927522546451, -25.902603318744301 ], [ 28.099579052883037, -25.902659915350664 ], [ 28.099668414243137, -25.902716510072604 ], [ 28.099844157691848, -25.902862467220956 ], [ 28.100109263936094, -25.902656936412427 ], [ 28.100153944703756, -25.90257055336183 ], [ 28.100207543062531, -25.902274083934095 ], [ 28.100731479370715, -25.90234977171778 ] ] ] } },
{ "type": "Feature", "properties": { "EA_CODE": "79910518", "EA_TYPE": "Township", "White": 0.0, "Black_African": 808.0, "Coloured": 5.0, "Indian_Asian": 0.0, "Other": 0.0, "area_km2": 0.068948, "sal2023_est": 1293.120915, "walk_typology": "Demand overcrowding", "walk_dist_k1_km": 1.0928495548818755, "exceeds_walk_k1_3km": false, "econ_status": "Non_Wealthy", "Ai_walk": 0.045357, "walk_snap_flag": false, "drive_typology": "Well-served", "walk_dist_k3_km": 1.80348426756786, "PR_NAME": "Gauteng", "MN_NAME": "City of Tshwane", "SP_NAME": "Olievenhoutbos Ext 36" }, "geometry": { "type": "Polygon", "coordinates": [ [ [ 28.097497825232065, -25.898715734298822 ], [ 28.09596469584892, -25.90004125117915 ], [ 28.094856643332403, -25.901014319681739 ], [ 28.094556063761484, -25.901352083306442 ], [ 28.094386018206745, -25.901488756020932 ], [ 28.094379591288231, -25.90148789079646 ], [ 28.094647252723739, -25.899657929774495 ], [ 28.094769816436965, -25.898874866350525 ], [ 28.094873637600724, -25.898375305587805 ], [ 28.095310362538466, -25.897101529921123 ], [ 28.095311296112083, -25.897098850297397 ], [ 28.095551232216888, -25.897169941345563 ], [ 28.095749824584402, -25.897260727755437 ], [ 28.095908700570973, -25.897323142564037 ], [ 28.096067576298857, -25.897413928895904 ], [ 28.096181060485954, -25.897487691863777 ], [ 28.096294541401345, -25.897578477962771 ], [ 28.096453416493596, -25.897708983149659 ], [ 28.097230769556393, -25.898446617449363 ], [ 28.097497825232065, -25.898715734298822 ] ] ] } },
{ "type": "Feature", "properties": { "EA_CODE": "79910226", "EA_TYPE": "Township", "White": 9.0, "Black_African": 845.0, "Coloured": 2.0, "Indian_Asian": 0.0, "Other": 0.0, "area_km2": 0.14261, "sal2023_est": 1361.514764, "walk_typology": "Well-served", "walk_dist_k1_km": 0.77444471835218787, "exceeds_walk_k1_3km": false, "econ_status": "Non_Wealthy", "Ai_walk": 0.047109, "walk_snap_flag": false, "drive_typology": "Well-served", "walk_dist_k3_km": 1.9185976488917904, "PR_NAME": "Gauteng", "MN_NAME": "City of Tshwane", "SP_NAME": "Olievenhoutbos Ext 36" }, "geometry": { "type": "Polygon", "coordinates": [ [ [ 28.089231917768849, -25.90051264229934 ], [ 28.089151400235412, -25.900635294372886 ], [ 28.089075170057825, -25.900760657204085 ], [ 28.089003319700574, -25.900888580224059 ], [ 28.088935935623631, -25.901018911102998 ], [ 28.088873098265829, -25.901151493944454 ], [ 28.088814882044737, -25.901286169285274 ], [ 28.088463621090511, -25.902369850266517 ], [ 28.087886443284688, -25.904283512366593 ], [ 28.087824947536884, -25.904276632308832 ], [ 28.087419113453077, -25.904241846106942 ], [ 28.087276104475333, -25.904210925338578 ], [ 28.086789098511794, -25.904118161571471 ], [ 28.086329152491043, -25.904052454578434 ], [ 28.086039269485223, -25.904044725010433 ], [ 28.085614106204062, -25.904025399762151 ], [ 28.08533215708022, -25.903966865648229 ], [ 28.085336685293235, -25.9038429262677 ], [ 28.085268021252396, -25.903345106862389 ], [ 28.085336685346469, -25.90242195103065 ], [ 28.085397719572043, -25.901636124207563 ], [ 28.085506510011108, -25.899943246436855 ], [ 28.087518583817214, -25.900082185838336 ], [ 28.087669270537273, -25.900083713785534 ], [ 28.087819775195769, -25.900091296867426 ], [ 28.08796985314908, -25.900104925181854 ], [ 28.088119260602532, -25.900124572569126 ], [ 28.088267758743743, -25.900150211930271 ], [ 28.088415105607826, -25.900181799035916 ], [ 28.089231917768849, -25.90051264229934 ] ] ] } },
{ "type": "Feature", "properties": { "EA_CODE": "79910519", "EA_TYPE": "Township", "White": 1.0, "Black_African": 862.0, "Coloured": 2.0, "Indian_Asian": 0.0, "Other": 0.0, "area_km2": 0.09704, "sal2023_est": 1375.829756, "walk_typology": "Demand overcrowding", "walk_dist_k1_km": 1.1137340521193295, "exceeds_walk_k1_3km": false, "econ_status": "Non_Wealthy", "Ai_walk": 0.044278, "walk_snap_flag": false, "drive_typology": "Well-served", "walk_dist_k3_km": 1.9550987592891165, "PR_NAME": "Gauteng", "MN_NAME": "City of Tshwane", "SP_NAME": "Olievenhoutbos Ext 36" }, "geometry": { "type": "Polygon", "coordinates": [ [ [ 28.095311296112083, -25.897098850297397 ], [ 28.095310362538466, -25.897101529921123 ], [ 28.094873637600724, -25.898375305587805 ], [ 28.094769816436965, -25.898874866350525 ], [ 28.094647252723739, -25.899657929774495 ], [ 28.092727174570282, -25.899411147412106 ], [ 28.092405200903396, -25.899366465563407 ], [ 28.092354800376263, -25.899364266562262 ], [ 28.092304583494091, -25.899369110558261 ], [ 28.092255530690053, -25.899380905294695 ], [ 28.092208601137713, -25.899399417824387 ], [ 28.092164707938213, -25.899424290045715 ], [ 28.092031611032642, -25.899582551702615 ], [ 28.09174244620753, -25.899379521418286 ], [ 28.091625125326992, -25.899290009346455 ], [ 28.090911736961743, -25.898643259796231 ], [ 28.092172242192323, -25.897304268234578 ], [ 28.092399968981127, -25.89713452121466 ], [ 28.092550677486575, -25.897047667585277 ], [ 28.092753168937382, -25.896951752200984 ], [ 28.092992961049731, -25.896863826854169 ], [ 28.093262063886488, -25.896797217853521 ], [ 28.093555144329184, -25.896762580603642 ], [ 28.093821581274341, -25.896757253107847 ], [ 28.094098675728489, -25.896783895735837 ], [ 28.094295836574734, -25.896829190814532 ], [ 28.094929956686002, -25.897002375286228 ], [ 28.095311296112083, -25.897098850297397 ] ] ] } },
{ "type": "Feature", "properties": { "EA_CODE": "79910521", "EA_TYPE": "Township", "White": 0.0, "Black_African": 868.0, "Coloured": 0.0, "Indian_Asian": 0.0, "Other": 0.0, "area_km2": 0.061254, "sal2023_est": 2337.192416, "walk_typology": "Demand overcrowding", "walk_dist_k1_km": 1.4346717462760803, "exceeds_walk_k1_3km": false, "econ_status": "Non_Wealthy", "Ai_walk": 0.033773, "walk_snap_flag": false, "drive_typology": "Well-served", "walk_dist_k3_km": 2.0003374254716011, "PR_NAME": "Gauteng", "MN_NAME": "City of Tshwane", "SP_NAME": "Olievenhoutbos Ext 36" }, "geometry": { "type": "Polygon", "coordinates": [ [ [ 28.101491469875324, -25.89880176804493 ], [ 28.100965625992071, -25.89869420863754 ], [ 28.100853666410337, -25.899153834850672 ], [ 28.10062974520104, -25.899100801985387 ], [ 28.099639779938407, -25.898929914743448 ], [ 28.099492464794693, -25.898918130299876 ], [ 28.099280327969407, -25.898982949364139 ], [ 28.09912122710606, -25.899071338916571 ], [ 28.098879627854242, -25.898664746149898 ], [ 28.098814810397524, -25.898588140882353 ], [ 28.098646046351401, -25.898391503092522 ], [ 28.098269199907733, -25.898035319442755 ], [ 28.09964727442992, -25.896845405973675 ], [ 28.10016985995728, -25.896398485613563 ], [ 28.101307597635056, -25.897482056901779 ], [ 28.10136468345085, -25.897544233713827 ], [ 28.101416540647577, -25.89761083286508 ], [ 28.101462830743479, -25.897681416319323 ], [ 28.101503247942507, -25.897755518705068 ], [ 28.101537527170109, -25.897832652671756 ], [ 28.101565441095801, -25.897912310718009 ], [ 28.101586808160729, -25.897993969644961 ], [ 28.101601486605755, -25.898077092407267 ], [ 28.1016093814759, -25.898161129865631 ], [ 28.101610437734102, -25.898245531673741 ], [ 28.101604652189554, -25.898329740770198 ], [ 28.101592058634473, -25.898413205229154 ], [ 28.101572743765153, -25.898495372721904 ], [ 28.101546833350405, -25.898575705971254 ], [ 28.101491469875324, -25.89880176804493 ] ] ] } },
{ "type": "Feature", "properties": { "EA_CODE": "79910038", "EA_TYPE": "Township", "White": 0.0, "Black_African": 911.0, "Coloured": 3.0, "Indian_Asian": 0.0, "Other": 0.0, "area_km2": 0.068783, "sal2023_est": 2461.052844, "walk_typology": "Demand overcrowding", "walk_dist_k1_km": 1.4020095214725188, "exceeds_walk_k1_3km": false, "econ_status": "Non_Wealthy", "Ai_walk": 0.020525, "walk_snap_flag": false, "drive_typology": "Well-served", "walk_dist_k3_km": 2.0726051352595469, "PR_NAME": "Gauteng", "MN_NAME": "City of Tshwane", "SP_NAME": "Olievenhoutbos Ext 36" }, "geometry": { "type": "Polygon", "coordinates": [ [ [ 28.102413667145282, -25.902569379766206 ], [ 28.102396472802514, -25.902662949203123 ], [ 28.101938387365326, -25.905136616729607 ], [ 28.10190754839434, -25.905303350167646 ], [ 28.101580344512627, -25.905285741749402 ], [ 28.099497912821544, -25.905022350208547 ], [ 28.099503234119599, -25.904944314224029 ], [ 28.09963266096527, -25.904068325927561 ], [ 28.099645060911815, -25.903993930890433 ], [ 28.099661592765472, -25.903812075415953 ], [ 28.09965745993663, -25.903717013908071 ], [ 28.099620262169541, -25.903617819610655 ], [ 28.099628528453405, -25.903568223221381 ], [ 28.099702923786488, -25.903518624594735 ], [ 28.099777321453658, -25.903473160267531 ], [ 28.100314622246898, -25.903134248166609 ], [ 28.100533675651839, -25.902977190336102 ], [ 28.100620471472123, -25.90285319704449 ], [ 28.100665934885249, -25.902708538707714 ], [ 28.100731479370715, -25.90234977171778 ], [ 28.101386748765698, -25.902422771652066 ], [ 28.101637254938179, -25.902482678970255 ], [ 28.101973536010117, -25.902529679008872 ], [ 28.102413667145282, -25.902569379766206 ] ] ] } },
{ "type": "Feature", "properties": { "EA_CODE": "79910617", "EA_TYPE": "Township", "White": 0.0, "Black_African": 937.0, "Coloured": 9.0, "Indian_Asian": 4.0, "Other": 0.0, "area_km2": 0.105328, "sal2023_est": 1511.0269, "walk_typology": "Demand overcrowding", "walk_dist_k1_km": 0.28601714327952221, "exceeds_walk_k1_3km": false, "econ_status": "Non_Wealthy", "Ai_walk": 0.03125, "walk_snap_flag": false, "drive_typology": "Well-served", "walk_dist_k3_km": 2.5230067209177007, "PR_NAME": "Gauteng", "MN_NAME": "City of Tshwane", "SP_NAME": "Olievenhoutbos Ext 36" }, "geometry": { "type": "Polygon", "coordinates": [ [ [ 28.092399968981127, -25.89713452121466 ], [ 28.092172242192323, -25.897304268234578 ], [ 28.090911736961743, -25.898643259796231 ], [ 28.090467399946217, -25.898354788208906 ], [ 28.089593992327398, -25.897668798734518 ], [ 28.08945934223561, -25.897448627642643 ], [ 28.089182761680593, -25.896547927075524 ], [ 28.088884348528126, -25.895538048803935 ], [ 28.088884349476057, -25.895095887218677 ], [ 28.088757475997443, -25.89483851440793 ], [ 28.090463638049641, -25.894435882650278 ], [ 28.091225668680465, -25.894285223411213 ], [ 28.091314342271875, -25.895056208251344 ], [ 28.09145991576402, -25.895747687184926 ], [ 28.092209625185454, -25.896315426692226 ], [ 28.09229143263827, -25.896362159366298 ], [ 28.09194172373601, -25.896732159052718 ], [ 28.092399968981127, -25.89713452121466 ] ] ] } },
{ "type": "Feature", "properties": { "EA_CODE": "79910520", "EA_TYPE": "Township", "White": 0.0, "Black_African": 951.0, "Coloured": 11.0, "Indian_Asian": 1.0, "Other": 2.0, "area_km2": 0.216583, "sal2023_est": 2598.376361, "walk_typology": "Demand overcrowding", "walk_dist_k1_km": 1.4940075156629509, "exceeds_walk_k1_3km": false, "econ_status": "Non_Wealthy", "Ai_walk": 0.033177, "walk_snap_flag": false, "drive_typology": "Well-served", "walk_dist_k3_km": 2.0596731948584721, "PR_NAME": "Gauteng", "MN_NAME": "City of Tshwane", "SP_NAME": "Olievenhoutbos Ext 36" }, "geometry": { "type": "Polygon", "coordinates": [ [ [ 28.10016985995728, -25.896398485613563 ], [ 28.09964727442992, -25.896845405973675 ], [ 28.098269199907733, -25.898035319442755 ], [ 28.097510003697327, -25.898705456564098 ], [ 28.097497825232065, -25.898715734298822 ], [ 28.097230769556393, -25.898446617449363 ], [ 28.096453416493596, -25.897708983149659 ], [ 28.096294541401345, -25.897578477962771 ], [ 28.096181060485954, -25.897487691863777 ], [ 28.096067576298857, -25.897413928895904 ], [ 28.095908700570973, -25.897323142564037 ], [ 28.095749824584402, -25.897260727755437 ], [ 28.095551232216888, -25.897169941345563 ], [ 28.095311296112083, -25.897098850297397 ], [ 28.095477772170121, -25.896621133637634 ], [ 28.095608789233477, -25.896191688957678 ], [ 28.095776200200881, -25.896002441137764 ], [ 28.096409449334338, -25.895376471550765 ], [ 28.096649647037118, -25.895325520743096 ], [ 28.096991746965188, -25.895318242037696 ], [ 28.09701358255484, -25.894415680075344 ], [ 28.097007960330266, -25.893729608173118 ], [ 28.09774970904806, -25.893705367261365 ], [ 28.101935187216132, -25.893473680150002 ], [ 28.101972336259863, -25.894824388318781 ], [ 28.10016985995728, -25.896398485613563 ] ] ] } },
{ "type": "Feature", "properties": { "EA_CODE": "79910616", "EA_TYPE": "Township", "White": 3.0, "Black_African": 1436.0, "Coloured": 0.0, "Indian_Asian": 0.0, "Other": 4.0, "area_km2": 0.223322, "sal2023_est": 2295.170333, "walk_typology": "Demand overcrowding", "walk_dist_k1_km": 0.27698848530783438, "exceeds_walk_k1_3km": false, "econ_status": "Non_Wealthy", "Ai_walk": 0.031335, "walk_snap_flag": false, "drive_typology": "Well-served", "walk_dist_k3_km": 2.478041920662998, "PR_NAME": "Gauteng", "MN_NAME": "City of Tshwane", "SP_NAME": "Olievenhoutbos Ext 36" }, "geometry": { "type": "Polygon", "coordinates": [ [ [ 28.090911736961743, -25.898643259796231 ], [ 28.090690768188018, -25.898879655239881 ], [ 28.090473858363371, -25.899091822203498 ], [ 28.090261478631582, -25.899308524357217 ], [ 28.090053723917318, -25.899529662591217 ], [ 28.089850687192719, -25.899755142324906 ], [ 28.089652458338207, -25.899984858166178 ], [ 28.089459125298294, -25.900218711057693 ], [ 28.089270774955274, -25.900456594726869 ], [ 28.089231917768849, -25.90051264229934 ], [ 28.088415105607826, -25.900181799035916 ], [ 28.088267758743743, -25.900150211930271 ], [ 28.088119260602532, -25.900124572569126 ], [ 28.08796985314908, -25.900104925181854 ], [ 28.087819775195769, -25.900091296867426 ], [ 28.087669270537273, -25.900083713785534 ], [ 28.087518583817214, -25.900082185838336 ], [ 28.085506510011108, -25.899943246436855 ], [ 28.085554123681689, -25.899202346874244 ], [ 28.085535049439653, -25.898324966023075 ], [ 28.085599899161643, -25.897296906035422 ], [ 28.085710525617756, -25.896097182817336 ], [ 28.085733414300407, -25.895574570248694 ], [ 28.087060927887389, -25.895238875592682 ], [ 28.088757475997443, -25.89483851440793 ], [ 28.088884349476057, -25.895095887218677 ], [ 28.088884348528126, -25.895538048803935 ], [ 28.089182761680593, -25.896547927075524 ], [ 28.08945934223561, -25.897448627642643 ], [ 28.089593992327398, -25.897668798734518 ], [ 28.090467399946217, -25.898354788208906 ], [ 28.090911736961743, -25.898643259796231 ] ] ] } },
{ "type": "Feature", "properties": { "EA_CODE": "79910225", "EA_TYPE": "Township", "White": 0.0, "Black_African": 2095.0, "Coloured": 9.0, "Indian_Asian": 5.0, "Other": 8.0, "area_km2": 0.314301, "sal2023_est": 3367.204154, "walk_typology": "Well-served", "walk_dist_k1_km": 0.98039461281798401, "exceeds_walk_k1_3km": false, "econ_status": "Non_Wealthy", "Ai_walk": 0.04763, "walk_snap_flag": false, "drive_typology": "Well-served", "walk_dist_k3_km": 1.4301581903531897, "PR_NAME": "Gauteng", "MN_NAME": "City of Tshwane", "SP_NAME": "Olievenhoutbos Ext 36" }, "geometry": { "type": "Polygon", "coordinates": [ [ [ 28.094379591288231, -25.90148789079646 ], [ 28.094386018206745, -25.901488756020932 ], [ 28.09494764421283, -25.901564360112154 ], [ 28.095143584224161, -25.90162314235301 ], [ 28.095780387001824, -25.901887659745046 ], [ 28.096681707578337, -25.902279538896451 ], [ 28.096758898974127, -25.902342694037582 ], [ 28.096522195655524, -25.902844206976209 ], [ 28.096396453431247, -25.903139837555393 ], [ 28.096341750668739, -25.903233872389322 ], [ 28.096292062642231, -25.903330649302195 ], [ 28.096247522658036, -25.903429900936892 ], [ 28.096208255979697, -25.903531353676431 ], [ 28.096174369870646, -25.903634730427864 ], [ 28.096145958493377, -25.903739740653364 ], [ 28.096123098101685, -25.903846100270176 ], [ 28.096105853844509, -25.90395351173553 ], [ 28.095996640992375, -25.904551475155056 ], [ 28.095814406255645, -25.90534224112707 ], [ 28.095450803986797, -25.905262233924265 ], [ 28.094816926698048, -25.905169471173998 ], [ 28.093792674974885, -25.905041922745838 ], [ 28.092853452521254, -25.904922104109026 ], [ 28.0921654641384, -25.90483320734171 ], [ 28.091076884591896, -25.904682313848699 ], [ 28.091063123347741, -25.90468040575157 ], [ 28.090994336174099, -25.904670873228898 ], [ 28.090031923894564, -25.904554918845381 ], [ 28.089255038041813, -25.904450561555727 ], [ 28.088377659033942, -25.904338472642106 ], [ 28.087886443284688, -25.904283512366593 ], [ 28.088463621090511, -25.902369850266517 ], [ 28.088814882044737, -25.901286169285274 ], [ 28.088873098265829, -25.901151493944454 ], [ 28.088935935623631, -25.901018911102998 ], [ 28.089003319700574, -25.900888580224059 ], [ 28.089075170057825, -25.900760657204085 ], [ 28.089151400235412, -25.900635294372886 ], [ 28.089231917768849, -25.90051264229934 ], [ 28.089921801315381, -25.900800196611105 ], [ 28.090352866301846, -25.900947150954131 ], [ 28.091381548356704, -25.901084309029574 ], [ 28.094379591288231, -25.90148789079646 ] ] ] } },
{ "type": "Feature", "properties": { "EA_CODE": "79910220", "EA_TYPE": "Township", "White": 1.0, "Black_African": 586.0, "Coloured": 0.0, "Indian_Asian": 0.0, "Other": 0.0, "area_km2": 0.064337, "sal2023_est": 933.655568, "walk_typology": "Well-served", "walk_dist_k1_km": 1.6754758864987942, "exceeds_walk_k1_3km": false, "econ_status": "Non_Wealthy", "Ai_walk": 0.050822, "walk_snap_flag": false, "drive_typology": "Well-served", "walk_dist_k3_km": 1.6970845553901484, "PR_NAME": "Gauteng", "MN_NAME": "City of Tshwane", "SP_NAME": "Olievenhoutbos" }, "geometry": { "type": "Polygon", "coordinates": [ [ [ 28.087008446527825, -25.907360212374197 ], [ 28.086021365275492, -25.910659116134497 ], [ 28.084877483584229, -25.910182439189086 ], [ 28.084854103312907, -25.91017318520597 ], [ 28.084726981848949, -25.91012287630198 ], [ 28.084776484437537, -25.909681483348223 ], [ 28.084303998189426, -25.909502000909367 ], [ 28.084243972729237, -25.909476153889834 ], [ 28.084302080332527, -25.909385507266649 ], [ 28.084358791646757, -25.909308778383497 ], [ 28.084438857166759, -25.909202025018395 ], [ 28.084535601457912, -25.908991854550354 ], [ 28.084632345193086, -25.908768343725026 ], [ 28.084699065664132, -25.908504799113135 ], [ 28.084772457997033, -25.908277949737119 ], [ 28.084869202149299, -25.908097804886804 ], [ 28.085009315103555, -25.907890971726722 ], [ 28.08542232471007, -25.907017028137517 ], [ 28.085915323147969, -25.907137093734047 ], [ 28.087008446527825, -25.907360212374197 ] ] ] } },
{ "type": "Feature", "properties": { "EA_CODE": "79910214", "EA_TYPE": "Township", "White": 0.0, "Black_African": 762.0, "Coloured": 5.0, "Indian_Asian": 1.0, "Other": 0.0, "area_km2": 0.081512, "sal2023_est": 1221.545957, "walk_typology": "Demand overcrowding", "walk_dist_k1_km": 1.497490988779872, "exceeds_walk_k1_3km": false, "econ_status": "Non_Wealthy", "Ai_walk": 0.020482, "walk_snap_flag": false, "drive_typology": "Well-served", "walk_dist_k3_km": 2.0838734582918601, "PR_NAME": "Gauteng", "MN_NAME": "City of Tshwane", "SP_NAME": "Olievenhoutbos" }, "geometry": { "type": "Polygon", "coordinates": [ [ [ 28.085610197024106, -25.913626530312747 ], [ 28.085601308660159, -25.914488632251526 ], [ 28.085601308702948, -25.91517472383434 ], [ 28.085596049360895, -25.915810125549971 ], [ 28.085323048000269, -25.915842035061459 ], [ 28.084667458339514, -25.915871835326325 ], [ 28.083753607210056, -25.915827136430426 ], [ 28.083507471008396, -25.915823740672998 ], [ 28.083033451710559, -25.915817201568228 ], [ 28.082658734340725, -25.915837535206204 ], [ 28.082946188285366, -25.915204303971962 ], [ 28.083158976090726, -25.914712747432674 ], [ 28.083442694222246, -25.914163454738127 ], [ 28.083455890836746, -25.914079328957143 ], [ 28.083436095851177, -25.913963861941482 ], [ 28.083399807429956, -25.913896229947078 ], [ 28.083366816255687, -25.913820353330284 ], [ 28.083305784083066, -25.913737876624637 ], [ 28.083233206142467, -25.913680144272256 ], [ 28.083190317352297, -25.913642205437085 ], [ 28.08316392534875, -25.913612513168335 ], [ 28.083144130776478, -25.913515189797849 ], [ 28.083129284857836, -25.913445911331365 ], [ 28.083066603449495, -25.91330570209081 ], [ 28.083023714657212, -25.913193534272434 ], [ 28.082972581428262, -25.913083016227066 ], [ 28.082918145949204, -25.912977448130214 ], [ 28.082853812725698, -25.912855382183004 ], [ 28.082804329331353, -25.91271187344293 ], [ 28.08278123485584, -25.912655790074663 ], [ 28.082777935991668, -25.912614552340163 ], [ 28.082791131730676, -25.912563415735811 ], [ 28.082819173878253, -25.912467743910945 ], [ 28.082835670496937, -25.912403412092171 ], [ 28.082857286226496, -25.912368645303655 ], [ 28.082978157586467, -25.912174237144441 ], [ 28.083157827142028, -25.91180078035061 ], [ 28.083284399378876, -25.911563456205762 ], [ 28.083301000339389, -25.911578002413425 ], [ 28.083482996584483, -25.911649999891498 ], [ 28.08401644786521, -25.911867822748381 ], [ 28.083782025917422, -25.912366406991637 ], [ 28.083773196948648, -25.912508241288293 ], [ 28.083801800634891, -25.912676677652527 ], [ 28.084199054811773, -25.913611022592288 ], [ 28.085610197024106, -25.913626530312747 ] ] ] } },
{ "type": "Feature", "properties": { "EA_CODE": "79910242", "EA_TYPE": "Township", "White": 0.0, "Black_African": 872.0, "Coloured": 5.0, "Indian_Asian": 0.0, "Other": 0.0, "area_km2": 0.07135, "sal2023_est": 1394.916412, "walk_typology": "Well-served", "walk_dist_k1_km": 0.81247286422197151, "exceeds_walk_k1_3km": false, "econ_status": "Non_Wealthy", "Ai_walk": 0.05528, "walk_snap_flag": false, "drive_typology": "Well-served", "walk_dist_k3_km": 1.7947494493535994, "PR_NAME": "Gauteng", "MN_NAME": "City of Tshwane", "SP_NAME": "Olievenhoutbos" }, "geometry": { "type": "Polygon", "coordinates": [ [ [ 28.095814406255645, -25.90534224112707 ], [ 28.095718271359935, -25.905865702384975 ], [ 28.095478381336818, -25.905824341409414 ], [ 28.093948046505044, -25.905600995341842 ], [ 28.093829469618854, -25.906389059432584 ], [ 28.093053852673872, -25.906289780386324 ], [ 28.092959850908169, -25.90671830710297 ], [ 28.092455617885328, -25.906649306967111 ], [ 28.091542688685639, -25.906527228831411 ], [ 28.090555453254797, -25.906399844047943 ], [ 28.090592607361607, -25.905975226052078 ], [ 28.090108870719753, -25.905920085431216 ], [ 28.090201603899459, -25.905451529989449 ], [ 28.09084198957952, -25.905506616857565 ], [ 28.091063123347741, -25.90468040575157 ], [ 28.091076884591896, -25.904682313848699 ], [ 28.0921654641384, -25.90483320734171 ], [ 28.092853452521254, -25.904922104109026 ], [ 28.093792674974885, -25.905041922745838 ], [ 28.094816926698048, -25.905169471173998 ], [ 28.095450803986797, -25.905262233924265 ], [ 28.095814406255645, -25.90534224112707 ] ] ] } },
{ "type": "Feature", "properties": { "EA_CODE": "79910217", "EA_TYPE": "Township", "White": 0.0, "Black_African": 904.0, "Coloured": 5.0, "Indian_Asian": 0.0, "Other": 4.0, "area_km2": 0.076842, "sal2023_est": 1452.176378, "walk_typology": "Well-served", "walk_dist_k1_km": 1.7084543109080079, "exceeds_walk_k1_3km": false, "econ_status": "Non_Wealthy", "Ai_walk": 0.048809, "walk_snap_flag": false, "drive_typology": "Well-served", "walk_dist_k3_km": 1.9617231170477545, "PR_NAME": "Gauteng", "MN_NAME": "City of Tshwane", "SP_NAME": "Olievenhoutbos" }, "geometry": { "type": "Polygon", "coordinates": [ [ [ 28.086021365275492, -25.910659116134497 ], [ 28.085797334462182, -25.911296201218029 ], [ 28.085741327149648, -25.911520231986035 ], [ 28.085643314496092, -25.91224833017915 ], [ 28.085615309715372, -25.913130449082797 ], [ 28.085610197024106, -25.913626530312747 ], [ 28.084199054811773, -25.913611022592288 ], [ 28.083801800634891, -25.912676677652527 ], [ 28.083773196948648, -25.912508241288293 ], [ 28.083782025917422, -25.912366406991637 ], [ 28.08401644786521, -25.911867822748381 ], [ 28.083482996584483, -25.911649999891498 ], [ 28.083301000339389, -25.911578002413425 ], [ 28.083284399378876, -25.911563456205762 ], [ 28.083344644001667, -25.911450498752178 ], [ 28.083678245038374, -25.910729918954242 ], [ 28.084011846759097, -25.910049372852804 ], [ 28.084108590530505, -25.909875899995917 ], [ 28.084145287213587, -25.909732452333245 ], [ 28.084218679955285, -25.90951561183758 ], [ 28.084243972729237, -25.909476153889834 ], [ 28.084303998189426, -25.909502000909367 ], [ 28.084776484437537, -25.909681483348223 ], [ 28.084726981848949, -25.91012287630198 ], [ 28.084854103312907, -25.91017318520597 ], [ 28.084877483584229, -25.910182439189086 ], [ 28.086021365275492, -25.910659116134497 ] ] ] } },
{ "type": "Feature", "properties": { "EA_CODE": "79910241", "EA_TYPE": "Township", "White": 0.0, "Black_African": 931.0, "Coloured": 0.0, "Indian_Asian": 0.0, "Other": 0.0, "area_km2": 0.064771, "sal2023_est": 1480.806362, "walk_typology": "Well-served", "walk_dist_k1_km": 0.81814019770603286, "exceeds_walk_k1_3km": false, "econ_status": "Non_Wealthy", "Ai_walk": 0.054727, "walk_snap_flag": false, "drive_typology": "Well-served", "walk_dist_k3_km": 1.8137332866929321, "PR_NAME": "Gauteng", "MN_NAME": "City of Tshwane", "SP_NAME": "Olievenhoutbos" }, "geometry": { "type": "Polygon", "coordinates": [ [ [ 28.093829469618854, -25.906389059432584 ], [ 28.093557213228305, -25.908198472962656 ], [ 28.093231357095995, -25.908158269640165 ], [ 28.092404080329029, -25.908056202375768 ], [ 28.090423290242409, -25.907788235118183 ], [ 28.090170954835635, -25.907757426293834 ], [ 28.089800446085093, -25.907712189561177 ], [ 28.089892184219071, -25.907322488135396 ], [ 28.089892183915314, -25.907028300257767 ], [ 28.089908526977361, -25.906832174932831 ], [ 28.089936843546127, -25.906754301265497 ], [ 28.089973903130083, -25.906652393585933 ], [ 28.090055621355731, -25.906292831093321 ], [ 28.090108870719753, -25.905920085431216 ], [ 28.090592607361607, -25.905975226052078 ], [ 28.090555453254797, -25.906399844047943 ], [ 28.091542688685639, -25.906527228831411 ], [ 28.092455617885328, -25.906649306967111 ], [ 28.092959850908169, -25.90671830710297 ], [ 28.093053852673872, -25.906289780386324 ], [ 28.093829469618854, -25.906389059432584 ] ] ] } },
{ "type": "Feature", "properties": { "EA_CODE": "79910215", "EA_TYPE": "Township", "White": 0.0, "Black_African": 949.0, "Coloured": 6.0, "Indian_Asian": 0.0, "Other": 4.0, "area_km2": 0.090461, "sal2023_est": 1525.341891, "walk_typology": "Demand overcrowding", "walk_dist_k1_km": 1.3630667205731093, "exceeds_walk_k1_3km": false, "econ_status": "Non_Wealthy", "Ai_walk": 0.031942, "walk_snap_flag": false, "drive_typology": "Well-served", "walk_dist_k3_km": 1.8990368379392228, "PR_NAME": "Gauteng", "MN_NAME": "City of Tshwane", "SP_NAME": "Olievenhoutbos" }, "geometry": { "type": "Polygon", "coordinates": [ [ [ 28.087892393105911, -25.911143972381598 ], [ 28.087772823088773, -25.911422965185544 ], [ 28.087482442597008, -25.912117602662228 ], [ 28.087315314936756, -25.91246525503292 ], [ 28.087224884581733, -25.912606926808071 ], [ 28.087167612019126, -25.912787788342172 ], [ 28.087155554843378, -25.913333383104455 ], [ 28.087146512338776, -25.914114093623532 ], [ 28.08714445640485, -25.914383522260277 ], [ 28.087143499234976, -25.914508972335422 ], [ 28.087131302469839, -25.915771262980908 ], [ 28.086430596917285, -25.915797335712281 ], [ 28.085705474865772, -25.915797336261395 ], [ 28.085596049360895, -25.915810125549971 ], [ 28.085601308702948, -25.91517472383434 ], [ 28.085601308660159, -25.914488632251526 ], [ 28.085610197024106, -25.913626530312747 ], [ 28.085615309715372, -25.913130449082797 ], [ 28.085643314496092, -25.91224833017915 ], [ 28.085741327149648, -25.911520231986035 ], [ 28.085797334462182, -25.911296201218029 ], [ 28.086021365275492, -25.910659116134497 ], [ 28.086153308830916, -25.910717698902442 ], [ 28.086412607144361, -25.910768212351634 ], [ 28.086607922058889, -25.9108086220944 ], [ 28.08684027966358, -25.910872603857868 ], [ 28.087217441284327, -25.910956792303558 ], [ 28.087621541121937, -25.911044346795482 ], [ 28.087892393105911, -25.911143972381598 ] ] ] } },
{ "type": "Feature", "properties": { "EA_CODE": "79910219", "EA_TYPE": "Township", "White": 0.0, "Black_African": 1140.0, "Coloured": 0.0, "Indian_Asian": 0.0, "Other": 0.0, "area_km2": 0.124155, "sal2023_est": 1813.23228, "walk_typology": "Well-served", "walk_dist_k1_km": 1.1114600159403178, "exceeds_walk_k1_3km": false, "econ_status": "Non_Wealthy", "Ai_walk": 0.056565, "walk_snap_flag": false, "drive_typology": "Well-served", "walk_dist_k3_km": 1.4738121148258529, "PR_NAME": "Gauteng", "MN_NAME": "City of Tshwane", "SP_NAME": "Olievenhoutbos" }, "geometry": { "type": "Polygon", "coordinates": [ [ [ 28.089936843546127, -25.906754301265497 ], [ 28.089908526977361, -25.906832174932831 ], [ 28.089892183915314, -25.907028300257767 ], [ 28.089892184219071, -25.907322488135396 ], [ 28.089800446085093, -25.907712189561177 ], [ 28.089728022291759, -25.908313307790486 ], [ 28.08969180982286, -25.908642836296881 ], [ 28.089670083431461, -25.909106347662558 ], [ 28.089646063316298, -25.909492787907553 ], [ 28.089361376713939, -25.909452931930151 ], [ 28.089133627471771, -25.909464318565743 ], [ 28.088877408367264, -25.909629438066908 ], [ 28.088518702324748, -25.909993837386011 ], [ 28.088382053454207, -25.910198811295174 ], [ 28.087892393105911, -25.911143972381598 ], [ 28.087621541121937, -25.911044346795482 ], [ 28.087217441284327, -25.910956792303558 ], [ 28.08684027966358, -25.910872603857868 ], [ 28.086607922058889, -25.9108086220944 ], [ 28.086412607144361, -25.910768212351634 ], [ 28.086153308830916, -25.910717698902442 ], [ 28.086021365275492, -25.910659116134497 ], [ 28.087008446527825, -25.907360212374197 ], [ 28.087204081718887, -25.906674661406971 ], [ 28.087708594232286, -25.906797143704715 ], [ 28.088304160834916, -25.90691230987796 ], [ 28.088439068890654, -25.906915599426714 ], [ 28.088583845942814, -25.906938632418509 ], [ 28.088945792927806, -25.906997860205866 ], [ 28.089064248697174, -25.906964954647265 ], [ 28.089143218514458, -25.906955084165162 ], [ 28.089169542938631, -25.906925470050023 ], [ 28.089195865131899, -25.906675397604698 ], [ 28.089936843546127, -25.906754301265497 ] ] ] } },
{ "type": "Feature", "properties": { "EA_CODE": "79910224", "EA_TYPE": "Township", "White": 0.0, "Black_African": 1140.0, "Coloured": 0.0, "Indian_Asian": 0.0, "Other": 0.0, "area_km2": 0.077066, "sal2023_est": 1813.23228, "walk_typology": "Well-served", "walk_dist_k1_km": 1.1478831211387588, "exceeds_walk_k1_3km": false, "econ_status": "Non_Wealthy", "Ai_walk": 0.052314, "walk_snap_flag": false, "drive_typology": "Well-served", "walk_dist_k3_km": 1.8306199458374823, "PR_NAME": "Gauteng", "MN_NAME": "City of Tshwane", "SP_NAME": "Olievenhoutbos" }, "geometry": { "type": "Polygon", "coordinates": [ [ [ 28.091063123347741, -25.90468040575157 ], [ 28.09084198957952, -25.905506616857565 ], [ 28.090201603899459, -25.905451529989449 ], [ 28.090108870719753, -25.905920085431216 ], [ 28.090055621355731, -25.906292831093321 ], [ 28.089973903130083, -25.906652393585933 ], [ 28.089936843546127, -25.906754301265497 ], [ 28.089195865131899, -25.906675397604698 ], [ 28.089169542938631, -25.906925470050023 ], [ 28.089143218514458, -25.906955084165162 ], [ 28.089064248697174, -25.906964954647265 ], [ 28.088945792927806, -25.906997860205866 ], [ 28.088583845942814, -25.906938632418509 ], [ 28.088439068890654, -25.906915599426714 ], [ 28.088304160834916, -25.90691230987796 ], [ 28.087708594232286, -25.906797143704715 ], [ 28.087204081718887, -25.906674661406971 ], [ 28.087886443284688, -25.904283512366593 ], [ 28.088377659033942, -25.904338472642106 ], [ 28.089255038041813, -25.904450561555727 ], [ 28.090031923894564, -25.904554918845381 ], [ 28.090994336174099, -25.904670873228898 ], [ 28.091063123347741, -25.90468040575157 ] ] ] } },
{ "type": "Feature", "properties": { "EA_CODE": "79910494", "EA_TYPE": "Township", "White": 1.0, "Black_African": 1291.0, "Coloured": 6.0, "Indian_Asian": 5.0, "Other": 0.0, "area_km2": 0.042631, "sal2023_est": 2072.492684, "walk_typology": "Well-served", "walk_dist_k1_km": 0.80905411952095985, "exceeds_walk_k1_3km": false, "econ_status": "Non_Wealthy", "Ai_walk": 0.055054, "walk_snap_flag": false, "drive_typology": "Well-served", "walk_dist_k3_km": 1.8046472085078584, "PR_NAME": "Gauteng", "MN_NAME": "City of Tshwane", "SP_NAME": "Olievenhoutbos Ext 21" }, "geometry": { "type": "Polygon", "coordinates": [ [ [ 28.093231357095995, -25.908158269640165 ], [ 28.092997049996065, -25.90966325382518 ], [ 28.091625312666395, -25.909500761779263 ], [ 28.091367166384757, -25.909467504197529 ], [ 28.091078567056861, -25.909425609819792 ], [ 28.0911483591284, -25.909038691321367 ], [ 28.091185091531688, -25.908787686183551 ], [ 28.091207543686064, -25.908674366322746 ], [ 28.090923520999368, -25.908636840556831 ], [ 28.090057801707257, -25.908524488940198 ], [ 28.090067638693878, -25.908480217325685 ], [ 28.090170954835635, -25.907757426293834 ], [ 28.090423290242409, -25.907788235118183 ], [ 28.092404080329029, -25.908056202375768 ], [ 28.093231357095995, -25.908158269640165 ] ] ] } },
{ "type": "Feature", "properties": { "EA_CODE": "79910493", "EA_TYPE": "Township", "White": 3.0, "Black_African": 1516.0, "Coloured": 4.0, "Indian_Asian": 0.0, "Other": 2.0, "area_km2": 0.059456, "sal2023_est": 2425.595812, "walk_typology": "Well-served", "walk_dist_k1_km": 0.96623671715310844, "exceeds_walk_k1_3km": false, "econ_status": "Non_Wealthy", "Ai_walk": 0.054333, "walk_snap_flag": false, "drive_typology": "Well-served", "walk_dist_k3_km": 1.7379560179625253, "PR_NAME": "Gauteng", "MN_NAME": "City of Tshwane", "SP_NAME": "Olievenhoutbos Ext 21" }, "geometry": { "type": "Polygon", "coordinates": [ [ [ 28.090170954835635, -25.907757426293834 ], [ 28.090067638693878, -25.908480217325685 ], [ 28.090057801707257, -25.908524488940198 ], [ 28.090923520999368, -25.908636840556831 ], [ 28.091207543686064, -25.908674366322746 ], [ 28.091185091531688, -25.908787686183551 ], [ 28.0911483591284, -25.909038691321367 ], [ 28.091078567056861, -25.909425609819792 ], [ 28.091367166384757, -25.909467504197529 ], [ 28.091625312666395, -25.909500761779263 ], [ 28.092997049996065, -25.90966325382518 ], [ 28.092806101362644, -25.910889733208645 ], [ 28.092248491969002, -25.910836627059144 ], [ 28.091373464250537, -25.910739401547065 ], [ 28.091144698404456, -25.910762277558788 ], [ 28.090893055266974, -25.910859503637425 ], [ 28.090571908801365, -25.91102358158 ], [ 28.089765631707664, -25.909674987362735 ], [ 28.089646063316298, -25.909492787907553 ], [ 28.089670083431461, -25.909106347662558 ], [ 28.08969180982286, -25.908642836296881 ], [ 28.089728022291759, -25.908313307790486 ], [ 28.089800446085093, -25.907712189561177 ], [ 28.090170954835635, -25.907757426293834 ] ] ] } },
{ "type": "Feature", "properties": { "EA_CODE": "79910240", "EA_TYPE": "Township", "White": 0.0, "Black_African": 1683.0, "Coloured": 12.0, "Indian_Asian": 1.0, "Other": 23.0, "area_km2": 0.041256, "sal2023_est": 2734.163411, "walk_typology": "Demand overcrowding", "walk_dist_k1_km": 0.69911774389234282, "exceeds_walk_k1_3km": false, "econ_status": "Non_Wealthy", "Ai_walk": 0.037411, "walk_snap_flag": false, "drive_typology": "Well-served", "walk_dist_k3_km": 1.6561048042959954, "PR_NAME": "Gauteng", "MN_NAME": "City of Tshwane", "SP_NAME": "Olievenhoutbos Ext 21" }, "geometry": { "type": "Polygon", "coordinates": [ [ [ 28.093557213228305, -25.908198472962656 ], [ 28.094077069446982, -25.908262610973001 ], [ 28.094493506200042, -25.908313308214165 ], [ 28.094602142271452, -25.908298822710144 ], [ 28.094819885707079, -25.908220669923828 ], [ 28.094772902526298, -25.908758154178113 ], [ 28.094663903460976, -25.909601964995456 ], [ 28.094603765468197, -25.910047362005194 ], [ 28.094164406317056, -25.910001631722633 ], [ 28.093838415818311, -25.909961597951543 ], [ 28.093689717228802, -25.910973887144568 ], [ 28.092806101362644, -25.910889733208645 ], [ 28.092997049996065, -25.90966325382518 ], [ 28.093231357095995, -25.908158269640165 ], [ 28.093557213228305, -25.908198472962656 ] ] ] } },
{ "type": "Feature", "properties": { "EA_CODE": "79910035", "EA_TYPE": "Township", "White": 0.0, "Black_African": 715.0, "Coloured": 7.0, "Indian_Asian": 23.0, "Other": 0.0, "area_km2": 0.090578, "sal2023_est": 1184.9632, "walk_typology": "Demand overcrowding", "walk_dist_k1_km": 0.3022320843067075, "exceeds_walk_k1_3km": false, "econ_status": "Non_Wealthy", "Ai_walk": 0.028637, "walk_snap_flag": false, "drive_typology": "Well-served", "walk_dist_k3_km": 2.0258860161673726, "PR_NAME": "Gauteng", "MN_NAME": "City of Tshwane", "SP_NAME": "Olievenhoutbos Ext 15" }, "geometry": { "type": "Polygon", "coordinates": [ [ [ 28.101645212275056, -25.906721597764289 ], [ 28.101493780963558, -25.907620250937168 ], [ 28.10139641131622, -25.908129352349476 ], [ 28.101317248990277, -25.908543795045443 ], [ 28.101060673711242, -25.908530290900725 ], [ 28.100749593679616, -25.90850177511231 ], [ 28.100689971066842, -25.908478443769337 ], [ 28.100653677589911, -25.908429189271203 ], [ 28.100609607615688, -25.90839289705535 ], [ 28.099596004504868, -25.908284018566061 ], [ 28.098986806836916, -25.908229579564651 ], [ 28.099001648909947, -25.907682340283884 ], [ 28.099003879039891, -25.907454816612624 ], [ 28.098983804490672, -25.907372282635357 ], [ 28.098948114157874, -25.907327671204449 ], [ 28.098876733237027, -25.907278597314477 ], [ 28.098800894264702, -25.907233985871628 ], [ 28.098682670293517, -25.907204987012424 ], [ 28.098555523648795, -25.907173758702051 ], [ 28.098352537114579, -25.907106840100003 ], [ 28.097962177878497, -25.906977463259693 ], [ 28.09781253077962, -25.906937754954086 ], [ 28.09729678021079, -25.906866206265128 ], [ 28.096667743373633, -25.90677975085444 ], [ 28.09590157117713, -25.906682860773866 ], [ 28.095748037601044, -25.906657521268841 ], [ 28.095694375931743, -25.906605350349132 ], [ 28.095666055180782, -25.906527837764273 ], [ 28.095661583396449, -25.906442873930132 ], [ 28.095664563712951, -25.906345984320758 ], [ 28.095676488676954, -25.906214810102398 ], [ 28.095680960547853, -25.906095561664081 ], [ 28.095718271359935, -25.905865702384975 ], [ 28.095814406255645, -25.90534224112707 ], [ 28.096212302866284, -25.905429793644384 ], [ 28.09690859423517, -25.905686321833471 ], [ 28.097531591663206, -25.905878718974144 ], [ 28.098292017318073, -25.906116923590254 ], [ 28.098795911502794, -25.906263510639683 ], [ 28.099354778448507, -25.90641926058861 ], [ 28.099436223329523, -25.906431855049259 ], [ 28.10024346580186, -25.906556687067791 ], [ 28.101122993239926, -25.906684950939759 ], [ 28.101645212275056, -25.906721597764289 ] ] ] } },
{ "type": "Feature", "properties": { "EA_CODE": "79910238", "EA_TYPE": "Township", "White": 3.0, "Black_African": 1251.0, "Coloured": 7.0, "Indian_Asian": 1.0, "Other": 0.0, "area_km2": 0.090154, "sal2023_est": 2007.279945, "walk_typology": "Demand overcrowding", "walk_dist_k1_km": 0.41693593961563569, "exceeds_walk_k1_3km": false, "econ_status": "Non_Wealthy", "Ai_walk": 0.039249, "walk_snap_flag": false, "drive_typology": "Well-served", "walk_dist_k3_km": 1.7161977080844044, "PR_NAME": "Gauteng", "MN_NAME": "City of Tshwane", "SP_NAME": "Olievenhoutbos Ext 15" }, "geometry": { "type": "Polygon", "coordinates": [ [ [ 28.101317248990277, -25.908543795045443 ], [ 28.101219523650727, -25.909081285088021 ], [ 28.101049985115225, -25.909894078218841 ], [ 28.10090537677392, -25.910632074807133 ], [ 28.100875457793983, -25.910841506043223 ], [ 28.100865552525494, -25.910897358410015 ], [ 28.100630821995804, -25.910873076035227 ], [ 28.100593340595548, -25.910866829071786 ], [ 28.100562888853172, -25.910858239895155 ], [ 28.10054492985104, -25.910853554785763 ], [ 28.100513697988788, -25.91085277342404 ], [ 28.100173258961583, -25.910810024105935 ], [ 28.098648312670576, -25.910658935596967 ], [ 28.097773401316275, -25.910542983098981 ], [ 28.097408037784042, -25.910482405947029 ], [ 28.097417095741459, -25.910434501142451 ], [ 28.09739266465704, -25.910165759056696 ], [ 28.097291182425291, -25.909853792659636 ], [ 28.097174666139416, -25.909611361684835 ], [ 28.097050630295303, -25.909425310049574 ], [ 28.096907523214163, -25.909265562154062 ], [ 28.097067284923703, -25.909064930069242 ], [ 28.097462721066776, -25.908563738061002 ], [ 28.098078865886635, -25.908623512975211 ], [ 28.098175425879294, -25.909133902750355 ], [ 28.098315628555149, -25.909168543779401 ], [ 28.09865213995554, -25.909255593556825 ], [ 28.098844431958888, -25.909255594339054 ], [ 28.098928883618537, -25.909250398191485 ], [ 28.098976864352888, -25.909233738141328 ], [ 28.098986806836916, -25.908229579564651 ], [ 28.099596004504868, -25.908284018566061 ], [ 28.100609607615688, -25.90839289705535 ], [ 28.100653677589911, -25.908429189271203 ], [ 28.100689971066842, -25.908478443769337 ], [ 28.100749593679616, -25.90850177511231 ], [ 28.101060673711242, -25.908530290900725 ], [ 28.101317248990277, -25.908543795045443 ] ] ] } },
{ "type": "Feature", "properties": { "EA_CODE": "79910236", "EA_TYPE": "Township", "White": 3.0, "Black_African": 1308.0, "Coloured": 6.0, "Indian_Asian": 0.0, "Other": 0.0, "area_km2": 0.07393, "sal2023_est": 2094.760449, "walk_typology": "Demand overcrowding", "walk_dist_k1_km": 0.31317233113439669, "exceeds_walk_k1_3km": false, "econ_status": "Non_Wealthy", "Ai_walk": 0.038624, "walk_snap_flag": false, "drive_typology": "Well-served", "walk_dist_k3_km": 1.6124340996031656, "PR_NAME": "Gauteng", "MN_NAME": "City of Tshwane", "SP_NAME": "Olievenhoutbos Ext 15" }, "geometry": { "type": "Polygon", "coordinates": [ [ [ 28.100865552525494, -25.910897358410015 ], [ 28.100818556390646, -25.911162371416967 ], [ 28.100741474918642, -25.911597020936018 ], [ 28.10069594593477, -25.911853758568721 ], [ 28.100544628055861, -25.912659689698057 ], [ 28.10043312710965, -25.912644227225712 ], [ 28.100236213029238, -25.912564705320783 ], [ 28.09998328893877, -25.912475318795959 ], [ 28.099879999614735, -25.912529999864923 ], [ 28.099844757239865, -25.912723836781172 ], [ 28.09732363555602, -25.912550912376734 ], [ 28.097160555241505, -25.912533083085098 ], [ 28.097217889333631, -25.912073260285979 ], [ 28.09727990579675, -25.911492554150861 ], [ 28.097273304458561, -25.911352836118002 ], [ 28.097268629838897, -25.911253880903644 ], [ 28.097332527449961, -25.91088177685781 ], [ 28.097408037784042, -25.910482405947029 ], [ 28.097773401316275, -25.910542983098981 ], [ 28.098648312670576, -25.910658935596967 ], [ 28.100173258961583, -25.910810024105935 ], [ 28.100513697988788, -25.91085277342404 ], [ 28.10054492985104, -25.910853554785763 ], [ 28.100562888853172, -25.910858239895155 ], [ 28.100593340595548, -25.910866829071786 ], [ 28.100630821995804, -25.910873076035227 ], [ 28.100865552525494, -25.910897358410015 ] ] ] } },
{ "type": "Feature", "properties": { "EA_CODE": "79910239", "EA_TYPE": "Township", "White": 11.0, "Black_African": 1468.0, "Coloured": 3.0, "Indian_Asian": 0.0, "Other": 2.0, "area_km2": 0.123199, "sal2023_est": 2360.383073, "walk_typology": "Well-served", "walk_dist_k1_km": 0.26073664358436571, "exceeds_walk_k1_3km": false, "econ_status": "Non_Wealthy", "Ai_walk": 0.0471, "walk_snap_flag": false, "drive_typology": "Well-served", "walk_dist_k3_km": 1.9977563525878976, "PR_NAME": "Gauteng", "MN_NAME": "City of Tshwane", "SP_NAME": "Olievenhoutbos Ext 15" }, "geometry": { "type": "Polygon", "coordinates": [ [ [ 28.095718271359935, -25.905865702384975 ], [ 28.095680960547853, -25.906095561664081 ], [ 28.095676488676954, -25.906214810102398 ], [ 28.095664563712951, -25.906345984320758 ], [ 28.095661583396449, -25.906442873930132 ], [ 28.095666055180782, -25.906527837764273 ], [ 28.095694375931743, -25.906605350349132 ], [ 28.095748037601044, -25.906657521268841 ], [ 28.09590157117713, -25.906682860773866 ], [ 28.096667743373633, -25.90677975085444 ], [ 28.09729678021079, -25.906866206265128 ], [ 28.09781253077962, -25.906937754954086 ], [ 28.097962177878497, -25.906977463259693 ], [ 28.098352537114579, -25.907106840100003 ], [ 28.098555523648795, -25.907173758702051 ], [ 28.098682670293517, -25.907204987012424 ], [ 28.098800894264702, -25.907233985871628 ], [ 28.098876733237027, -25.907278597314477 ], [ 28.098948114157874, -25.907327671204449 ], [ 28.098983804490672, -25.907372282635357 ], [ 28.099003879039891, -25.907454816612624 ], [ 28.099001648909947, -25.907682340283884 ], [ 28.098986806836916, -25.908229579564651 ], [ 28.098976864352888, -25.909233738141328 ], [ 28.098928883618537, -25.909250398191485 ], [ 28.098844431958888, -25.909255594339054 ], [ 28.09865213995554, -25.909255593556825 ], [ 28.098315628555149, -25.909168543779401 ], [ 28.098175425879294, -25.909133902750355 ], [ 28.098078865886635, -25.908623512975211 ], [ 28.097462721066776, -25.908563738061002 ], [ 28.097067284923703, -25.909064930069242 ], [ 28.096907523214163, -25.909265562154062 ], [ 28.096889009428732, -25.909244895936361 ], [ 28.096699199095717, -25.909070120371791 ], [ 28.096595836340345, -25.908953601822574 ], [ 28.096507508707322, -25.908808894873207 ], [ 28.096353404676467, -25.908645395865307 ], [ 28.096221852950581, -25.90852135961461 ], [ 28.096005732378924, -25.908387927825707 ], [ 28.095851628140014, -25.908250738597946 ], [ 28.095729473271572, -25.908081601673441 ], [ 28.095650541577204, -25.907965083735203 ], [ 28.095611075488495, -25.907955686707183 ], [ 28.095483282397939, -25.907997031662969 ], [ 28.0953630072861, -25.908036497664789 ], [ 28.094819885707079, -25.908220669923828 ], [ 28.094602142271452, -25.908298822710144 ], [ 28.094493506200042, -25.908313308214165 ], [ 28.094077069446982, -25.908262610973001 ], [ 28.093557213228305, -25.908198472962656 ], [ 28.093829469618854, -25.906389059432584 ], [ 28.093948046505044, -25.905600995341842 ], [ 28.095478381336818, -25.905824341409414 ], [ 28.095718271359935, -25.905865702384975 ] ] ] } },
{ "type": "Feature", "properties": { "EA_CODE": "79910019", "EA_TYPE": "Informal residential", "White": 0.0, "Black_African": 201.0, "Coloured": 2.0, "Indian_Asian": 0.0, "Other": 0.0, "area_km2": 0.278364, "sal2023_est": 546.601452, "walk_typology": "Well-served", "walk_dist_k1_km": 0.5728934598447194, "exceeds_walk_k1_3km": false, "econ_status": "Non_Wealthy", "Ai_walk": 0.049676, "walk_snap_flag": false, "drive_typology": "Well-served", "walk_dist_k3_km": 1.8272761293623287, "PR_NAME": "Gauteng", "MN_NAME": "City of Tshwane", "SP_NAME": "Olievenhoutbos Ext 4, 19, 22" }, "geometry": { "type": "Polygon", "coordinates": [ [ [ 28.104634599865737, -25.921467912835876 ], [ 28.104596874449495, -25.921644647946923 ], [ 28.104567895883061, -25.92174088410151 ], [ 28.10454486991387, -25.921838715435364 ], [ 28.104527881978559, -25.921937772920067 ], [ 28.104516996531814, -25.922037685880586 ], [ 28.104512256014022, -25.922138078391619 ], [ 28.104513674885986, -25.922238572031656 ], [ 28.104521249654482, -25.922338790321021 ], [ 28.10453495185806, -25.922438356066717 ], [ 28.104597091625351, -25.92269897514273 ], [ 28.104646683149628, -25.922924041873227 ], [ 28.104784012006114, -25.923604965000226 ], [ 28.104951858645933, -25.924379349110495 ], [ 28.105005263675604, -25.924636840973328 ], [ 28.105073928803879, -25.92496490466684 ], [ 28.105074246489227, -25.924966421809682 ], [ 28.105049133114349, -25.924970625769003 ], [ 28.103392548202198, -25.92525199287218 ], [ 28.10305023218584, -25.925310134047372 ], [ 28.100599289670054, -25.925729750627536 ], [ 28.098165513261144, -25.926151276308783 ], [ 28.098036981099369, -25.926173470108456 ], [ 28.098162822622101, -25.925461812124105 ], [ 28.098412145681216, -25.924215197012714 ], [ 28.098560051089613, -25.923312980254995 ], [ 28.09861160471544, -25.922998499351845 ], [ 28.098855940526608, -25.921961315436494 ], [ 28.098925009608958, -25.921546903072322 ], [ 28.099324151963717, -25.921621610423109 ], [ 28.099399527557978, -25.921637514616144 ], [ 28.099640175320125, -25.921643738120054 ], [ 28.100328229510993, -25.921611236599809 ], [ 28.10103080842719, -25.921586343005146 ], [ 28.101718864871497, -25.921585650988249 ], [ 28.102031386610257, -25.921555353794862 ], [ 28.102423516647548, -25.921533788083249 ], [ 28.103129553054732, -25.921501287282737 ], [ 28.103830747615469, -25.921481232883156 ], [ 28.104381192829468, -25.921441815675404 ], [ 28.104634599865737, -25.921467912835876 ] ] ] } },
{ "type": "Feature", "properties": { "EA_CODE": "79910023", "EA_TYPE": "Informal residential", "White": 1.0, "Black_African": 268.0, "Coloured": 0.0, "Indian_Asian": 0.0, "Other": 0.0, "area_km2": 0.103098, "sal2023_est": 724.31424, "walk_typology": "Demand overcrowding", "walk_dist_k1_km": 1.6091035548148449, "exceeds_walk_k1_3km": false, "econ_status": "Non_Wealthy", "Ai_walk": 0.021342, "walk_snap_flag": false, "drive_typology": "Well-served", "walk_dist_k3_km": 2.2327336462267331, "PR_NAME": "Gauteng", "MN_NAME": "City of Tshwane", "SP_NAME": "Olievenhoutbos Ext 4, 19, 22" }, "geometry": { "type": "Polygon", "coordinates": [ [ [ 28.109087441019426, -25.915840386944414 ], [ 28.109047787970333, -25.91624133933357 ], [ 28.109043382762856, -25.917210673697301 ], [ 28.109047788407516, -25.918083074755998 ], [ 28.1090521940569, -25.918589773273411 ], [ 28.10906981779592, -25.919003944372321 ], [ 28.108567525695467, -25.919083252633424 ], [ 28.107219269421869, -25.919228654089444 ], [ 28.107073112379428, -25.919263452953892 ], [ 28.107123052288468, -25.919190622576924 ], [ 28.107190734948656, -25.918948899038323 ], [ 28.107235855573698, -25.918697509027076 ], [ 28.107216518962797, -25.918423556096773 ], [ 28.107184290451826, -25.918223732407984 ], [ 28.107052146589471, -25.917894989613412 ], [ 28.107003801832036, -25.917840200328239 ], [ 28.106907113637106, -25.917824083603797 ], [ 28.106784640593137, -25.917811192917956 ], [ 28.10669762095873, -25.917814417096402 ], [ 28.106626715837773, -25.917820861593377 ], [ 28.106484906059688, -25.917820861703269 ], [ 28.106359209951581, -25.917827308113004 ], [ 28.106249629101061, -25.917830530883808 ], [ 28.106165833174845, -25.917830531193207 ], [ 28.106065919850792, -25.917804746879646 ], [ 28.106024021554344, -25.91778218733889 ], [ 28.105930554771106, -25.917775740626045 ], [ 28.105282739952745, -25.917782187377156 ], [ 28.105215059055091, -25.917672605766111 ], [ 28.105137707945094, -25.917472781581605 ], [ 28.105024163432617, -25.917337610383086 ], [ 28.105388152333074, -25.917051044216763 ], [ 28.105501515775416, -25.916947760070808 ], [ 28.106421988881092, -25.915683499431108 ], [ 28.106467308174206, -25.915732818856334 ], [ 28.106509961224653, -25.915783468716167 ], [ 28.106555281179322, -25.915811459996593 ], [ 28.10743901231012, -25.915847449018152 ], [ 28.108245883039377, -25.915840387195619 ], [ 28.108785249165379, -25.915840386626979 ], [ 28.109087441019426, -25.915840386944414 ] ] ] } },
{ "type": "Feature", "properties": { "EA_CODE": "79910022", "EA_TYPE": "Township", "White": 4.0, "Black_African": 283.0, "Coloured": 1.0, "Indian_Asian": 1.0, "Other": 3.0, "area_km2": 1.409981, "sal2023_est": 786.244453, "walk_typology": "Pharmacy desert", "walk_dist_k1_km": 3.113431678196267, "exceeds_walk_k1_3km": true, "econ_status": "Non_Wealthy", "Ai_walk": 0.0, "walk_snap_flag": false, "drive_typology": "Well-served", "walk_dist_k3_km": 3.3696759860249403, "PR_NAME": "Gauteng", "MN_NAME": "City of Tshwane", "SP_NAME": "Olievenhoutbos Ext 4, 19, 22" }, "geometry": { "type": "Polygon", "coordinates": [ [ [ 28.126530844807572, -25.912298454691818 ], [ 28.125690421661783, -25.913026536794757 ], [ 28.125267222202339, -25.913393166647857 ], [ 28.124986523238913, -25.914220490705475 ], [ 28.124973559708859, -25.914337844022466 ], [ 28.124846173191919, -25.915491024761359 ], [ 28.124821230475387, -25.915820048444388 ], [ 28.123906742004959, -25.915126331074891 ], [ 28.123393815220513, -25.914724305391257 ], [ 28.123147565232195, -25.914503706680012 ], [ 28.123050092493305, -25.91438571217526 ], [ 28.122824362774871, -25.914611439643025 ], [ 28.122675587202092, -25.914739696205043 ], [ 28.122357513121493, -25.914924384084312 ], [ 28.122029181135861, -25.915129592096818 ], [ 28.121823972708103, -25.915304018680175 ], [ 28.121695718068509, -25.915473315173831 ], [ 28.121593114141717, -25.915745216009416 ], [ 28.121536132943149, -25.916064547355198 ], [ 28.121516160641736, -25.916176153596282 ], [ 28.121550178381387, -25.916330991335439 ], [ 28.121622085742395, -25.916477203099831 ], [ 28.121519088874006, -25.916986464642896 ], [ 28.121408462956406, -25.917716980228128 ], [ 28.121057510280377, -25.917732239025739 ], [ 28.121023177335776, -25.917940140107088 ], [ 28.120946884306022, -25.918415070013548 ], [ 28.120935438982666, -25.918800354331058 ], [ 28.120813369567127, -25.919103621632832 ], [ 28.120801926025937, -25.919610977347862 ], [ 28.120737075591162, -25.920064925754563 ], [ 28.120748521272755, -25.920202255077278 ], [ 28.120695114421796, -25.920476913244364 ], [ 28.120718002426273, -25.920709611063788 ], [ 28.120706558290031, -25.920825958192612 ], [ 28.120649338377426, -25.920900345425046 ], [ 28.119401932186531, -25.92097091722864 ], [ 28.118200301571171, -25.921037675202371 ], [ 28.117753983115453, -25.921123505015373 ], [ 28.116945266933378, -25.921627045154761 ], [ 28.116205214751147, -25.921960830769294 ], [ 28.115865706881465, -25.922245025783216 ], [ 28.115694044808208, -25.922323227579781 ], [ 28.115072250229243, -25.922216415239888 ], [ 28.114397050468551, -25.922067641887764 ], [ 28.112840651785724, -25.922472000422033 ], [ 28.112668990387256, -25.922487260040654 ], [ 28.112272262614507, -25.922153473412976 ], [ 28.110887527304968, -25.920930862195021 ], [ 28.110703318032666, -25.92096802674293 ], [ 28.110608981363445, -25.920689618427829 ], [ 28.110443679736239, -25.920353598609921 ], [ 28.110183538004232, -25.919876666836739 ], [ 28.109855496454795, -25.919299834083724 ], [ 28.109715483182772, -25.919095199699758 ], [ 28.109580855824955, -25.918955188068317 ], [ 28.10906981779592, -25.919003944372321 ], [ 28.1090521940569, -25.918589773273411 ], [ 28.109047788407516, -25.918083074755998 ], [ 28.109043382762856, -25.917210673697301 ], [ 28.109047787970333, -25.91624133933357 ], [ 28.109087441019426, -25.915840386944414 ], [ 28.1093143175442, -25.915841642941636 ], [ 28.109673960789163, -25.915843633815431 ], [ 28.110983003075162, -25.915847385133901 ], [ 28.11174442278492, -25.915854886273223 ], [ 28.111924333159436, -25.91584044230315 ], [ 28.112258286800543, -25.915813628400137 ], [ 28.11250209069841, -25.915836132669398 ], [ 28.112607114008, -25.915836132823845 ], [ 28.112689632633579, -25.915881143211841 ], [ 28.112820911763325, -25.915922402387164 ], [ 28.112925934768228, -25.915903646565269 ], [ 28.113109727199692, -25.915911148575805 ], [ 28.113383593443331, -25.915911148884653 ], [ 28.11345480309755, -25.915911149026691 ], [ 28.113796129193062, -25.915888644034553 ], [ 28.11393115762041, -25.915112220335317 ], [ 28.114054937041747, -25.914425818954673 ], [ 28.114083336945093, -25.914224166702425 ], [ 28.114092444573735, -25.914159509329423 ], [ 28.114463777137516, -25.912317850405191 ], [ 28.114523791951164, -25.9119990297275 ], [ 28.114561298513657, -25.91165770326969 ], [ 28.114557547765152, -25.911552678961304 ], [ 28.114343751002913, -25.911552679343657 ], [ 28.114366255509342, -25.911413899062545 ], [ 28.11436625633441, -25.911327628740079 ], [ 28.115234383625864, -25.911149230045055 ], [ 28.115745115096093, -25.910944937724498 ], [ 28.11608560152121, -25.910570401633461 ], [ 28.116323942829585, -25.910195864966383 ], [ 28.11676657583731, -25.909957523671103 ], [ 28.116936820447616, -25.909787281271441 ], [ 28.117175160553884, -25.90961703941618 ], [ 28.117515648403913, -25.909378698416734 ], [ 28.118060428342439, -25.909106306971882 ], [ 28.118571157783848, -25.908799869136541 ], [ 28.11894569526299, -25.908629625401588 ], [ 28.119252132704258, -25.908323186337459 ], [ 28.119478226027795, -25.908178328933854 ], [ 28.121587753378414, -25.90964889482397 ], [ 28.123991013379328, -25.911523819628876 ], [ 28.125234604159989, -25.912229538695506 ], [ 28.125711440205706, -25.9122543325688 ], [ 28.126530844807572, -25.912298454691818 ] ] ] } },
{ "type": "Feature", "properties": { "EA_CODE": "79910395", "EA_TYPE": "Informal residential", "White": 0.0, "Black_African": 344.0, "Coloured": 0.0, "Indian_Asian": 0.0, "Other": 0.0, "area_km2": 0.08685, "sal2023_est": 926.260589, "walk_typology": "Demand overcrowding", "walk_dist_k1_km": 1.1827851747568616, "exceeds_walk_k1_3km": false, "econ_status": "Non_Wealthy", "Ai_walk": 0.044004, "walk_snap_flag": false, "drive_typology": "Well-served", "walk_dist_k3_km": 1.7528534259915274, "PR_NAME": "Gauteng", "MN_NAME": "City of Tshwane", "SP_NAME": "Olievenhoutbos Ext 4, 19, 22" }, "geometry": { "type": "Polygon", "coordinates": [ [ [ 28.107073112379428, -25.919263452953892 ], [ 28.106941687222509, -25.919294744284858 ], [ 28.10670375871943, -25.919413707850754 ], [ 28.10627196490773, -25.919488610924756 ], [ 28.105562587526471, -25.919625198727282 ], [ 28.105538454645018, -25.919630354137247 ], [ 28.105108762497778, -25.919722132655529 ], [ 28.104738654424771, -25.919761786864456 ], [ 28.10453156883559, -25.919761786987483 ], [ 28.104323800678852, -25.919764291219746 ], [ 28.104338563929083, -25.919581212230412 ], [ 28.10428727067767, -25.919578755343863 ], [ 28.103701840934558, -25.919584384043066 ], [ 28.10322751296961, -25.919652183851206 ], [ 28.103187885867985, -25.919621034153558 ], [ 28.103152525585443, -25.919585111784347 ], [ 28.103122003654065, -25.919544999276237 ], [ 28.103096812297792, -25.919501340259419 ], [ 28.103077357460929, -25.919454841320157 ], [ 28.103063950628275, -25.919406251296319 ], [ 28.102979108822833, -25.919217172293123 ], [ 28.102826391582653, -25.918914160926025 ], [ 28.102795987297682, -25.918843201939595 ], [ 28.102772131753277, -25.918769779686624 ], [ 28.102755023282466, -25.918694501210787 ], [ 28.102744800391122, -25.918617982136247 ], [ 28.102741547790661, -25.918540851136054 ], [ 28.102671250416865, -25.918414798687191 ], [ 28.102712457696956, -25.917959069947823 ], [ 28.103412179554656, -25.917933739242208 ], [ 28.10348627701725, -25.917926342028778 ], [ 28.103641830251366, -25.917905758996476 ], [ 28.10379634216785, -25.917878430999075 ], [ 28.10394951769392, -25.917844409947033 ], [ 28.104101070860771, -25.917803760323071 ], [ 28.104250711825273, -25.917756559281095 ], [ 28.104398158825123, -25.917702893846254 ], [ 28.105024163432617, -25.917337610383086 ], [ 28.105137707945094, -25.917472781581605 ], [ 28.105215059055091, -25.917672605766111 ], [ 28.105282739952745, -25.917782187377156 ], [ 28.105930554771106, -25.917775740626045 ], [ 28.106024021554344, -25.91778218733889 ], [ 28.106065919850792, -25.917804746879646 ], [ 28.106165833174845, -25.917830531193207 ], [ 28.106249629101061, -25.917830530883808 ], [ 28.106359209951581, -25.917827308113004 ], [ 28.106484906059688, -25.917820861703269 ], [ 28.106626715837773, -25.917820861593377 ], [ 28.10669762095873, -25.917814417096402 ], [ 28.106784640593137, -25.917811192917956 ], [ 28.106907113637106, -25.917824083603797 ], [ 28.107003801832036, -25.917840200328239 ], [ 28.107052146589471, -25.917894989613412 ], [ 28.107184290451826, -25.918223732407984 ], [ 28.107216518962797, -25.918423556096773 ], [ 28.107235855573698, -25.918697509027076 ], [ 28.107190734948656, -25.918948899038323 ], [ 28.107123052288468, -25.919190622576924 ], [ 28.107073112379428, -25.919263452953892 ] ] ] } },
{ "type": "Feature", "properties": { "EA_CODE": "79910033", "EA_TYPE": "Township", "White": 5.0, "Black_African": 396.0, "Coloured": 3.0, "Indian_Asian": 12.0, "Other": 0.0, "area_km2": 0.044293, "sal2023_est": 1120.129084, "walk_typology": "Demand overcrowding", "walk_dist_k1_km": 1.9561243030964519, "exceeds_walk_k1_3km": false, "econ_status": "Non_Wealthy", "Ai_walk": 0.0103, "walk_snap_flag": false, "drive_typology": "Well-served", "walk_dist_k3_km": 2.4058878806316581, "PR_NAME": "Gauteng", "MN_NAME": "City of Tshwane", "SP_NAME": "Olievenhoutbos Ext 4, 19, 22" }, "geometry": { "type": "Polygon", "coordinates": [ [ [ 28.10633051981355, -25.911927290809778 ], [ 28.105836855499025, -25.91219125942289 ], [ 28.105537889458891, -25.912108707639884 ], [ 28.105111544921034, -25.912014973426182 ], [ 28.103899035871205, -25.911745861859934 ], [ 28.103106822695178, -25.911736790700093 ], [ 28.102169468822709, -25.911697483000264 ], [ 28.101610081364743, -25.911691435734681 ], [ 28.101192808107552, -25.911688411370633 ], [ 28.100741474918642, -25.911597020936018 ], [ 28.100818556390646, -25.911162371416967 ], [ 28.101250371719068, -25.911193213827833 ], [ 28.101673594824732, -25.911199931733815 ], [ 28.101727338476294, -25.91118649725037 ], [ 28.102701425342254, -25.911240239339882 ], [ 28.103964376050126, -25.911280546035023 ], [ 28.103964376437613, -25.910790144296325 ], [ 28.103948281474882, -25.910507335443317 ], [ 28.104804947721561, -25.910671626607744 ], [ 28.105063123259956, -25.910800713658123 ], [ 28.105403442371674, -25.911094094436937 ], [ 28.105708555925233, -25.911234915705116 ], [ 28.106048876020431, -25.911387472550626 ], [ 28.10627184402405, -25.911669116839917 ], [ 28.10633051993306, -25.911774733611022 ], [ 28.10633051981355, -25.911927290809778 ] ] ] } },
{ "type": "Feature", "properties": { "EA_CODE": "79910034", "EA_TYPE": "Township", "White": 5.0, "Black_African": 437.0, "Coloured": 0.0, "Indian_Asian": 1.0, "Other": 2.0, "area_km2": 0.076135, "sal2023_est": 1198.215006, "walk_typology": "Connectivity gap", "walk_dist_k1_km": 2.0493398007250532, "exceeds_walk_k1_3km": false, "econ_status": "Non_Wealthy", "Ai_walk": 0.0, "walk_snap_flag": false, "drive_typology": "Well-served", "walk_dist_k3_km": 2.6038964368117772, "PR_NAME": "Gauteng", "MN_NAME": "City of Tshwane", "SP_NAME": "Olievenhoutbos Ext 4, 19, 22" }, "geometry": { "type": "Polygon", "coordinates": [ [ [ 28.103948281474882, -25.910507335443317 ], [ 28.103964376437613, -25.910790144296325 ], [ 28.103964376050126, -25.911280546035023 ], [ 28.102701425342254, -25.911240239339882 ], [ 28.101727338476294, -25.91118649725037 ], [ 28.101673594824732, -25.911199931733815 ], [ 28.101250371719068, -25.911193213827833 ], [ 28.100818556390646, -25.911162371416967 ], [ 28.100865552525494, -25.910897358410015 ], [ 28.100875457793983, -25.910841506043223 ], [ 28.10090537677392, -25.910632074807133 ], [ 28.101049985115225, -25.909894078218841 ], [ 28.101219523650727, -25.909081285088021 ], [ 28.101317248990277, -25.908543795045443 ], [ 28.10139641131622, -25.908129352349476 ], [ 28.102317092384091, -25.908230712079359 ], [ 28.102317091901977, -25.908383268577996 ], [ 28.10244617924263, -25.908653176705688 ], [ 28.102598736702685, -25.908981763101966 ], [ 28.102763028644436, -25.909239937294895 ], [ 28.103009467374918, -25.909404229152095 ], [ 28.103291111229268, -25.909404228560572 ], [ 28.103561020730332, -25.90949811018697 ], [ 28.103783987981853, -25.909662404190378 ], [ 28.103936545123517, -25.909873636399531 ], [ 28.103960015565068, -25.910014457952794 ], [ 28.103936545080252, -25.910167015219894 ], [ 28.10392481009977, -25.910237426399583 ], [ 28.103948281474882, -25.910507335443317 ] ] ] } },
{ "type": "Feature", "properties": { "EA_CODE": "79910230", "EA_TYPE": "Township", "White": 1.0, "Black_African": 510.0, "Coloured": 1.0, "Indian_Asian": 0.0, "Other": 0.0, "area_km2": 0.041875, "sal2023_est": 1378.620411, "walk_typology": "Demand overcrowding", "walk_dist_k1_km": 1.2990390342298961, "exceeds_walk_k1_3km": false, "econ_status": "Non_Wealthy", "Ai_walk": 0.031528, "walk_snap_flag": false, "drive_typology": "Well-served", "walk_dist_k3_km": 2.0638941065292213, "PR_NAME": "Gauteng", "MN_NAME": "City of Tshwane", "SP_NAME": "Olievenhoutbos Ext 4, 19, 22" }, "geometry": { "type": "Polygon", "coordinates": [ [ [ 28.102031386610257, -25.921555353794862 ], [ 28.101718864871497, -25.921585650988249 ], [ 28.10103080842719, -25.921586343005146 ], [ 28.100328229510993, -25.921611236599809 ], [ 28.099640175320125, -25.921643738120054 ], [ 28.099399527557978, -25.921637514616144 ], [ 28.099324151963717, -25.921621610423109 ], [ 28.098925009608958, -25.921546903072322 ], [ 28.099005534985814, -25.921063752351344 ], [ 28.09916216651251, -25.920137885984872 ], [ 28.09934033107459, -25.920126988361766 ], [ 28.099517952614264, -25.920109328362894 ], [ 28.099694774748077, -25.920084932314463 ], [ 28.09987054316537, -25.920053834654166 ], [ 28.100045001668608, -25.920016081572811 ], [ 28.100053061636764, -25.920526458017211 ], [ 28.102180768477265, -25.920447327276488 ], [ 28.102131276461758, -25.920573431377001 ], [ 28.102140906921456, -25.920686864309495 ], [ 28.102115222964514, -25.920690074386105 ], [ 28.102105593478591, -25.920836680671297 ], [ 28.102052087471417, -25.920854872721897 ], [ 28.102043959145554, -25.920871620879208 ], [ 28.102067655360663, -25.92133236795431 ], [ 28.102014998421218, -25.921337634057654 ], [ 28.102031386610257, -25.921555353794862 ] ] ] } },
{ "type": "Feature", "properties": { "EA_CODE": "79910021", "EA_TYPE": "Township", "White": 0.0, "Black_African": 534.0, "Coloured": 4.0, "Indian_Asian": 3.0, "Other": 2.0, "area_km2": 0.060933, "sal2023_est": 1462.091569, "walk_typology": "Demand overcrowding", "walk_dist_k1_km": 1.0364145094564781, "exceeds_walk_k1_3km": false, "econ_status": "Non_Wealthy", "Ai_walk": 0.044808, "walk_snap_flag": false, "drive_typology": "Well-served", "walk_dist_k3_km": 1.8012695817558031, "PR_NAME": "Gauteng", "MN_NAME": "City of Tshwane", "SP_NAME": "Olievenhoutbos Ext 4, 19, 22" }, "geometry": { "type": "Polygon", "coordinates": [ [ [ 28.104323800678852, -25.919764291219746 ], [ 28.104321521994432, -25.919792551938912 ], [ 28.104311295679562, -25.919925492182969 ], [ 28.104297661034565, -25.920106153648693 ], [ 28.104297660689912, -25.920256135698242 ], [ 28.104307790622567, -25.920452636987704 ], [ 28.104388595896602, -25.920834051846782 ], [ 28.104407866230218, -25.920922384761774 ], [ 28.104432419041718, -25.92100939892179 ], [ 28.104462164521756, -25.921094777190532 ], [ 28.104496995954921, -25.921178209783221 ], [ 28.104536785734524, -25.921259395199939 ], [ 28.104581390337451, -25.921338038381972 ], [ 28.104630648352572, -25.921413853435588 ], [ 28.104634599865737, -25.921467912835876 ], [ 28.104381192829468, -25.921441815675404 ], [ 28.103830747615469, -25.921481232883156 ], [ 28.103129553054732, -25.921501287282737 ], [ 28.102423516647548, -25.921533788083249 ], [ 28.102031386610257, -25.921555353794862 ], [ 28.102014998421218, -25.921337634057654 ], [ 28.102067655360663, -25.92133236795431 ], [ 28.102043959145554, -25.920871620879208 ], [ 28.102052087471417, -25.920854872721897 ], [ 28.102105593478591, -25.920836680671297 ], [ 28.102115222964514, -25.920690074386105 ], [ 28.102140906921456, -25.920686864309495 ], [ 28.102131276461758, -25.920573431377001 ], [ 28.102180768477265, -25.920447327276488 ], [ 28.100053061636764, -25.920526458017211 ], [ 28.100045001668608, -25.920016081572811 ], [ 28.100273698495936, -25.919955906717441 ], [ 28.102149509623096, -25.919763217026844 ], [ 28.102688597331262, -25.919708224909986 ], [ 28.10322751296961, -25.919652183851206 ], [ 28.103701840934558, -25.919584384043066 ], [ 28.10428727067767, -25.919578755343863 ], [ 28.104338563929083, -25.919581212230412 ], [ 28.104323800678852, -25.919764291219746 ] ] ] } },
{ "type": "Feature", "properties": { "EA_CODE": "79910026", "EA_TYPE": "Township", "White": 0.0, "Black_African": 731.0, "Coloured": 5.0, "Indian_Asian": 4.0, "Other": 2.0, "area_km2": 0.420218, "sal2023_est": 1997.922549, "walk_typology": "Demand overcrowding", "walk_dist_k1_km": 1.9177539760493032, "exceeds_walk_k1_3km": false, "econ_status": "Non_Wealthy", "Ai_walk": 0.019455, "walk_snap_flag": false, "drive_typology": "Well-served", "walk_dist_k3_km": 2.3277596207211784, "PR_NAME": "Gauteng", "MN_NAME": "City of Tshwane", "SP_NAME": "Olievenhoutbos Ext 4, 19, 22" }, "geometry": { "type": "Polygon", "coordinates": [ [ [ 28.112648373042724, -25.911087576022783 ], [ 28.112648373197942, -25.911833991619933 ], [ 28.112625867938846, -25.911875251320009 ], [ 28.112074496117742, -25.911924011937391 ], [ 28.111860697871769, -25.912411621404381 ], [ 28.111886953512169, -25.912452879876287 ], [ 28.111909459187288, -25.912524145802379 ], [ 28.111909458702723, -25.912644171641777 ], [ 28.111868199254197, -25.912839215555433 ], [ 28.11183069103166, -25.913041760795302 ], [ 28.11155312979804, -25.913049260755187 ], [ 28.111290570587443, -25.91303050827868 ], [ 28.110990503722363, -25.912996749626874 ], [ 28.110619172397929, -25.91296674434922 ], [ 28.110431629824696, -25.912921732785055 ], [ 28.110300351764774, -25.912899228885681 ], [ 28.110206580387381, -25.912914231744875 ], [ 28.110041542814844, -25.912921732828071 ], [ 28.109899012399485, -25.913514366200499 ], [ 28.109797738674168, -25.913529369369552 ], [ 28.109748978151384, -25.913735665131782 ], [ 28.109703969387333, -25.913896951006794 ], [ 28.10963270082204, -25.914212020623133 ], [ 28.108785013250053, -25.913716909547507 ], [ 28.10836867079658, -25.913495612201945 ], [ 28.108203633506442, -25.913416844419285 ], [ 28.10795607883788, -25.913750667814071 ], [ 28.107869810188955, -25.913900701600003 ], [ 28.107791041893186, -25.914005724840983 ], [ 28.107686019198628, -25.914118250358516 ], [ 28.107532234915737, -25.914294540416346 ], [ 28.107438464373761, -25.914440821977252 ], [ 28.107213413782688, -25.914800901676141 ], [ 28.106999615188023, -25.914999696420423 ], [ 28.106880461436855, -25.915033074360583 ], [ 28.106388308817696, -25.91472992437237 ], [ 28.106122585347357, -25.914881499275161 ], [ 28.105873701664652, -25.915019976086718 ], [ 28.105759552931026, -25.915098570584689 ], [ 28.105607976714307, -25.915186520936526 ], [ 28.105514412921785, -25.915227689556911 ], [ 28.10544891723141, -25.91523891724022 ], [ 28.105349737751546, -25.915250145344402 ], [ 28.105261786641226, -25.915263243426736 ], [ 28.105153252391581, -25.915295056438296 ], [ 28.10484635898089, -25.915341839988148 ], [ 28.104609852184513, -25.915381346419824 ], [ 28.104028600790507, -25.915478444095001 ], [ 28.103444755617421, -25.915588849782555 ], [ 28.103175289223344, -25.915646862193615 ], [ 28.103074240389276, -25.915697386025869 ], [ 28.103021841948809, -25.915746038966095 ], [ 28.10298441717546, -25.915772237676403 ], [ 28.102945118430696, -25.915781593634723 ], [ 28.102862781751416, -25.915790951111894 ], [ 28.102249457767773, -25.915816176243222 ], [ 28.102310060053284, -25.916284023173695 ], [ 28.102314908155353, -25.916434317908035 ], [ 28.102329453179745, -25.916720360104616 ], [ 28.102353693971555, -25.916827020426265 ], [ 28.102414296376747, -25.917040340954578 ], [ 28.102465201006456, -25.917285173021114 ], [ 28.102557316531438, -25.917563942789432 ], [ 28.102712457696956, -25.917959069947823 ], [ 28.102671250416865, -25.918414798687191 ], [ 28.102741547790661, -25.918540851136054 ], [ 28.102744800391122, -25.918617982136247 ], [ 28.102755023282466, -25.918694501210787 ], [ 28.102772131753277, -25.918769779686624 ], [ 28.102795987297682, -25.918843201939595 ], [ 28.102826391582653, -25.918914160926025 ], [ 28.102979108822833, -25.919217172293123 ], [ 28.103063950628275, -25.919406251296319 ], [ 28.103077357460929, -25.919454841320157 ], [ 28.103096812297792, -25.919501340259419 ], [ 28.103122003654065, -25.919544999276237 ], [ 28.103152525585443, -25.919585111784347 ], [ 28.103187885867985, -25.919621034153558 ], [ 28.10322751296961, -25.919652183851206 ], [ 28.102688597331262, -25.919708224909986 ], [ 28.102149509623096, -25.919763217026844 ], [ 28.100273698495936, -25.919955906717441 ], [ 28.100045001668608, -25.920016081572811 ], [ 28.09987054316537, -25.920053834654166 ], [ 28.099694774748077, -25.920084932314463 ], [ 28.099517952614264, -25.920109328362894 ], [ 28.09934033107459, -25.920126988361766 ], [ 28.09916216651251, -25.920137885984872 ], [ 28.099229925696108, -25.919737353599533 ], [ 28.099304722927378, -25.91925366734759 ], [ 28.099567472800789, -25.917954927827548 ], [ 28.099653774183984, -25.917528351428317 ], [ 28.099793395897702, -25.916655719592637 ], [ 28.100042719474548, -25.915289429839415 ], [ 28.105836855499025, -25.91219125942289 ], [ 28.10633051981355, -25.911927290809778 ], [ 28.106814170171571, -25.912004674023397 ], [ 28.107169909737102, -25.91202403222497 ], [ 28.107613147991401, -25.91202403205418 ], [ 28.108077492881947, -25.911960711897652 ], [ 28.108552393419451, -25.911802411995232 ], [ 28.108826779386192, -25.911591346347318 ], [ 28.109259463357862, -25.911369726763233 ], [ 28.109681595454965, -25.911243087840216 ], [ 28.110504751616865, -25.91106368013703 ], [ 28.11131735603632, -25.910947595351026 ], [ 28.111570635003105, -25.91096870156894 ], [ 28.112298813358922, -25.910958149348037 ], [ 28.112648373042724, -25.911087576022783 ] ] ] } },
{ "type": "Feature", "properties": { "EA_CODE": "79910031", "EA_TYPE": "Township", "White": 0.0, "Black_African": 731.0, "Coloured": 5.0, "Indian_Asian": 4.0, "Other": 2.0, "area_km2": 1.977646, "sal2023_est": 1997.922549, "walk_typology": "Demand overcrowding", "walk_dist_k1_km": 1.9305814971355684, "exceeds_walk_k1_3km": false, "econ_status": "Non_Wealthy", "Ai_walk": 0.010379, "walk_snap_flag": false, "drive_typology": "Well-served", "walk_dist_k3_km": 2.9659576861758024, "PR_NAME": "Gauteng", "MN_NAME": "City of Tshwane", "SP_NAME": "Olievenhoutbos Ext 4, 19, 22" }, "geometry": { "type": "Polygon", "coordinates": [ [ [ 28.124567245312619, -25.902507300868006 ], [ 28.124567031709674, -25.902515411379188 ], [ 28.124570847418575, -25.902751922693103 ], [ 28.12455940169691, -25.903192519700827 ], [ 28.12455558841404, -25.903806685904001 ], [ 28.12454795785019, -25.904060364114258 ], [ 28.124540330204955, -25.904197693213948 ], [ 28.124547958474036, -25.904317855623042 ], [ 28.124532700423529, -25.904514312750127 ], [ 28.124525070035855, -25.904853821434287 ], [ 28.124525069585196, -25.905454635798488 ], [ 28.124521254807373, -25.90581131037915 ], [ 28.124517441195955, -25.906562804963315 ], [ 28.12455940210792, -25.906898498828436 ], [ 28.124078750952858, -25.906955718862552 ], [ 28.123991013204396, -25.906982422178107 ], [ 28.123872758279038, -25.906982421593714 ], [ 28.123796462088986, -25.907007216776012 ], [ 28.123609543058269, -25.907032013361814 ], [ 28.123018265322234, -25.907117843865596 ], [ 28.122308729868411, -25.907236099237068 ], [ 28.121816634519003, -25.907325744643217 ], [ 28.121194838821744, -25.907255173262545 ], [ 28.120972137073572, -25.907230670011892 ], [ 28.120837403865384, -25.907237888372659 ], [ 28.120693045702794, -25.907235482164534 ], [ 28.12060161935548, -25.907235481901974 ], [ 28.120478914890796, -25.907242699952214 ], [ 28.120382310476497, -25.907262801790033 ], [ 28.120180129433241, -25.907512665208586 ], [ 28.119886398254341, -25.907730103114812 ], [ 28.119749069343037, -25.907865523855826 ], [ 28.119607924983839, -25.908023834215612 ], [ 28.119478226027795, -25.908178328933854 ], [ 28.119252132704258, -25.908323186337459 ], [ 28.11894569526299, -25.908629625401588 ], [ 28.118571157783848, -25.908799869136541 ], [ 28.118060428342439, -25.909106306971882 ], [ 28.117515648403913, -25.909378698416734 ], [ 28.117175160553884, -25.90961703941618 ], [ 28.116936820447616, -25.909787281271441 ], [ 28.11676657583731, -25.909957523671103 ], [ 28.116323942829585, -25.910195864966383 ], [ 28.11608560152121, -25.910570401633461 ], [ 28.115745115096093, -25.910944937724498 ], [ 28.115234383625864, -25.911149230045055 ], [ 28.11436625633441, -25.911327628740079 ], [ 28.113931157995687, -25.911252613601754 ], [ 28.11374361732895, -25.911211353260867 ], [ 28.113507314328309, -25.911200101025646 ], [ 28.112989697950372, -25.911113832098462 ], [ 28.112648373042724, -25.911087576022783 ], [ 28.112298813358922, -25.910958149348037 ], [ 28.111570635003105, -25.91096870156894 ], [ 28.11131735603632, -25.910947595351026 ], [ 28.110504751616865, -25.91106368013703 ], [ 28.109681595454965, -25.911243087840216 ], [ 28.109259463357862, -25.911369726763233 ], [ 28.108826779386192, -25.911591346347318 ], [ 28.108552393419451, -25.911802411995232 ], [ 28.108077492881947, -25.911960711897652 ], [ 28.107613147991401, -25.91202403205418 ], [ 28.107169909737102, -25.91202403222497 ], [ 28.106814170171571, -25.912004674023397 ], [ 28.10633051981355, -25.911927290809778 ], [ 28.10633051993306, -25.911774733611022 ], [ 28.10627184402405, -25.911669116839917 ], [ 28.106048876020431, -25.911387472550626 ], [ 28.105708555925233, -25.911234915705116 ], [ 28.105403442371674, -25.911094094436937 ], [ 28.105063123259956, -25.910800713658123 ], [ 28.104804947721561, -25.910671626607744 ], [ 28.103948281474882, -25.910507335443317 ], [ 28.10392481009977, -25.910237426399583 ], [ 28.103936545080252, -25.910167015219894 ], [ 28.103960015565068, -25.910014457952794 ], [ 28.103936545123517, -25.909873636399531 ], [ 28.103783987981853, -25.909662404190378 ], [ 28.103561020730332, -25.90949811018697 ], [ 28.103291111229268, -25.909404228560572 ], [ 28.103009467374918, -25.909404229152095 ], [ 28.102763028644436, -25.909239937294895 ], [ 28.102598736702685, -25.908981763101966 ], [ 28.10244617924263, -25.908653176705688 ], [ 28.102317091901977, -25.908383268577996 ], [ 28.102317092384091, -25.908230712079359 ], [ 28.10139641131622, -25.908129352349476 ], [ 28.101493780963558, -25.907620250937168 ], [ 28.101645212275056, -25.906721597764289 ], [ 28.10190754839434, -25.905303350167646 ], [ 28.101938387365326, -25.905136616729607 ], [ 28.102396472802514, -25.902662949203123 ], [ 28.102413667145282, -25.902569379766206 ], [ 28.102641027515752, -25.901332008681209 ], [ 28.103389888403065, -25.901441796882938 ], [ 28.104328865136132, -25.901538456263651 ], [ 28.105392119376845, -25.901673090431661 ], [ 28.106400137979406, -25.901807721977733 ], [ 28.106710829465879, -25.901859503816649 ], [ 28.106952477962729, -25.901921641881941 ], [ 28.107249360348561, -25.902042465681969 ], [ 28.107832769136937, -25.902439460162462 ], [ 28.107929129757391, -25.902494522700582 ], [ 28.10826773603802, -25.902688012690561 ], [ 28.108467958731236, -25.902822645663456 ], [ 28.108706155296094, -25.902888236301507 ], [ 28.109513951491294, -25.903012511756977 ], [ 28.109748695699704, -25.903047034157304 ], [ 28.109914398039272, -25.903088459114489 ], [ 28.110156047343125, -25.903091910017412 ], [ 28.110480546093747, -25.903126431995876 ], [ 28.110770523985419, -25.903150596977365 ], [ 28.110874087675029, -25.903178213982329 ], [ 28.111067407042789, -25.90334046416455 ], [ 28.111978766791545, -25.904248372063488 ], [ 28.112040905136531, -25.904282893397838 ], [ 28.112289458088963, -25.904310509616963 ], [ 28.112548367149618, -25.904358840448396 ], [ 28.112731330620779, -25.904383005407965 ], [ 28.11280037224542, -25.904369195795823 ], [ 28.112841796781407, -25.904331222747924 ], [ 28.112905679463001, -25.903923594949205 ], [ 28.112914292206835, -25.903868639327186 ], [ 28.113035116321683, -25.902991800956684 ], [ 28.113051637276623, -25.902894068791806 ], [ 28.113280217070418, -25.901541907831142 ], [ 28.114674873627457, -25.901997587611284 ], [ 28.11533768215762, -25.902204716422183 ], [ 28.11672888742731, -25.902663847983863 ], [ 28.117301938127021, -25.902870975387074 ], [ 28.11744347659986, -25.902891687680004 ], [ 28.117464189248732, -25.902857166719674 ], [ 28.117424556257173, -25.902777689977817 ], [ 28.117086410878496, -25.902099609315542 ], [ 28.117234674203512, -25.901963295136316 ], [ 28.119524001138167, -25.899858474852724 ], [ 28.119562404069079, -25.899837305321899 ], [ 28.119672775382167, -25.899776458727128 ], [ 28.119871140267556, -25.899610518574665 ], [ 28.120077133302047, -25.8999595635579 ], [ 28.120267866543241, -25.90028381262195 ], [ 28.120336532661792, -25.900390625022872 ], [ 28.120405196721457, -25.900161743431866 ], [ 28.120473861644637, -25.900018690622563 ], [ 28.120550156406249, -25.899925232411768 ], [ 28.120607374612728, -25.899883269900329 ], [ 28.120622634610516, -25.899906157634828 ], [ 28.120683668588111, -25.899993895692415 ], [ 28.120840073347406, -25.900072097907834 ], [ 28.120946883569342, -25.900148391800027 ], [ 28.121023177028505, -25.900224685877959 ], [ 28.121133803677019, -25.900327682009873 ], [ 28.121160507476855, -25.900367737252704 ], [ 28.121274947996636, -25.900478363003081 ], [ 28.121320723549651, -25.900512695386745 ], [ 28.121366501373757, -25.900554657164715 ], [ 28.121419906670575, -25.900648115905007 ], [ 28.121461867837588, -25.900768280350523 ], [ 28.12148094204338, -25.900836944841522 ], [ 28.121538162049053, -25.900991440135748 ], [ 28.121538161819572, -25.90110206501426 ], [ 28.121515272749608, -25.901256561416723 ], [ 28.121473312193078, -25.901428223000881 ], [ 28.121454239857275, -25.901567458105944 ], [ 28.121454240497023, -25.901645660168445 ], [ 28.121446608515146, -25.901729584191603 ], [ 28.121438979305871, -25.901807783865713 ], [ 28.121564865342108, -25.901819228561152 ], [ 28.121629716180596, -25.901842117214905 ], [ 28.121751785371416, -25.901840210433086 ], [ 28.121873855819668, -25.901845931158071 ], [ 28.121988297243405, -25.901845931410101 ], [ 28.122072220251368, -25.901868820358739 ], [ 28.122182844802246, -25.901906967320123 ], [ 28.12231254583314, -25.901977539218041 ], [ 28.122346877229436, -25.901847838724116 ], [ 28.122358322158714, -25.901767730567624 ], [ 28.12241935719257, -25.901659012391132 ], [ 28.122529984391672, -25.901691436550692 ], [ 28.122594833410073, -25.901716231688674 ], [ 28.122648238736719, -25.90170669631355 ], [ 28.122720718349832, -25.901725769386786 ], [ 28.122793197810111, -25.901807783814711 ], [ 28.122941970980783, -25.901874541724776 ], [ 28.12312126209612, -25.901908875059885 ], [ 28.123231887693048, -25.901920319126081 ], [ 28.123308181994972, -25.901920318587873 ], [ 28.123529434446599, -25.901947021049804 ], [ 28.123712540135589, -25.901960374328226 ], [ 28.123846053482758, -25.901956557766798 ], [ 28.124002456805897, -25.901943206996741 ], [ 28.1240863790884, -25.90192794766617 ], [ 28.124582291345877, -25.90193366936774 ], [ 28.124567245312619, -25.902507300868006 ] ] ] } },
{ "type": "Feature", "properties": { "EA_CODE": "79910032", "EA_TYPE": "Township", "White": 0.0, "Black_African": 731.0, "Coloured": 5.0, "Indian_Asian": 4.0, "Other": 2.0, "area_km2": 0.111647, "sal2023_est": 1997.922549, "walk_typology": "Connectivity gap", "walk_dist_k1_km": 2.4001752242996641, "exceeds_walk_k1_3km": false, "econ_status": "Non_Wealthy", "Ai_walk": 0.0, "walk_snap_flag": false, "drive_typology": "Well-served", "walk_dist_k3_km": 2.5632411920075091, "PR_NAME": "Gauteng", "MN_NAME": "City of Tshwane", "SP_NAME": "Olievenhoutbos Ext 4, 19, 22" }, "geometry": { "type": "Polygon", "coordinates": [ [ [ 28.105836855499025, -25.91219125942289 ], [ 28.100042719474548, -25.915289429839415 ], [ 28.100187326827683, -25.914566393436395 ], [ 28.100466568700675, -25.913075440775643 ], [ 28.100544628055861, -25.912659689698057 ], [ 28.10069594593477, -25.911853758568721 ], [ 28.100741474918642, -25.911597020936018 ], [ 28.101192808107552, -25.911688411370633 ], [ 28.101610081364743, -25.911691435734681 ], [ 28.102169468822709, -25.911697483000264 ], [ 28.103106822695178, -25.911736790700093 ], [ 28.103899035871205, -25.911745861859934 ], [ 28.105111544921034, -25.912014973426182 ], [ 28.105537889458891, -25.912108707639884 ], [ 28.105836855499025, -25.91219125942289 ] ] ] } },
{ "type": "Feature", "properties": { "EA_CODE": "79910025", "EA_TYPE": "Township", "White": 0.0, "Black_African": 995.0, "Coloured": 0.0, "Indian_Asian": 0.0, "Other": 12.0, "area_km2": 0.073557, "sal2023_est": 2711.466317, "walk_typology": "Connectivity gap", "walk_dist_k1_km": 2.3439804220581748, "exceeds_walk_k1_3km": false, "econ_status": "Non_Wealthy", "Ai_walk": 0.0, "walk_snap_flag": false, "drive_typology": "Well-served", "walk_dist_k3_km": 2.7570123231594339, "PR_NAME": "Gauteng", "MN_NAME": "City of Tshwane", "SP_NAME": "Olievenhoutbos Ext 4, 19, 22" }, "geometry": { "type": "Polygon", "coordinates": [ [ [ 28.114083336945093, -25.914224166702425 ], [ 28.114054937041747, -25.914425818954673 ], [ 28.11393115762041, -25.915112220335317 ], [ 28.113796129193062, -25.915888644034553 ], [ 28.11345480309755, -25.915911149026691 ], [ 28.113383593443331, -25.915911148884653 ], [ 28.113109727199692, -25.915911148575805 ], [ 28.112925934768228, -25.915903646565269 ], [ 28.112820911763325, -25.915922402387164 ], [ 28.112689632633579, -25.915881143211841 ], [ 28.112607114008, -25.915836132823845 ], [ 28.11250209069841, -25.915836132669398 ], [ 28.112258286800543, -25.915813628400137 ], [ 28.111924333159436, -25.91584044230315 ], [ 28.11174442278492, -25.915854886273223 ], [ 28.110983003075162, -25.915847385133901 ], [ 28.109673960789163, -25.915843633815431 ], [ 28.1093143175442, -25.915841642941636 ], [ 28.109285078850551, -25.915613575167274 ], [ 28.109692554937467, -25.915605585949866 ], [ 28.10978843121929, -25.915565638431666 ], [ 28.109804410150566, -25.91550171960078 ], [ 28.10990827807829, -25.914526974595535 ], [ 28.109952093725099, -25.914412929857971 ], [ 28.110174232613161, -25.914436730836908 ], [ 28.110480999386979, -25.914479043409393 ], [ 28.111049572241978, -25.914502843961749 ], [ 28.111382783039058, -25.914508133825407 ], [ 28.11162608004431, -25.914500198949646 ], [ 28.11179268633181, -25.914420862614687 ], [ 28.111948711617021, -25.914323015834935 ], [ 28.112068032688637, -25.914290473987368 ], [ 28.112157464822786, -25.913895748176962 ], [ 28.112762205327577, -25.913989856185427 ], [ 28.113649854970866, -25.91415909476174 ], [ 28.113797676548028, -25.914183444880937 ], [ 28.114083336945093, -25.914224166702425 ] ] ] } },
{ "type": "Feature", "properties": { "EA_CODE": "79910203", "EA_TYPE": "Township", "White": 0.0, "Black_African": 919.0, "Coloured": 8.0, "Indian_Asian": 0.0, "Other": 4.0, "area_km2": 0.084686, "sal2023_est": 1480.806362, "walk_typology": "Well-served", "walk_dist_k1_km": 0.43651140573683639, "exceeds_walk_k1_3km": false, "econ_status": "Non_Wealthy", "Ai_walk": 0.050971, "walk_snap_flag": false, "drive_typology": "Well-served", "walk_dist_k3_km": 1.5999724366584045, "PR_NAME": "Gauteng", "MN_NAME": "City of Tshwane", "SP_NAME": "Olievenhoutbos Ext 24" }, "geometry": { "type": "Polygon", "coordinates": [ [ [ 28.091916502810992, -25.924049894358969 ], [ 28.091460801186159, -25.924098788935897 ], [ 28.091071121911853, -25.92414691143405 ], [ 28.090568777016642, -25.92420894659794 ], [ 28.090160410808313, -25.924259376948125 ], [ 28.090160370109739, -25.9242591858408 ], [ 28.089420033900719, -25.924335522246206 ], [ 28.089345981476573, -25.923877971277477 ], [ 28.089301282683103, -25.923594875286071 ], [ 28.08925658429337, -25.923237280563605 ], [ 28.089241685495036, -25.922929353049323 ], [ 28.089157252113278, -25.922253897733565 ], [ 28.089137386116199, -25.922179399347915 ], [ 28.089112551833061, -25.922104900374435 ], [ 28.089092686658624, -25.921757239418476 ], [ 28.089093900107255, -25.921752386271194 ], [ 28.089147319422807, -25.921538707624425 ], [ 28.08915232878585, -25.921458545324917 ], [ 28.089279191575553, -25.921413237165346 ], [ 28.089527295054204, -25.921326688791549 ], [ 28.089648461905771, -25.921338228731191 ], [ 28.089856175497619, -25.921361308625094 ], [ 28.091494810388252, -25.92117667364522 ], [ 28.091752340211229, -25.921108902940574 ], [ 28.091765991655997, -25.921211293007289 ], [ 28.091754452094328, -25.92161518117576 ], [ 28.091765991796603, -25.921776736621936 ], [ 28.091794840862978, -25.9221113872565 ], [ 28.091881388753418, -25.923126878891168 ], [ 28.091916502810992, -25.924049894358969 ] ] ] } },
{ "type": "Feature", "properties": { "EA_CODE": "79910207", "EA_TYPE": "Township", "White": 0.0, "Black_African": 1089.0, "Coloured": 13.0, "Indian_Asian": 0.0, "Other": 0.0, "area_km2": 0.060715, "sal2023_est": 1752.791204, "walk_typology": "Well-served", "walk_dist_k1_km": 0.4202289981993988, "exceeds_walk_k1_3km": false, "econ_status": "Non_Wealthy", "Ai_walk": 0.048979, "walk_snap_flag": false, "drive_typology": "Well-served", "walk_dist_k3_km": 1.4579115021576237, "PR_NAME": "Gauteng", "MN_NAME": "City of Tshwane", "SP_NAME": "Olievenhoutbos Ext 24" }, "geometry": { "type": "Polygon", "coordinates": [ [ [ 28.093216403901497, -25.920718469591897 ], [ 28.093196909684831, -25.920726626210467 ], [ 28.092810331632418, -25.920899721825638 ], [ 28.092683396474811, -25.920980499247463 ], [ 28.092325666583012, -25.921015117767499 ], [ 28.091933316884571, -25.921061277011376 ], [ 28.091752340211229, -25.921108902940574 ], [ 28.091729337935615, -25.92072855968636 ], [ 28.091556219029858, -25.920223053005675 ], [ 28.090546311126989, -25.918295333297962 ], [ 28.091298940033248, -25.918277196639806 ], [ 28.092576040296965, -25.918243588782264 ], [ 28.093243527963441, -25.918227619656314 ], [ 28.093249545726163, -25.9188069847972 ], [ 28.093252823189719, -25.918942467297594 ], [ 28.093251754250687, -25.919069803265131 ], [ 28.093253893625633, -25.919119026446026 ], [ 28.093264594714434, -25.919175738653749 ], [ 28.093265664511506, -25.919236730997351 ], [ 28.093265664529216, -25.919461442318717 ], [ 28.093284929738282, -25.919686739651446 ], [ 28.093283081217713, -25.919908581963139 ], [ 28.093291400721721, -25.920048158047944 ], [ 28.093289552252681, -25.920062946945798 ], [ 28.093168463012368, -25.920064795744519 ], [ 28.093183252902168, -25.920231176897232 ], [ 28.093186024678108, -25.920351341984613 ], [ 28.093196192745758, -25.920479824715937 ], [ 28.093216403901497, -25.920718469591897 ] ] ] } },
{ "type": "Feature", "properties": { "EA_CODE": "79910206", "EA_TYPE": "Township", "White": 1.0, "Black_African": 1169.0, "Coloured": 6.0, "Indian_Asian": 3.0, "Other": 14.0, "area_km2": 0.064857, "sal2023_est": 1897.531675, "walk_typology": "Well-served", "walk_dist_k1_km": 0.38244450351468778, "exceeds_walk_k1_3km": false, "econ_status": "Non_Wealthy", "Ai_walk": 0.048816, "walk_snap_flag": false, "drive_typology": "Well-served", "walk_dist_k3_km": 1.4201270074729129, "PR_NAME": "Gauteng", "MN_NAME": "City of Tshwane", "SP_NAME": "Olievenhoutbos Ext 24" }, "geometry": { "type": "Polygon", "coordinates": [ [ [ 28.091752340211229, -25.921108902940574 ], [ 28.091494810388252, -25.92117667364522 ], [ 28.089856175497619, -25.921361308625094 ], [ 28.089648461905771, -25.921338228731191 ], [ 28.089527295054204, -25.921326688791549 ], [ 28.089279191575553, -25.921413237165346 ], [ 28.08915232878585, -25.921458545324917 ], [ 28.089157252123968, -25.92137977864288 ], [ 28.08917215178456, -25.921260580312968 ], [ 28.089199104856387, -25.921203979350473 ], [ 28.08922181846048, -25.921156282086475 ], [ 28.089281416829177, -25.921012251364875 ], [ 28.089301283428583, -25.920878153142784 ], [ 28.089336049124338, -25.920505659153459 ], [ 28.089331082717937, -25.920153032219694 ], [ 28.089341016499446, -25.91947261026634 ], [ 28.089316182523863, -25.918767353612701 ], [ 28.08931121632758, -25.918434593887149 ], [ 28.089303631824368, -25.918332746581342 ], [ 28.090369121568692, -25.91829960263442 ], [ 28.090546311126989, -25.918295333297962 ], [ 28.091556219029858, -25.920223053005675 ], [ 28.091729337935615, -25.92072855968636 ], [ 28.091752340211229, -25.921108902940574 ] ] ] } },
{ "type": "Feature", "properties": { "EA_CODE": "79910205", "EA_TYPE": "Township", "White": 1.0, "Black_African": 1265.0, "Coloured": 1.0, "Indian_Asian": 1.0, "Other": 0.0, "area_km2": 0.068833, "sal2023_est": 2016.823272, "walk_typology": "Well-served", "walk_dist_k1_km": 0.22484265565577491, "exceeds_walk_k1_3km": false, "econ_status": "Non_Wealthy", "Ai_walk": 0.05273, "walk_snap_flag": false, "drive_typology": "Well-served", "walk_dist_k3_km": 1.2348135138425935, "PR_NAME": "Gauteng", "MN_NAME": "City of Tshwane", "SP_NAME": "Olievenhoutbos Ext 24" }, "geometry": { "type": "Polygon", "coordinates": [ [ [ 28.092896235296259, -25.923944773297148 ], [ 28.091916502810992, -25.924049894358969 ], [ 28.091881388753418, -25.923126878891168 ], [ 28.091794840862978, -25.9221113872565 ], [ 28.091765991796603, -25.921776736621936 ], [ 28.091754452094328, -25.92161518117576 ], [ 28.091765991655997, -25.921211293007289 ], [ 28.091752340211229, -25.921108902940574 ], [ 28.091933316884571, -25.921061277011376 ], [ 28.092325666583012, -25.921015117767499 ], [ 28.092683396474811, -25.920980499247463 ], [ 28.092810331632418, -25.920899721825638 ], [ 28.093196909684831, -25.920726626210467 ], [ 28.093216403901497, -25.920718469591897 ], [ 28.09376235548325, -25.920490063412593 ], [ 28.093865260091182, -25.920418822231266 ], [ 28.093987378542273, -25.920334278979205 ], [ 28.094148936352081, -25.920293889138911 ], [ 28.094350151453565, -25.92028534087946 ], [ 28.094337830132954, -25.92090756727389 ], [ 28.094276222711944, -25.921462026213312 ], [ 28.094103725946194, -25.921800862654077 ], [ 28.093610872495539, -25.922546302414585 ], [ 28.093450694815353, -25.922749603914003 ], [ 28.093364446025937, -25.922915941924032 ], [ 28.093401410237746, -25.923162368722444 ], [ 28.09340141006183, -25.923267099840537 ], [ 28.093087216451625, -25.923649060940143 ], [ 28.092896235296259, -25.923944773297148 ] ] ] } },
{ "type": "Feature", "properties": { "EA_CODE": "79910229", "EA_TYPE": "Township", "White": 1.0, "Black_African": 1268.0, "Coloured": 0.0, "Indian_Asian": 0.0, "Other": 59.0, "area_km2": 0.135682, "sal2023_est": 2112.25655, "walk_typology": "Well-served", "walk_dist_k1_km": 0.89019283900820689, "exceeds_walk_k1_3km": false, "econ_status": "Non_Wealthy", "Ai_walk": 0.049599, "walk_snap_flag": false, "drive_typology": "Well-served", "walk_dist_k3_km": 1.3096938848737063, "PR_NAME": "Gauteng", "MN_NAME": "City of Tshwane", "SP_NAME": "Olievenhoutbos Ext 24" }, "geometry": { "type": "Polygon", "coordinates": [ [ [ 28.099567472800789, -25.917954927827548 ], [ 28.099304722927378, -25.91925366734759 ], [ 28.099229925696108, -25.919737353599533 ], [ 28.097621462004117, -25.919971145689701 ], [ 28.097193020518443, -25.920001417058252 ], [ 28.096487899573024, -25.92005123543057 ], [ 28.094350151453565, -25.92028534087946 ], [ 28.094148936352081, -25.920293889138911 ], [ 28.093987378542273, -25.920334278979205 ], [ 28.093865260091182, -25.920418822231266 ], [ 28.09376235548325, -25.920490063412593 ], [ 28.093216403901497, -25.920718469591897 ], [ 28.093196192745758, -25.920479824715937 ], [ 28.093186024678108, -25.920351341984613 ], [ 28.093183252902168, -25.920231176897232 ], [ 28.093168463012368, -25.920064795744519 ], [ 28.093289552252681, -25.920062946945798 ], [ 28.093291400721721, -25.920048158047944 ], [ 28.093283081217713, -25.919908581963139 ], [ 28.093284929738282, -25.919686739651446 ], [ 28.093265664529216, -25.919461442318717 ], [ 28.093265664511506, -25.919236730997351 ], [ 28.093264594714434, -25.919175738653749 ], [ 28.093253893625633, -25.919119026446026 ], [ 28.093251754250687, -25.919069803265131 ], [ 28.093252823189719, -25.918942467297594 ], [ 28.093249545726163, -25.9188069847972 ], [ 28.093243527963441, -25.918227619656314 ], [ 28.093308443926038, -25.918226067279317 ], [ 28.09335649030222, -25.918224918418982 ], [ 28.093845671306752, -25.918209980007568 ], [ 28.095152645189451, -25.91817637501401 ], [ 28.096116071057565, -25.918150234246571 ], [ 28.096623924986332, -25.918150234404347 ], [ 28.09700481289731, -25.918150234050692 ], [ 28.09721019532169, -25.918153969444642 ], [ 28.097348360547116, -25.918183842104732 ], [ 28.097497729384241, -25.918150234050987 ], [ 28.097639628989739, -25.918034473986257 ], [ 28.097720114388633, -25.917834375595522 ], [ 28.09796590563867, -25.917911994610442 ], [ 28.098344073394621, -25.917966018813242 ], [ 28.098608188422869, -25.917972021236807 ], [ 28.098980351946722, -25.917960015571381 ], [ 28.099567472800789, -25.917954927827548 ] ] ] } },
{ "type": "Feature", "properties": { "EA_CODE": "79910212", "EA_TYPE": "Township", "White": 1.0, "Black_African": 1795.0, "Coloured": 15.0, "Indian_Asian": 1.0, "Other": 225.0, "area_km2": 0.061821, "sal2023_est": 3239.959784, "walk_typology": "Demand overcrowding", "walk_dist_k1_km": 0.64712161879672891, "exceeds_walk_k1_3km": false, "econ_status": "Non_Wealthy", "Ai_walk": 0.045546, "walk_snap_flag": false, "drive_typology": "Well-served", "walk_dist_k3_km": 1.6848041227549535, "PR_NAME": "Gauteng", "MN_NAME": "City of Tshwane", "SP_NAME": "Olievenhoutbos Ext 23" }, "geometry": { "type": "Polygon", "coordinates": [ [ [ 28.090946306226186, -25.915772660310967 ], [ 28.090951931632326, -25.915923499803757 ], [ 28.090956642691925, -25.915994839074234 ], [ 28.090941165366743, -25.916054061761795 ], [ 28.090895753486393, -25.916150234085425 ], [ 28.089875706285405, -25.91615683683867 ], [ 28.089875706231162, -25.917936143576156 ], [ 28.089276450025697, -25.91796773355534 ], [ 28.088898989570382, -25.917952834302064 ], [ 28.088332799040089, -25.917952834285643 ], [ 28.087558010891218, -25.91797766685854 ], [ 28.087518278612787, -25.917883301855291 ], [ 28.087518278521355, -25.917525708433118 ], [ 28.087523245319282, -25.916552257130057 ], [ 28.087508346128601, -25.915921500617035 ], [ 28.087498412023908, -25.915757603033416 ], [ 28.087761417484884, -25.915751043720075 ], [ 28.088007524182892, -25.915781057048477 ], [ 28.088343673400129, -25.91582907840251 ], [ 28.08867982135256, -25.915835080948103 ], [ 28.089100005626783, -25.915787061310951 ], [ 28.089520190238876, -25.91573303620892 ], [ 28.089964385923853, -25.915721030649877 ], [ 28.090582657369236, -25.915745041558889 ], [ 28.090946306226186, -25.915772660310967 ] ] ] } },
{ "type": "Feature", "properties": { "EA_CODE": "79910211", "EA_TYPE": "Township", "White": 1.0, "Black_African": 1869.0, "Coloured": 6.0, "Indian_Asian": 0.0, "Other": 223.0, "area_km2": 0.072172, "sal2023_est": 3338.574171, "walk_typology": "Well-served", "walk_dist_k1_km": 0.43336097184858358, "exceeds_walk_k1_3km": false, "econ_status": "Non_Wealthy", "Ai_walk": 0.059477, "walk_snap_flag": false, "drive_typology": "Well-served", "walk_dist_k3_km": 1.4710434758068085, "PR_NAME": "Gauteng", "MN_NAME": "City of Tshwane", "SP_NAME": "Olievenhoutbos Ext 23" }, "geometry": { "type": "Polygon", "coordinates": [ [ [ 28.09136116102794, -25.915787465161348 ], [ 28.091323091563815, -25.916475836043535 ], [ 28.091508604363703, -25.916472794970343 ], [ 28.091573990416958, -25.916439340589555 ], [ 28.091622259915212, -25.916418912037336 ], [ 28.091781878746424, -25.916412379112895 ], [ 28.092203470101961, -25.916410717032054 ], [ 28.092698147418361, -25.916457441441484 ], [ 28.092819072878047, -25.916476237232342 ], [ 28.09281440382259, -25.916674257287045 ], [ 28.092807865461968, -25.916892823245785 ], [ 28.092811601778187, -25.917275784745001 ], [ 28.092799688410167, -25.917576811907189 ], [ 28.093307159415481, -25.917577307882372 ], [ 28.093297615717592, -25.917970468338336 ], [ 28.09330221630179, -25.918095258732254 ], [ 28.093308443926038, -25.918226067279317 ], [ 28.093243527963441, -25.918227619656314 ], [ 28.092576040296965, -25.918243588782264 ], [ 28.091298940033248, -25.918277196639806 ], [ 28.090546311126989, -25.918295333297962 ], [ 28.090369121568692, -25.91829960263442 ], [ 28.089303631824368, -25.918332746581342 ], [ 28.089276450025697, -25.91796773355534 ], [ 28.089875706231162, -25.917936143576156 ], [ 28.089875706285405, -25.91615683683867 ], [ 28.090895753486393, -25.916150234085425 ], [ 28.090941165366743, -25.916054061761795 ], [ 28.090956642691925, -25.915994839074234 ], [ 28.090951931632326, -25.915923499803757 ], [ 28.090946306226186, -25.915772660310967 ], [ 28.091056866483228, -25.915781056616503 ], [ 28.09136116102794, -25.915787465161348 ] ] ] } },
{ "type": "Feature", "properties": { "EA_CODE": "79910231", "EA_TYPE": "Township", "White": 1.0, "Black_African": 2343.0, "Coloured": 19.0, "Indian_Asian": 3.0, "Other": 147.0, "area_km2": 0.083416, "sal2023_est": 3997.063788, "walk_typology": "Well-served", "walk_dist_k1_km": 0.75935417988829712, "exceeds_walk_k1_3km": false, "econ_status": "Non_Wealthy", "Ai_walk": 0.059573, "walk_snap_flag": false, "drive_typology": "Well-served", "walk_dist_k3_km": 1.4332121048234736, "PR_NAME": "Gauteng", "MN_NAME": "City of Tshwane", "SP_NAME": "Olievenhoutbos Ext 23" }, "geometry": { "type": "Polygon", "coordinates": [ [ [ 28.093712701439081, -25.91607797214682 ], [ 28.094046181814242, -25.916195239665669 ], [ 28.094604426717126, -25.916447350212344 ], [ 28.095324744067565, -25.916771492851105 ], [ 28.095354729732549, -25.916785374864915 ], [ 28.09629717161339, -25.917221691315547 ], [ 28.096813397848742, -25.917455792993778 ], [ 28.097413663360022, -25.917713907280554 ], [ 28.097623756014592, -25.917803947414118 ], [ 28.097720114388633, -25.917834375595522 ], [ 28.097639628989739, -25.918034473986257 ], [ 28.097497729384241, -25.918150234050987 ], [ 28.097348360547116, -25.918183842104732 ], [ 28.09721019532169, -25.918153969444642 ], [ 28.09700481289731, -25.918150234050692 ], [ 28.096623924986332, -25.918150234404347 ], [ 28.096116071057565, -25.918150234246571 ], [ 28.095152645189451, -25.91817637501401 ], [ 28.093845671306752, -25.918209980007568 ], [ 28.09335649030222, -25.918224918418982 ], [ 28.093308443926038, -25.918226067279317 ], [ 28.09330221630179, -25.918095258732254 ], [ 28.093297615717592, -25.917970468338336 ], [ 28.093307159415481, -25.917577307882372 ], [ 28.092799688410167, -25.917576811907189 ], [ 28.092811601778187, -25.917275784745001 ], [ 28.092807865461968, -25.916892823245785 ], [ 28.09281440382259, -25.916674257287045 ], [ 28.092819072878047, -25.916476237232342 ], [ 28.092698147418361, -25.916457441441484 ], [ 28.092203470101961, -25.916410717032054 ], [ 28.091781878746424, -25.916412379112895 ], [ 28.091622259915212, -25.916418912037336 ], [ 28.091573990416958, -25.916439340589555 ], [ 28.091508604363703, -25.916472794970343 ], [ 28.091323091563815, -25.916475836043535 ], [ 28.09136116102794, -25.915787465161348 ], [ 28.091627116536099, -25.915793062990193 ], [ 28.092133850856278, -25.915787237714916 ], [ 28.092149347397633, -25.915787061360266 ], [ 28.092683581825295, -25.915823075646113 ], [ 28.093079757338025, -25.915895107289874 ], [ 28.093499940636839, -25.916003155554677 ], [ 28.093712701439081, -25.91607797214682 ] ] ] } },
{ "type": "Feature", "properties": { "EA_CODE": "79910234", "EA_TYPE": "Township", "White": 0.0, "Black_African": 559.0, "Coloured": 6.0, "Indian_Asian": 0.0, "Other": 0.0, "area_km2": 0.033658, "sal2023_est": 898.663367, "walk_typology": "Demand overcrowding", "walk_dist_k1_km": 0.341834622983821, "exceeds_walk_k1_3km": false, "econ_status": "Non_Wealthy", "Ai_walk": 0.037803, "walk_snap_flag": false, "drive_typology": "Well-served", "walk_dist_k3_km": 1.64109639145259, "PR_NAME": "Gauteng", "MN_NAME": "City of Tshwane", "SP_NAME": "Olievenhoutbos Ext 13" }, "geometry": { "type": "Polygon", "coordinates": [ [ [ 28.097273304458561, -25.911352836118002 ], [ 28.09727990579675, -25.911492554150861 ], [ 28.097217889333631, -25.912073260285979 ], [ 28.097160555241505, -25.912533083085098 ], [ 28.097144143194669, -25.912664722835363 ], [ 28.097063958600042, -25.913355196633031 ], [ 28.097014957564873, -25.913640295057647 ], [ 28.096903591159553, -25.913938758735096 ], [ 28.096787769530238, -25.914143672900945 ], [ 28.096516720145711, -25.914632885346556 ], [ 28.096176039833022, -25.914503120442607 ], [ 28.095895981121554, -25.914097928167571 ], [ 28.095733748810584, -25.913966501422099 ], [ 28.095770152911161, -25.913630791155782 ], [ 28.096067995862544, -25.913650646692453 ], [ 28.096231809976008, -25.912325242442243 ], [ 28.096376319990647, -25.911271725240972 ], [ 28.097273304458561, -25.911352836118002 ] ] ] } },
{ "type": "Feature", "properties": { "EA_CODE": "79910491", "EA_TYPE": "Township", "White": 0.0, "Black_African": 615.0, "Coloured": 11.0, "Indian_Asian": 0.0, "Other": 2.0, "area_km2": 0.040353, "sal2023_est": 998.868308, "walk_typology": "Well-served", "walk_dist_k1_km": 0.96581831657140882, "exceeds_walk_k1_3km": false, "econ_status": "Non_Wealthy", "Ai_walk": 0.053381, "walk_snap_flag": false, "drive_typology": "Well-served", "walk_dist_k3_km": 1.9499582017856989, "PR_NAME": "Gauteng", "MN_NAME": "City of Tshwane", "SP_NAME": "Olievenhoutbos Ext 13" }, "geometry": { "type": "Polygon", "coordinates": [ [ [ 28.093457039976805, -25.912245897937151 ], [ 28.093352591706793, -25.912362517227063 ], [ 28.093293236288837, -25.912438058652679 ], [ 28.092904730286456, -25.912729437861849 ], [ 28.092903048222297, -25.913067363401197 ], [ 28.092910293308094, -25.914049082080382 ], [ 28.092904604038409, -25.914049139422332 ], [ 28.091770280145738, -25.914052476867699 ], [ 28.091316453532166, -25.914055577416779 ], [ 28.09130988001607, -25.913956974807906 ], [ 28.091284127510534, -25.913356086261999 ], [ 28.091309879984809, -25.912841038193037 ], [ 28.091258375357167, -25.912325989335223 ], [ 28.091209376631955, -25.912105499212938 ], [ 28.092017656469523, -25.911927523899834 ], [ 28.092522226749374, -25.911849111289762 ], [ 28.092773627172935, -25.911896192987545 ], [ 28.093457039976805, -25.912245897937151 ] ] ] } },
{ "type": "Feature", "properties": { "EA_CODE": "79910492", "EA_TYPE": "Township", "White": 0.0, "Black_African": 647.0, "Coloured": 2.0, "Indian_Asian": 0.0, "Other": 0.0, "area_km2": 0.05375, "sal2023_est": 1032.269956, "walk_typology": "Demand overcrowding", "walk_dist_k1_km": 0.62447520399713297, "exceeds_walk_k1_3km": false, "econ_status": "Non_Wealthy", "Ai_walk": 0.037565, "walk_snap_flag": false, "drive_typology": "Well-served", "walk_dist_k3_km": 1.4370889676567915, "PR_NAME": "Gauteng", "MN_NAME": "City of Tshwane", "SP_NAME": "Olievenhoutbos Ext 13" }, "geometry": { "type": "Polygon", "coordinates": [ [ [ 28.092806101362644, -25.910889733208645 ], [ 28.093689717228802, -25.910973887144568 ], [ 28.094604474893742, -25.911068948556604 ], [ 28.09457539988971, -25.911466292734922 ], [ 28.094680546516287, -25.911466293311221 ], [ 28.094610449717791, -25.912202309661339 ], [ 28.094459549849756, -25.912946021946141 ], [ 28.094240279978901, -25.912779267637383 ], [ 28.093735954985746, -25.912417578408341 ], [ 28.093457039976805, -25.912245897937151 ], [ 28.092773627172935, -25.911896192987545 ], [ 28.092522226749374, -25.911849111289762 ], [ 28.092017656469523, -25.911927523899834 ], [ 28.091209376631955, -25.912105499212938 ], [ 28.091206870728964, -25.912094218344038 ], [ 28.09072218000232, -25.911274927629961 ], [ 28.090571908801365, -25.91102358158 ], [ 28.090893055266974, -25.910859503637425 ], [ 28.091144698404456, -25.910762277558788 ], [ 28.091373464250537, -25.910739401547065 ], [ 28.092248491969002, -25.910836627059144 ], [ 28.092806101362644, -25.910889733208645 ] ] ] } },
{ "type": "Feature", "properties": { "EA_CODE": "79910235", "EA_TYPE": "Township", "White": 1.0, "Black_African": 665.0, "Coloured": 2.0, "Indian_Asian": 1.0, "Other": 14.0, "area_km2": 0.043337, "sal2023_est": 1086.348813, "walk_typology": "Demand overcrowding", "walk_dist_k1_km": 0.39566092219103233, "exceeds_walk_k1_3km": false, "econ_status": "Non_Wealthy", "Ai_walk": 0.037198, "walk_snap_flag": false, "drive_typology": "Well-served", "walk_dist_k3_km": 1.6949226906598012, "PR_NAME": "Gauteng", "MN_NAME": "City of Tshwane", "SP_NAME": "Olievenhoutbos Ext 13" }, "geometry": { "type": "Polygon", "coordinates": [ [ [ 28.096376319990647, -25.911271725240972 ], [ 28.096231809976008, -25.912325242442243 ], [ 28.096067995862544, -25.913650646692453 ], [ 28.095770152911161, -25.913630791155782 ], [ 28.095733748810584, -25.913966501422099 ], [ 28.095487361136502, -25.913767437271463 ], [ 28.095465474243458, -25.913749787675854 ], [ 28.095005078184077, -25.913379679377272 ], [ 28.094981268300888, -25.913360596890975 ], [ 28.094647636361827, -25.913093889893915 ], [ 28.094459549849756, -25.912946021946141 ], [ 28.094610449717791, -25.912202309661339 ], [ 28.094680546516287, -25.911466293311221 ], [ 28.09457539988971, -25.911466292734922 ], [ 28.094604474893742, -25.911068948556604 ], [ 28.095302445403274, -25.91114148264155 ], [ 28.096367513068671, -25.911270928681493 ], [ 28.096376319990647, -25.911271725240972 ] ] ] } },
{ "type": "Feature", "properties": { "EA_CODE": "79910489", "EA_TYPE": "Township", "White": 0.0, "Black_African": 758.0, "Coloured": 17.0, "Indian_Asian": 0.0, "Other": 0.0, "area_km2": 0.049892, "sal2023_est": 1232.679839, "walk_typology": "Well-served", "walk_dist_k1_km": 0.7012055730634279, "exceeds_walk_k1_3km": false, "econ_status": "Non_Wealthy", "Ai_walk": 0.057818, "walk_snap_flag": false, "drive_typology": "Well-served", "walk_dist_k3_km": 1.6853454582777176, "PR_NAME": "Gauteng", "MN_NAME": "City of Tshwane", "SP_NAME": "Olievenhoutbos Ext 13" }, "geometry": { "type": "Polygon", "coordinates": [ [ [ 28.093712701439081, -25.91607797214682 ], [ 28.093499940636839, -25.916003155554677 ], [ 28.093079757338025, -25.915895107289874 ], [ 28.092683581825295, -25.915823075646113 ], [ 28.092149347397633, -25.915787061360266 ], [ 28.092133850856278, -25.915787237714916 ], [ 28.091627116536099, -25.915793062990193 ], [ 28.09136116102794, -25.915787465161348 ], [ 28.091318463953705, -25.915201675261233 ], [ 28.091332539332122, -25.914802903335165 ], [ 28.091344217552706, -25.914472023651715 ], [ 28.091316453532166, -25.914055577416779 ], [ 28.091770280145738, -25.914052476867699 ], [ 28.092904604038409, -25.914049139422332 ], [ 28.093457678803301, -25.914050789296471 ], [ 28.093468176544622, -25.914460235935099 ], [ 28.093489175127903, -25.914528477194985 ], [ 28.094292321876512, -25.91453372579894 ], [ 28.094313319353173, -25.915037661244604 ], [ 28.093735894003345, -25.915053407659034 ], [ 28.093735893563959, -25.915594088733307 ], [ 28.093730644611583, -25.915898549957436 ], [ 28.093712701439081, -25.91607797214682 ] ] ] } },
{ "type": "Feature", "properties": { "EA_CODE": "79910233", "EA_TYPE": "Township", "White": 0.0, "Black_African": 869.0, "Coloured": 16.0, "Indian_Asian": 0.0, "Other": 0.0, "area_km2": 0.093623, "sal2023_est": 1407.640849, "walk_typology": "Well-served", "walk_dist_k1_km": 0.61924629397123876, "exceeds_walk_k1_3km": false, "econ_status": "Non_Wealthy", "Ai_walk": 0.058091, "walk_snap_flag": false, "drive_typology": "Well-served", "walk_dist_k3_km": 1.6033861791855286, "PR_NAME": "Gauteng", "MN_NAME": "City of Tshwane", "SP_NAME": "Olievenhoutbos Ext 13" }, "geometry": { "type": "Polygon", "coordinates": [ [ [ 28.094459549849756, -25.912946021946141 ], [ 28.094647636361827, -25.913093889893915 ], [ 28.094981268300888, -25.913360596890975 ], [ 28.095005078184077, -25.913379679377272 ], [ 28.095465474243458, -25.913749787675854 ], [ 28.095487361136502, -25.913767437271463 ], [ 28.095733748810584, -25.913966501422099 ], [ 28.095895981121554, -25.914097928167571 ], [ 28.096176039833022, -25.914503120442607 ], [ 28.096516720145711, -25.914632885346556 ], [ 28.096057204919074, -25.915462253103904 ], [ 28.095956974904297, -25.91565469443924 ], [ 28.095723104329057, -25.916103726375859 ], [ 28.095354729732549, -25.916785374864915 ], [ 28.095324744067565, -25.916771492851105 ], [ 28.094604426717126, -25.916447350212344 ], [ 28.094046181814242, -25.916195239665669 ], [ 28.093712701439081, -25.91607797214682 ], [ 28.093730644611583, -25.915898549957436 ], [ 28.093735893563959, -25.915594088733307 ], [ 28.093735894003345, -25.915053407659034 ], [ 28.094313319353173, -25.915037661244604 ], [ 28.094292321876512, -25.91453372579894 ], [ 28.093489175127903, -25.914528477194985 ], [ 28.093468176544622, -25.914460235935099 ], [ 28.093457678803301, -25.914050789296471 ], [ 28.092904604038409, -25.914049139422332 ], [ 28.092910293308094, -25.914049082080382 ], [ 28.092903048222297, -25.913067363401197 ], [ 28.092904730286456, -25.912729437861849 ], [ 28.093293236288837, -25.912438058652679 ], [ 28.093352591706793, -25.912362517227063 ], [ 28.093457039976805, -25.912245897937151 ], [ 28.093735954985746, -25.912417578408341 ], [ 28.094240279978901, -25.912779267637383 ], [ 28.094459549849756, -25.912946021946141 ] ] ] } },
{ "type": "Feature", "properties": { "EA_CODE": "79910237", "EA_TYPE": "Township", "White": 3.0, "Black_African": 1522.0, "Coloured": 9.0, "Indian_Asian": 1.0, "Other": 6.0, "area_km2": 0.087576, "sal2023_est": 2451.044687, "walk_typology": "Demand overcrowding", "walk_dist_k1_km": 0.4424877682522908, "exceeds_walk_k1_3km": false, "econ_status": "Non_Wealthy", "Ai_walk": 0.038587, "walk_snap_flag": false, "drive_typology": "Well-served", "walk_dist_k3_km": 1.7069701777606805, "PR_NAME": "Gauteng", "MN_NAME": "City of Tshwane", "SP_NAME": "Olievenhoutbos Ext 13" }, "geometry": { "type": "Polygon", "coordinates": [ [ [ 28.096907523214163, -25.909265562154062 ], [ 28.097050630295303, -25.909425310049574 ], [ 28.097174666139416, -25.909611361684835 ], [ 28.097291182425291, -25.909853792659636 ], [ 28.09739266465704, -25.910165759056696 ], [ 28.097417095741459, -25.910434501142451 ], [ 28.097408037784042, -25.910482405947029 ], [ 28.097332527449961, -25.91088177685781 ], [ 28.097268629838897, -25.911253880903644 ], [ 28.097273304458561, -25.911352836118002 ], [ 28.096376319990647, -25.911271725240972 ], [ 28.096367513068671, -25.911270928681493 ], [ 28.095302445403274, -25.91114148264155 ], [ 28.094604474893742, -25.911068948556604 ], [ 28.093689717228802, -25.910973887144568 ], [ 28.093838415818311, -25.909961597951543 ], [ 28.094164406317056, -25.910001631722633 ], [ 28.094603765468197, -25.910047362005194 ], [ 28.094663903460976, -25.909601964995456 ], [ 28.094772902526298, -25.908758154178113 ], [ 28.094819885707079, -25.908220669923828 ], [ 28.0953630072861, -25.908036497664789 ], [ 28.095483282397939, -25.907997031662969 ], [ 28.095611075488495, -25.907955686707183 ], [ 28.095650541577204, -25.907965083735203 ], [ 28.095729473271572, -25.908081601673441 ], [ 28.095851628140014, -25.908250738597946 ], [ 28.096005732378924, -25.908387927825707 ], [ 28.096221852950581, -25.90852135961461 ], [ 28.096353404676467, -25.908645395865307 ], [ 28.096507508707322, -25.908808894873207 ], [ 28.096595836340345, -25.908953601822574 ], [ 28.096699199095717, -25.909070120371791 ], [ 28.096889009428732, -25.909244895936361 ], [ 28.096907523214163, -25.909265562154062 ] ] ] } },
{ "type": "Feature", "properties": { "EA_CODE": "79910213", "EA_TYPE": "Township", "White": 0.0, "Black_African": 1003.0, "Coloured": 6.0, "Indian_Asian": 1.0, "Other": 12.0, "area_km2": 0.055357, "sal2023_est": 1625.546833, "walk_typology": "Well-served", "walk_dist_k1_km": 0.92638513327256755, "exceeds_walk_k1_3km": false, "econ_status": "Non_Wealthy", "Ai_walk": 0.054867, "walk_snap_flag": false, "drive_typology": "Well-served", "walk_dist_k3_km": 1.6363641355218104, "PR_NAME": "Gauteng", "MN_NAME": "City of Tshwane", "SP_NAME": "Olievenhoutbos Ext 20" }, "geometry": { "type": "Polygon", "coordinates": [ [ [ 28.089931042500197, -25.914778060405645 ], [ 28.090998826000124, -25.914770924906588 ], [ 28.091191454659032, -25.914773304093046 ], [ 28.091272311974418, -25.914787572369761 ], [ 28.091332539332122, -25.914802903335165 ], [ 28.091318463953705, -25.915201675261233 ], [ 28.09136116102794, -25.915787465161348 ], [ 28.091056866483228, -25.915781056616503 ], [ 28.090946306226186, -25.915772660310967 ], [ 28.090582657369236, -25.915745041558889 ], [ 28.089964385923853, -25.915721030649877 ], [ 28.089520190238876, -25.91573303620892 ], [ 28.089100005626783, -25.915787061310951 ], [ 28.08867982135256, -25.915835080948103 ], [ 28.088343673400129, -25.91582907840251 ], [ 28.088007524182892, -25.915781057048477 ], [ 28.087761417484884, -25.915751043720075 ], [ 28.087498412023908, -25.915757603033416 ], [ 28.087131302469839, -25.915771262980908 ], [ 28.087143499234976, -25.914508972335422 ], [ 28.08714445640485, -25.914383522260277 ], [ 28.087412595538638, -25.914385666984852 ], [ 28.087441134002816, -25.914409449144316 ], [ 28.087541014488725, -25.914399937195672 ], [ 28.088986923382855, -25.914388044213695 ], [ 28.08904875351196, -25.914390423805614 ], [ 28.089050359781588, -25.91439138686426 ], [ 28.089084425897521, -25.914411827079388 ], [ 28.08918668629553, -25.914506951604938 ], [ 28.089360291317909, -25.914656775402861 ], [ 28.089453037353536, -25.914732874998837 ], [ 28.089483952788378, -25.914749521355059 ], [ 28.089562432328457, -25.914773304211316 ], [ 28.089931042500197, -25.914778060405645 ] ] ] } },
{ "type": "Feature", "properties": { "EA_CODE": "79910216", "EA_TYPE": "Township", "White": 0.0, "Black_African": 1132.0, "Coloured": 15.0, "Indian_Asian": 0.0, "Other": 6.0, "area_km2": 0.053508, "sal2023_est": 1833.90949, "walk_typology": "Demand overcrowding", "walk_dist_k1_km": 1.0133895757141322, "exceeds_walk_k1_3km": false, "econ_status": "Non_Wealthy", "Ai_walk": 0.035475, "walk_snap_flag": false, "drive_typology": "Well-served", "walk_dist_k3_km": 1.5493596930802458, "PR_NAME": "Gauteng", "MN_NAME": "City of Tshwane", "SP_NAME": "Olievenhoutbos Ext 20" }, "geometry": { "type": "Polygon", "coordinates": [ [ [ 28.089061996756548, -25.912813840154797 ], [ 28.089066768651854, -25.913444818933026 ], [ 28.089472317167534, -25.913439619832687 ], [ 28.089740081933702, -25.9134396196417 ], [ 28.089929020078284, -25.913443697758233 ], [ 28.089931042500197, -25.914778060405645 ], [ 28.089562432328457, -25.914773304211316 ], [ 28.089483952788378, -25.914749521355059 ], [ 28.089453037353536, -25.914732874998837 ], [ 28.089360291317909, -25.914656775402861 ], [ 28.08918668629553, -25.914506951604938 ], [ 28.089084425897521, -25.914411827079388 ], [ 28.089050359781588, -25.91439138686426 ], [ 28.08904875351196, -25.914390423805614 ], [ 28.088986923382855, -25.914388044213695 ], [ 28.087541014488725, -25.914399937195672 ], [ 28.087441134002816, -25.914409449144316 ], [ 28.087412595538638, -25.914385666984852 ], [ 28.08714445640485, -25.914383522260277 ], [ 28.087146512338776, -25.914114093623532 ], [ 28.087155554843378, -25.913333383104455 ], [ 28.087167612019126, -25.912787788342172 ], [ 28.087224884581733, -25.912606926808071 ], [ 28.087315314936756, -25.91246525503292 ], [ 28.087482442597008, -25.912117602662228 ], [ 28.087772823088773, -25.911422965185544 ], [ 28.087892393105911, -25.911143972381598 ], [ 28.088343050547934, -25.911288178850029 ], [ 28.088282578835752, -25.911351171011386 ], [ 28.088088563763666, -25.911787073760312 ], [ 28.08799029727502, -25.912036522075489 ], [ 28.087610667448661, -25.912793683368701 ], [ 28.087691295620122, -25.912837357305655 ], [ 28.089011603554834, -25.912820558879666 ], [ 28.089061996756548, -25.912813840154797 ] ] ] } },
{ "type": "Feature", "properties": { "EA_CODE": "79910218", "EA_TYPE": "Township", "White": 0.0, "Black_African": 1263.0, "Coloured": 2.0, "Indian_Asian": 9.0, "Other": 0.0, "area_km2": 0.060921, "sal2023_est": 2026.3666, "walk_typology": "Well-served", "walk_dist_k1_km": 1.1737366777263329, "exceeds_walk_k1_3km": false, "econ_status": "Non_Wealthy", "Ai_walk": 0.052695, "walk_snap_flag": false, "drive_typology": "Well-served", "walk_dist_k3_km": 1.562960440766328, "PR_NAME": "Gauteng", "MN_NAME": "City of Tshwane", "SP_NAME": "Olievenhoutbos Ext 20" }, "geometry": { "type": "Polygon", "coordinates": [ [ [ 28.089646063316298, -25.909492787907553 ], [ 28.089765631707664, -25.909674987362735 ], [ 28.090571908801365, -25.91102358158 ], [ 28.090253230605434, -25.91116108340298 ], [ 28.090089604370053, -25.91125395328843 ], [ 28.089979043875509, -25.911346823083438 ], [ 28.089691591202079, -25.911682923650794 ], [ 28.089498821900744, -25.911934027694461 ], [ 28.089450042469135, -25.911997570800434 ], [ 28.089166142803936, -25.912367018296923 ], [ 28.089092233314435, -25.912481243628616 ], [ 28.089065356330991, -25.912548434981737 ], [ 28.089065356286721, -25.912625705678288 ], [ 28.089061997158311, -25.912723131664578 ], [ 28.089061996756548, -25.912813840154797 ], [ 28.089011603554834, -25.912820558879666 ], [ 28.087691295620122, -25.912837357305655 ], [ 28.087610667448661, -25.912793683368701 ], [ 28.08799029727502, -25.912036522075489 ], [ 28.088088563763666, -25.911787073760312 ], [ 28.088282578835752, -25.911351171011386 ], [ 28.088343050547934, -25.911288178850029 ], [ 28.087892393105911, -25.911143972381598 ], [ 28.088382053454207, -25.910198811295174 ], [ 28.088518702324748, -25.909993837386011 ], [ 28.088877408367264, -25.909629438066908 ], [ 28.089133627471771, -25.909464318565743 ], [ 28.089361376713939, -25.909452931930151 ], [ 28.089646063316298, -25.909492787907553 ] ] ] } },
{ "type": "Feature", "properties": { "EA_CODE": "79910490", "EA_TYPE": "Township", "White": 3.0, "Black_African": 1271.0, "Coloured": 2.0, "Indian_Asian": 3.0, "Other": 0.0, "area_km2": 0.065428, "sal2023_est": 2034.319373, "walk_typology": "Demand overcrowding", "walk_dist_k1_km": 1.0429699965987855, "exceeds_walk_k1_3km": false, "econ_status": "Non_Wealthy", "Ai_walk": 0.036033, "walk_snap_flag": false, "drive_typology": "Well-served", "walk_dist_k3_km": 1.4321937596387806, "PR_NAME": "Gauteng", "MN_NAME": "City of Tshwane", "SP_NAME": "Olievenhoutbos Ext 20" }, "geometry": { "type": "Polygon", "coordinates": [ [ [ 28.091209376631955, -25.912105499212938 ], [ 28.091258375357167, -25.912325989335223 ], [ 28.091309879984809, -25.912841038193037 ], [ 28.091284127510534, -25.913356086261999 ], [ 28.09130988001607, -25.913956974807906 ], [ 28.091316453532166, -25.914055577416779 ], [ 28.091344217552706, -25.914472023651715 ], [ 28.091332539332122, -25.914802903335165 ], [ 28.091272311974418, -25.914787572369761 ], [ 28.091191454659032, -25.914773304093046 ], [ 28.090998826000124, -25.914770924906588 ], [ 28.089931042500197, -25.914778060405645 ], [ 28.089929020078284, -25.913443697758233 ], [ 28.089740081933702, -25.9134396196417 ], [ 28.089472317167534, -25.913439619832687 ], [ 28.089066768651854, -25.913444818933026 ], [ 28.089061996756548, -25.912813840154797 ], [ 28.089061997158311, -25.912723131664578 ], [ 28.089065356286721, -25.912625705678288 ], [ 28.089065356330991, -25.912548434981737 ], [ 28.089092233314435, -25.912481243628616 ], [ 28.089166142803936, -25.912367018296923 ], [ 28.089450042469135, -25.911997570800434 ], [ 28.089498821900744, -25.911934027694461 ], [ 28.089691591202079, -25.911682923650794 ], [ 28.089979043875509, -25.911346823083438 ], [ 28.090089604370053, -25.91125395328843 ], [ 28.090253230605434, -25.91116108340298 ], [ 28.090571908801365, -25.91102358158 ], [ 28.09072218000232, -25.911274927629961 ], [ 28.091206870728964, -25.912094218344038 ], [ 28.091209376631955, -25.912105499212938 ] ] ] } },
{ "type": "Feature", "properties": { "EA_CODE": "79910394", "EA_TYPE": "Township", "White": 0.0, "Black_African": 880.0, "Coloured": 0.0, "Indian_Asian": 0.0, "Other": 4.0, "area_km2": 0.447463, "sal2023_est": 1406.050294, "walk_typology": "Connectivity gap", "walk_dist_k1_km": 2.1031656749231931, "exceeds_walk_k1_3km": false, "econ_status": "Non_Wealthy", "Ai_walk": 0.0, "walk_snap_flag": false, "drive_typology": "Demand overcrowding", "walk_dist_k3_km": 3.3336715370380259, "PR_NAME": "Gauteng", "MN_NAME": "City of Tshwane", "SP_NAME": "Olievenhoutbos Ext 26" }, "geometry": { "type": "Polygon", "coordinates": [ [ [ 28.083507471008396, -25.915823740672998 ], [ 28.08348902662707, -25.91715166029007 ], [ 28.083489027281185, -25.917956616357092 ], [ 28.084318198247438, -25.917974186913096 ], [ 28.084298030972121, -25.918420665303007 ], [ 28.084301510153793, -25.919357366359758 ], [ 28.084286685896441, -25.920192420835747 ], [ 28.084528801906721, -25.92020230263752 ], [ 28.084528802345787, -25.920399949140705 ], [ 28.084499155901636, -25.920577830096907 ], [ 28.084380567827122, -25.920805122974993 ], [ 28.084345979897485, -25.921002769134752 ], [ 28.084355862395309, -25.921230062289666 ], [ 28.084413841956639, -25.921693887272934 ], [ 28.08254310145519, -25.92187420029116 ], [ 28.082549782718942, -25.9231205181371 ], [ 28.082074827218143, -25.923117877792329 ], [ 28.080892332286176, -25.923125557602372 ], [ 28.080869294001268, -25.923513323595301 ], [ 28.080825905720104, -25.923514979878867 ], [ 28.079863406074139, -25.923551717914989 ], [ 28.079514842644382, -25.923532517162197 ], [ 28.079202687719135, -25.923515320635325 ], [ 28.078910828252212, -25.9231395722597 ], [ 28.078704233980723, -25.922859876122612 ], [ 28.078290940255997, -25.922300338278657 ], [ 28.078220367270848, -25.922220229306465 ], [ 28.077890397495526, -25.921779632661782 ], [ 28.077560425365171, -25.921329497901567 ], [ 28.077230453981088, -25.920890808317427 ], [ 28.077230452623596, -25.920888901409786 ], [ 28.077196120930722, -25.920709611073878 ], [ 28.077966933870947, -25.9192746955794 ], [ 28.078615189021352, -25.918067932038539 ], [ 28.079062809494566, -25.917165851380144 ], [ 28.07972091361745, -25.915839582718945 ], [ 28.080008801480954, -25.915871834677553 ], [ 28.081156082293383, -25.915866867927829 ], [ 28.081945770391137, -25.915881768274307 ], [ 28.082392761890727, -25.915851968942203 ], [ 28.082658734340725, -25.915837535206204 ], [ 28.083033451710559, -25.915817201568228 ], [ 28.083507471008396, -25.915823740672998 ] ] ] } },
{ "type": "Feature", "properties": { "EA_CODE": "79910210", "EA_TYPE": "Township", "White": 1.0, "Black_African": 968.0, "Coloured": 21.0, "Indian_Asian": 0.0, "Other": 0.0, "area_km2": 0.104349, "sal2023_est": 1574.649085, "walk_typology": "Demand overcrowding", "walk_dist_k1_km": 0.98818695709692017, "exceeds_walk_k1_3km": false, "econ_status": "Non_Wealthy", "Ai_walk": 0.022187, "walk_snap_flag": false, "drive_typology": "Well-served", "walk_dist_k3_km": 2.0258694610551453, "PR_NAME": "Gauteng", "MN_NAME": "City of Tshwane", "SP_NAME": "Olievenhoutbos Ext 26" }, "geometry": { "type": "Polygon", "coordinates": [ [ [ 28.08586089666257, -25.921554412214125 ], [ 28.084413841956639, -25.921693887272934 ], [ 28.084355862395309, -25.921230062289666 ], [ 28.084345979897485, -25.921002769134752 ], [ 28.084380567827122, -25.920805122974993 ], [ 28.084499155901636, -25.920577830096907 ], [ 28.084528802345787, -25.920399949140705 ], [ 28.084528801906721, -25.92020230263752 ], [ 28.084286685896441, -25.920192420835747 ], [ 28.084301510153793, -25.919357366359758 ], [ 28.084298030972121, -25.918420665303007 ], [ 28.084318198247438, -25.917974186913096 ], [ 28.083489027281185, -25.917956616357092 ], [ 28.08348902662707, -25.91715166029007 ], [ 28.083507471008396, -25.915823740672998 ], [ 28.083753607210056, -25.915827136430426 ], [ 28.084667458339514, -25.915871835326325 ], [ 28.085323048000269, -25.915842035061459 ], [ 28.085596049360895, -25.915810125549971 ], [ 28.085592421077003, -25.91610392518977 ], [ 28.085602799523958, -25.916181768257786 ], [ 28.085644316285922, -25.916311504973503 ], [ 28.085644316236245, -25.916508704603963 ], [ 28.085613178820118, -25.916705905405863 ], [ 28.085607989644522, -25.916960189739303 ], [ 28.085587231397106, -25.917198905574317 ], [ 28.085578358405929, -25.917979990188339 ], [ 28.085586197500643, -25.918101157828342 ], [ 28.085633122946675, -25.918826339676116 ], [ 28.085653035672895, -25.919772261355142 ], [ 28.085653035501281, -25.9200659939358 ], [ 28.085680785272476, -25.920186236793789 ], [ 28.085682908351412, -25.920195435837663 ], [ 28.085762563490526, -25.920449340870157 ], [ 28.08586089666257, -25.921554412214125 ] ] ] } },
{ "type": "Feature", "properties": { "EA_CODE": "79910204", "EA_TYPE": "Township", "White": 1.0, "Black_African": 1229.0, "Coloured": 5.0, "Indian_Asian": 5.0, "Other": 8.0, "area_km2": 0.085723, "sal2023_est": 1985.01218, "walk_typology": "Well-served", "walk_dist_k1_km": 0.66373202538226928, "exceeds_walk_k1_3km": false, "econ_status": "Non_Wealthy", "Ai_walk": 0.047055, "walk_snap_flag": false, "drive_typology": "Well-served", "walk_dist_k3_km": 1.8846422889888512, "PR_NAME": "Gauteng", "MN_NAME": "City of Tshwane", "SP_NAME": "Olievenhoutbos Ext 26" }, "geometry": { "type": "Polygon", "coordinates": [ [ [ 28.08915232878585, -25.921458545324917 ], [ 28.089147319422807, -25.921538707624425 ], [ 28.089093900107255, -25.921752386271194 ], [ 28.089092686658624, -25.921757239418476 ], [ 28.089112551833061, -25.922104900374435 ], [ 28.089137386116199, -25.922179399347915 ], [ 28.089157252113278, -25.922253897733565 ], [ 28.089241685495036, -25.922929353049323 ], [ 28.08925658429337, -25.923237280563605 ], [ 28.089301282683103, -25.923594875286071 ], [ 28.089345981476573, -25.923877971277477 ], [ 28.089420033900719, -25.924335522246206 ], [ 28.087829590057169, -25.924499512123152 ], [ 28.085734684089054, -25.924716349222596 ], [ 28.085734684336284, -25.92460043019096 ], [ 28.085734684098835, -25.924541777254088 ], [ 28.085734683607289, -25.924392758107125 ], [ 28.085814926386949, -25.924272396929801 ], [ 28.085906628481595, -25.924180692588568 ], [ 28.08593528676753, -25.924106183148044 ], [ 28.085939474889695, -25.924034985606294 ], [ 28.085941017709505, -25.924008747663461 ], [ 28.085874278679043, -25.922964752045264 ], [ 28.087213411004331, -25.922839521302716 ], [ 28.08795850560735, -25.922736354598083 ], [ 28.087925082363029, -25.92229850486212 ], [ 28.087912570281802, -25.922217864671914 ], [ 28.087880590541509, -25.92221925502643 ], [ 28.087858344525447, -25.922222035899281 ], [ 28.08783053754664, -25.922222036063285 ], [ 28.087808292836474, -25.922216475076066 ], [ 28.087790219320652, -25.922206742101643 ], [ 28.087652241712828, -25.922105014764824 ], [ 28.087785778171927, -25.921962537042475 ], [ 28.087824229242088, -25.921887662108144 ], [ 28.087818157047685, -25.921788503048518 ], [ 28.087818156895533, -25.921610422439706 ], [ 28.087844463919385, -25.921549712072757 ], [ 28.087943228303065, -25.921352170354371 ], [ 28.08917215178456, -25.921260580312968 ], [ 28.089157252123968, -25.92137977864288 ], [ 28.08915232878585, -25.921458545324917 ] ] ] } },
{ "type": "Feature", "properties": { "EA_CODE": "79910209", "EA_TYPE": "Township", "White": 0.0, "Black_African": 1417.0, "Coloured": 14.0, "Indian_Asian": 1.0, "Other": 2.0, "area_km2": 0.20412, "sal2023_est": 2280.855341, "walk_typology": "Demand overcrowding", "walk_dist_k1_km": 0.78970969951360004, "exceeds_walk_k1_3km": false, "econ_status": "Non_Wealthy", "Ai_walk": 0.035727, "walk_snap_flag": false, "drive_typology": "Well-served", "walk_dist_k3_km": 2.0663639057863383, "PR_NAME": "Gauteng", "MN_NAME": "City of Tshwane", "SP_NAME": "Olievenhoutbos Ext 26" }, "geometry": { "type": "Polygon", "coordinates": [ [ [ 28.087808292836474, -25.922216475076066 ], [ 28.08783053754664, -25.922222036063285 ], [ 28.087858344525447, -25.922222035899281 ], [ 28.087880590541509, -25.92221925502643 ], [ 28.087912570281802, -25.922217864671914 ], [ 28.087925082363029, -25.92229850486212 ], [ 28.08795850560735, -25.922736354598083 ], [ 28.087213411004331, -25.922839521302716 ], [ 28.085874278679043, -25.922964752045264 ], [ 28.085941017709505, -25.924008747663461 ], [ 28.085939474889695, -25.924034985606294 ], [ 28.08593528676753, -25.924106183148044 ], [ 28.085906628481595, -25.924180692588568 ], [ 28.085814926386949, -25.924272396929801 ], [ 28.085734683607289, -25.924392758107125 ], [ 28.085734684098835, -25.924541777254088 ], [ 28.085734684336284, -25.92460043019096 ], [ 28.085734684089054, -25.924716349222596 ], [ 28.085599899716502, -25.924730300211777 ], [ 28.083360672522659, -25.924970625741881 ], [ 28.083070755640627, -25.924989699609512 ], [ 28.082199096821139, -25.925079345933362 ], [ 28.081909179849955, -25.925100326208018 ], [ 28.081039429224461, -25.92518997211257 ], [ 28.080749511704347, -25.92521095188717 ], [ 28.080480575682003, -25.925220490253277 ], [ 28.080169678306355, -25.924800873194851 ], [ 28.07984924277768, -25.924390792427474 ], [ 28.079229354952123, -25.923549652392701 ], [ 28.079202687719135, -25.923515320635325 ], [ 28.079514842644382, -25.923532517162197 ], [ 28.079863406074139, -25.923551717914989 ], [ 28.080825905720104, -25.923514979878867 ], [ 28.080869294001268, -25.923513323595301 ], [ 28.080892332286176, -25.923125557602372 ], [ 28.082074827218143, -25.923117877792329 ], [ 28.082549782718942, -25.9231205181371 ], [ 28.08254310145519, -25.92187420029116 ], [ 28.084413841956639, -25.921693887272934 ], [ 28.08586089666257, -25.921554412214125 ], [ 28.085874729952561, -25.921553078822416 ], [ 28.085930279583962, -25.921547724659582 ], [ 28.087416810107531, -25.921391402726716 ], [ 28.087943228303065, -25.921352170354371 ], [ 28.087844463919385, -25.921549712072757 ], [ 28.087818156895533, -25.921610422439706 ], [ 28.087818157047685, -25.921788503048518 ], [ 28.087824229242088, -25.921887662108144 ], [ 28.087785778171927, -25.921962537042475 ], [ 28.087652241712828, -25.922105014764824 ], [ 28.087790219320652, -25.922206742101643 ], [ 28.087808292836474, -25.922216475076066 ] ] ] } },
{ "type": "Feature", "properties": { "EA_CODE": "79910208", "EA_TYPE": "Township", "White": 1.0, "Black_African": 1686.0, "Coloured": 3.0, "Indian_Asian": 0.0, "Other": 2.0, "area_km2": 0.184273, "sal2023_est": 2691.218436, "walk_typology": "Well-served", "walk_dist_k1_km": 0.50111335295514392, "exceeds_walk_k1_3km": false, "econ_status": "Non_Wealthy", "Ai_walk": 0.047109, "walk_snap_flag": false, "drive_typology": "Well-served", "walk_dist_k3_km": 1.5387958569133686, "PR_NAME": "Gauteng", "MN_NAME": "City of Tshwane", "SP_NAME": "Olievenhoutbos Ext 26" }, "geometry": { "type": "Polygon", "coordinates": [ [ [ 28.089276450025697, -25.91796773355534 ], [ 28.089303631824368, -25.918332746581342 ], [ 28.08931121632758, -25.918434593887149 ], [ 28.089316182523863, -25.918767353612701 ], [ 28.089341016499446, -25.91947261026634 ], [ 28.089331082717937, -25.920153032219694 ], [ 28.089336049124338, -25.920505659153459 ], [ 28.089301283428583, -25.920878153142784 ], [ 28.089281416829177, -25.921012251364875 ], [ 28.08922181846048, -25.921156282086475 ], [ 28.089199104856387, -25.921203979350473 ], [ 28.08917215178456, -25.921260580312968 ], [ 28.087943228303065, -25.921352170354371 ], [ 28.087416810107531, -25.921391402726716 ], [ 28.085930279583962, -25.921547724659582 ], [ 28.085874729952561, -25.921553078822416 ], [ 28.08586089666257, -25.921554412214125 ], [ 28.085762563490526, -25.920449340870157 ], [ 28.085682908351412, -25.920195435837663 ], [ 28.085680785272476, -25.920186236793789 ], [ 28.085653035501281, -25.9200659939358 ], [ 28.085653035672895, -25.919772261355142 ], [ 28.085633122946675, -25.918826339676116 ], [ 28.085586197500643, -25.918101157828342 ], [ 28.085578358405929, -25.917979990188339 ], [ 28.085587231397106, -25.917198905574317 ], [ 28.085607989644522, -25.916960189739303 ], [ 28.085613178820118, -25.916705905405863 ], [ 28.085644316236245, -25.916508704603963 ], [ 28.085644316285922, -25.916311504973503 ], [ 28.085602799523958, -25.916181768257786 ], [ 28.085592421077003, -25.91610392518977 ], [ 28.085596049360895, -25.915810125549971 ], [ 28.085705474865772, -25.915797336261395 ], [ 28.086430596917285, -25.915797335712281 ], [ 28.087131302469839, -25.915771262980908 ], [ 28.087498412023908, -25.915757603033416 ], [ 28.087508346128601, -25.915921500617035 ], [ 28.087523245319282, -25.916552257130057 ], [ 28.087518278521355, -25.917525708433118 ], [ 28.087518278612787, -25.917883301855291 ], [ 28.087558010891218, -25.91797766685854 ], [ 28.088332799040089, -25.917952834285643 ], [ 28.088898989570382, -25.917952834302064 ], [ 28.089276450025697, -25.91796773355534 ] ] ] } },
{ "type": "Feature", "properties": { "EA_CODE": "79910228", "EA_TYPE": "Township", "White": 0.0, "Black_African": 1244.0, "Coloured": 8.0, "Indian_Asian": 0.0, "Other": 8.0, "area_km2": 0.110846, "sal2023_est": 2004.098835, "walk_typology": "Well-served", "walk_dist_k1_km": 0.54941255051555804, "exceeds_walk_k1_3km": false, "econ_status": "Non_Wealthy", "Ai_walk": 0.050184, "walk_snap_flag": false, "drive_typology": "Well-served", "walk_dist_k3_km": 1.1957365768835293, "PR_NAME": "Gauteng", "MN_NAME": "City of Tshwane", "SP_NAME": "Olievenhoutbos Ext 25" }, "geometry": { "type": "Polygon", "coordinates": [ [ [ 28.096629721666226, -25.923525649208035 ], [ 28.095816450150185, -25.923615249336972 ], [ 28.092896235296259, -25.923944773297148 ], [ 28.093087216451625, -25.923649060940143 ], [ 28.09340141006183, -25.923267099840537 ], [ 28.093401410237746, -25.923162368722444 ], [ 28.093364446025937, -25.922915941924032 ], [ 28.093450694815353, -25.922749603914003 ], [ 28.093610872495539, -25.922546302414585 ], [ 28.094103725946194, -25.921800862654077 ], [ 28.094276222711944, -25.921462026213312 ], [ 28.094337830132954, -25.92090756727389 ], [ 28.094350151453565, -25.92028534087946 ], [ 28.096487899573024, -25.92005123543057 ], [ 28.097193020518443, -25.920001417058252 ], [ 28.097219539048666, -25.920373072786436 ], [ 28.09731503374077, -25.921131066968019 ], [ 28.096261850521191, -25.921237035658176 ], [ 28.096307941782765, -25.921629914976752 ], [ 28.096433144978313, -25.922755575913712 ], [ 28.096454246403106, -25.922902231152836 ], [ 28.096494339856136, -25.922962371055633 ], [ 28.09653337618429, -25.922973975815591 ], [ 28.096555533348731, -25.922986637363191 ], [ 28.096629721666226, -25.923525649208035 ] ] ] } },
{ "type": "Feature", "properties": { "EA_CODE": "79910227", "EA_TYPE": "Township", "White": 5.0, "Black_African": 1624.0, "Coloured": 18.0, "Indian_Asian": 6.0, "Other": 2.0, "area_km2": 0.085382, "sal2023_est": 2632.367915, "walk_typology": "Well-served", "walk_dist_k1_km": 0.80117524576706955, "exceeds_walk_k1_3km": false, "econ_status": "Non_Wealthy", "Ai_walk": 0.049756, "walk_snap_flag": false, "drive_typology": "Well-served", "walk_dist_k3_km": 1.4474992721350408, "PR_NAME": "Gauteng", "MN_NAME": "City of Tshwane", "SP_NAME": "Olievenhoutbos Ext 25" }, "geometry": { "type": "Polygon", "coordinates": [ [ [ 28.09916216651251, -25.920137885984872 ], [ 28.099005534985814, -25.921063752351344 ], [ 28.098925009608958, -25.921546903072322 ], [ 28.098855940526608, -25.921961315436494 ], [ 28.09861160471544, -25.922998499351845 ], [ 28.098560051089613, -25.923312980254995 ], [ 28.096629721666226, -25.923525649208035 ], [ 28.096555533348731, -25.922986637363191 ], [ 28.09653337618429, -25.922973975815591 ], [ 28.096494339856136, -25.922962371055633 ], [ 28.096454246403106, -25.922902231152836 ], [ 28.096433144978313, -25.922755575913712 ], [ 28.096307941782765, -25.921629914976752 ], [ 28.096261850521191, -25.921237035658176 ], [ 28.09731503374077, -25.921131066968019 ], [ 28.097219539048666, -25.920373072786436 ], [ 28.097193020518443, -25.920001417058252 ], [ 28.097621462004117, -25.919971145689701 ], [ 28.099229925696108, -25.919737353599533 ], [ 28.09916216651251, -25.920137885984872 ] ] ] } },
{ "type": "Feature", "properties": { "EA_CODE": "79910232", "EA_TYPE": "Township", "White": 0.0, "Black_African": 0.0, "Coloured": 0.0, "Indian_Asian": 0.0, "Other": 0.0, "area_km2": 0.212272, "sal2023_est": 36.741812, "walk_typology": "Well-served", "walk_dist_k1_km": 1.0328513637394128, "exceeds_walk_k1_3km": false, "econ_status": "Non_Wealthy", "Ai_walk": 0.047607, "walk_snap_flag": false, "drive_typology": "Well-served", "walk_dist_k3_km": 1.4299533531916284, "PR_NAME": "Gauteng", "MN_NAME": "City of Tshwane", "SP_NAME": "Olievenhoutbos Ext 15" }, "geometry": { "type": "Polygon", "coordinates": [ [ [ 28.100544628055861, -25.912659689698057 ], [ 28.100466568700675, -25.913075440775643 ], [ 28.100187326827683, -25.914566393436395 ], [ 28.100042719474548, -25.915289429839415 ], [ 28.099793395897702, -25.916655719592637 ], [ 28.099653774183984, -25.917528351428317 ], [ 28.099567472800789, -25.917954927827548 ], [ 28.098980351946722, -25.917960015571381 ], [ 28.098608188422869, -25.917972021236807 ], [ 28.098344073394621, -25.917966018813242 ], [ 28.09796590563867, -25.917911994610442 ], [ 28.097720114388633, -25.917834375595522 ], [ 28.097623756014592, -25.917803947414118 ], [ 28.097413663360022, -25.917713907280554 ], [ 28.096813397848742, -25.917455792993778 ], [ 28.09629717161339, -25.917221691315547 ], [ 28.095354729732549, -25.916785374864915 ], [ 28.095723104329057, -25.916103726375859 ], [ 28.095956974904297, -25.91565469443924 ], [ 28.096057204919074, -25.915462253103904 ], [ 28.096516720145711, -25.914632885346556 ], [ 28.096787769530238, -25.914143672900945 ], [ 28.096903591159553, -25.913938758735096 ], [ 28.097014957564873, -25.913640295057647 ], [ 28.097063958600042, -25.913355196633031 ], [ 28.097144143194669, -25.912664722835363 ], [ 28.097160555241505, -25.912533083085098 ], [ 28.09732363555602, -25.912550912376734 ], [ 28.099844757239865, -25.912723836781172 ], [ 28.099879999614735, -25.912529999864923 ], [ 28.09998328893877, -25.912475318795959 ], [ 28.100236213029238, -25.912564705320783 ], [ 28.10043312710965, -25.912644227225712 ], [ 28.100544628055861, -25.912659689698057 ] ] ] } },
{ "type": "Feature", "properties": { "EA_CODE": "79910036", "EA_TYPE": "Vacant_*", "White": null, "Black_African": null, "Coloured": null, "Indian_Asian": null, "Other": null, "area_km2": 0.082136, "sal2023_est": 0.0, "walk_typology": "Demand overcrowding", "walk_dist_k1_km": 1.175355504699561, "exceeds_walk_k1_3km": false, "econ_status": null, "Ai_walk": 0.041348, "walk_snap_flag": false, "drive_typology": "Well-served", "walk_dist_k3_km": 1.8788834619513279, "PR_NAME": "Gauteng", "MN_NAME": "City of Tshwane", "SP_NAME": "Olievenhoutbos Ext 36" }, "geometry": { "type": "Polygon", "coordinates": [ [ [ 28.099497912821544, -25.905022350208547 ], [ 28.101580344512627, -25.905285741749402 ], [ 28.10190754839434, -25.905303350167646 ], [ 28.101645212275056, -25.906721597764289 ], [ 28.101122993239926, -25.906684950939759 ], [ 28.10024346580186, -25.906556687067791 ], [ 28.099436223329523, -25.906431855049259 ], [ 28.099354778448507, -25.90641926058861 ], [ 28.098795911502794, -25.906263510639683 ], [ 28.098292017318073, -25.906116923590254 ], [ 28.097531591663206, -25.905878718974144 ], [ 28.09690859423517, -25.905686321833471 ], [ 28.096212302866284, -25.905429793644384 ], [ 28.095814406255645, -25.90534224112707 ], [ 28.095996640992375, -25.904551475155056 ], [ 28.096254836127954, -25.904586100385604 ], [ 28.097769354678498, -25.904775415378023 ], [ 28.099497912821544, -25.905022350208547 ] ] ] } },
{ "type": "Feature", "properties": { "EA_CODE": "79910028", "EA_TYPE": "Formal residential_*", "White": null, "Black_African": null, "Coloured": null, "Indian_Asian": null, "Other": null, "area_km2": 0.038551, "sal2023_est": 0.0, "walk_typology": "Connectivity gap", "walk_dist_k1_km": 2.1900004375312245, "exceeds_walk_k1_3km": false, "econ_status": null, "Ai_walk": 0.0, "walk_snap_flag": false, "drive_typology": "Well-served", "walk_dist_k3_km": 2.6030323386324841, "PR_NAME": "Gauteng", "MN_NAME": "City of Tshwane", "SP_NAME": "Olievenhoutbos Ext 4, 19, 22" }, "geometry": { "type": "Polygon", "coordinates": [ [ [ 28.11183069103166, -25.913041760795302 ], [ 28.112024332221544, -25.913043758769899 ], [ 28.112167996089106, -25.913043759018528 ], [ 28.112258297915112, -25.913043758672377 ], [ 28.112365019712684, -25.913056073202551 ], [ 28.11223777506784, -25.913487063178167 ], [ 28.11218030924557, -25.913794913199538 ], [ 28.112157464822786, -25.913895748176962 ], [ 28.112068032688637, -25.914290473987368 ], [ 28.111948711617021, -25.914323015834935 ], [ 28.11179268633181, -25.914420862614687 ], [ 28.11162608004431, -25.914500198949646 ], [ 28.111382783039058, -25.914508133825407 ], [ 28.111049572241978, -25.914502843961749 ], [ 28.110480999386979, -25.914479043409393 ], [ 28.110174232613161, -25.914436730836908 ], [ 28.109952093725099, -25.914412929857971 ], [ 28.109780197533674, -25.914312437817895 ], [ 28.10963270082204, -25.914212020623133 ], [ 28.109703969387333, -25.913896951006794 ], [ 28.109748978151384, -25.913735665131782 ], [ 28.109797738674168, -25.913529369369552 ], [ 28.109899012399485, -25.913514366200499 ], [ 28.110041542814844, -25.912921732828071 ], [ 28.110206580387381, -25.912914231744875 ], [ 28.110300351764774, -25.912899228885681 ], [ 28.110431629824696, -25.912921732785055 ], [ 28.110619172397929, -25.91296674434922 ], [ 28.110990503722363, -25.912996749626874 ], [ 28.111290570587443, -25.91303050827868 ], [ 28.11155312979804, -25.913049260755187 ], [ 28.11183069103166, -25.913041760795302 ] ] ] } },
{ "type": "Feature", "properties": { "EA_CODE": "79910522", "EA_TYPE": "Vacant_*", "White": null, "Black_African": null, "Coloured": null, "Indian_Asian": null, "Other": null, "area_km2": 0.156636, "sal2023_est": 0.0, "walk_typology": "Demand overcrowding", "walk_dist_k1_km": 0.81528565081547588, "exceeds_walk_k1_3km": false, "econ_status": null, "Ai_walk": 0.026662, "walk_snap_flag": false, "drive_typology": "Well-served", "walk_dist_k3_km": 2.6759522655899981, "PR_NAME": "Gauteng", "MN_NAME": "City of Tshwane", "SP_NAME": "Olievenhoutbos Ext 36" }, "geometry": { "type": "Polygon", "coordinates": [ [ [ 28.095311296112083, -25.897098850297397 ], [ 28.094929956686002, -25.897002375286228 ], [ 28.094295836574734, -25.896829190814532 ], [ 28.094098675728489, -25.896783895735837 ], [ 28.093821581274341, -25.896757253107847 ], [ 28.093555144329184, -25.896762580603642 ], [ 28.093262063886488, -25.896797217853521 ], [ 28.092992961049731, -25.896863826854169 ], [ 28.092753168937382, -25.896951752200984 ], [ 28.092550677486575, -25.897047667585277 ], [ 28.092399968981127, -25.89713452121466 ], [ 28.09194172373601, -25.896732159052718 ], [ 28.09229143263827, -25.896362159366298 ], [ 28.092209625185454, -25.896315426692226 ], [ 28.09145991576402, -25.895747687184926 ], [ 28.091314342271875, -25.895056208251344 ], [ 28.091225668680465, -25.894285223411213 ], [ 28.091794967572774, -25.894172667938282 ], [ 28.094330403154935, -25.893925336599835 ], [ 28.095998762632416, -25.893762588686496 ], [ 28.097007960330266, -25.893729608173118 ], [ 28.09701358255484, -25.894415680075344 ], [ 28.096991746965188, -25.895318242037696 ], [ 28.096649647037118, -25.895325520743096 ], [ 28.096409449334338, -25.895376471550765 ], [ 28.095776200200881, -25.896002441137764 ], [ 28.095608789233477, -25.896191688957678 ], [ 28.095477772170121, -25.896621133637634 ], [ 28.095311296112083, -25.897098850297397 ] ] ] } },
{ "type": "Feature", "properties": { "EA_CODE": "79910398", "EA_TYPE": "Informal residential_*", "White": null, "Black_African": null, "Coloured": null, "Indian_Asian": null, "Other": null, "area_km2": 0.028198, "sal2023_est": 0.0, "walk_typology": "Demand overcrowding", "walk_dist_k1_km": 1.5171509824068885, "exceeds_walk_k1_3km": false, "econ_status": null, "Ai_walk": 0.041078, "walk_snap_flag": false, "drive_typology": "Well-served", "walk_dist_k3_km": 1.9301828835081472, "PR_NAME": "Gauteng", "MN_NAME": "City of Tshwane", "SP_NAME": "Olievenhoutbos Ext 4, 19, 22" }, "geometry": { "type": "Polygon", "coordinates": [ [ [ 28.106880461436855, -25.915033074360583 ], [ 28.106421988881092, -25.915683499431108 ], [ 28.105501515775416, -25.916947760070808 ], [ 28.105388152333074, -25.917051044216763 ], [ 28.105181623684871, -25.916866331792061 ], [ 28.105151929093275, -25.916805294285201 ], [ 28.105079342170434, -25.916724459242534 ], [ 28.10504964751533, -25.916691464633423 ], [ 28.105056245817192, -25.91653144534494 ], [ 28.10499025916857, -25.916448960003137 ], [ 28.104922620854726, -25.916364824994744 ], [ 28.104831887813148, -25.916244398182542 ], [ 28.10481193792636, -25.916195140383515 ], [ 28.104660240096301, -25.915765328128195 ], [ 28.104609852184513, -25.915381346419824 ], [ 28.10484635898089, -25.915341839988148 ], [ 28.105153252391581, -25.915295056438296 ], [ 28.105261786641226, -25.915263243426736 ], [ 28.105349737751546, -25.915250145344402 ], [ 28.10544891723141, -25.91523891724022 ], [ 28.105514412921785, -25.915227689556911 ], [ 28.105607976714307, -25.915186520936526 ], [ 28.105759552931026, -25.915098570584689 ], [ 28.105873701664652, -25.915019976086718 ], [ 28.106122585347357, -25.914881499275161 ], [ 28.106388308817696, -25.91472992437237 ], [ 28.106880461436855, -25.915033074360583 ] ] ] } },
{ "type": "Feature", "properties": { "EA_CODE": "79910027", "EA_TYPE": "Formal residential_*", "White": null, "Black_African": null, "Coloured": null, "Indian_Asian": null, "Other": null, "area_km2": 0.059559, "sal2023_est": 0.0, "walk_typology": "Demand overcrowding", "walk_dist_k1_km": 1.8449369668766864, "exceeds_walk_k1_3km": false, "econ_status": null, "Ai_walk": 0.027905, "walk_snap_flag": false, "drive_typology": "Well-served", "walk_dist_k3_km": 2.257968867977945, "PR_NAME": "Gauteng", "MN_NAME": "City of Tshwane", "SP_NAME": "Olievenhoutbos Ext 4, 19, 22" }, "geometry": { "type": "Polygon", "coordinates": [ [ [ 28.10963270082204, -25.914212020623133 ], [ 28.109780197533674, -25.914312437817895 ], [ 28.109952093725099, -25.914412929857971 ], [ 28.10990827807829, -25.914526974595535 ], [ 28.109804410150566, -25.91550171960078 ], [ 28.10978843121929, -25.915565638431666 ], [ 28.109692554937467, -25.915605585949866 ], [ 28.109285078850551, -25.915613575167274 ], [ 28.1093143175442, -25.915841642941636 ], [ 28.109087441019426, -25.915840386944414 ], [ 28.108785249165379, -25.915840386626979 ], [ 28.108245883039377, -25.915840387195619 ], [ 28.10743901231012, -25.915847449018152 ], [ 28.106555281179322, -25.915811459996593 ], [ 28.106509961224653, -25.915783468716167 ], [ 28.106467308174206, -25.915732818856334 ], [ 28.106421988881092, -25.915683499431108 ], [ 28.106880461436855, -25.915033074360583 ], [ 28.106999615188023, -25.914999696420423 ], [ 28.107213413782688, -25.914800901676141 ], [ 28.107438464373761, -25.914440821977252 ], [ 28.107532234915737, -25.914294540416346 ], [ 28.107686019198628, -25.914118250358516 ], [ 28.107791041893186, -25.914005724840983 ], [ 28.107869810188955, -25.913900701600003 ], [ 28.10795607883788, -25.913750667814071 ], [ 28.108203633506442, -25.913416844419285 ], [ 28.10836867079658, -25.913495612201945 ], [ 28.108785013250053, -25.913716909547507 ], [ 28.10963270082204, -25.914212020623133 ] ] ] } },
{ "type": "Feature", "properties": { "EA_CODE": "79910029", "EA_TYPE": "Formal residential_*", "White": null, "Black_African": null, "Coloured": null, "Indian_Asian": null, "Other": null, "area_km2": 0.068323, "sal2023_est": 0.0, "walk_typology": "Connectivity gap", "walk_dist_k1_km": 2.5585970016076747, "exceeds_walk_k1_3km": false, "econ_status": null, "Ai_walk": 0.0, "walk_snap_flag": false, "drive_typology": "Well-served", "walk_dist_k3_km": 3.0519686026434241, "PR_NAME": "Gauteng", "MN_NAME": "City of Tshwane", "SP_NAME": "Olievenhoutbos Ext 4, 19, 22" }, "geometry": { "type": "Polygon", "coordinates": [ [ [ 28.11436625633441, -25.911327628740079 ], [ 28.114366255509342, -25.911413899062545 ], [ 28.114343751002913, -25.911552679343657 ], [ 28.114557547765152, -25.911552678961304 ], [ 28.114561298513657, -25.91165770326969 ], [ 28.114523791951164, -25.9119990297275 ], [ 28.114463777137516, -25.912317850405191 ], [ 28.114092444573735, -25.914159509329423 ], [ 28.114083336945093, -25.914224166702425 ], [ 28.113797676548028, -25.914183444880937 ], [ 28.113649854970866, -25.91415909476174 ], [ 28.112762205327577, -25.913989856185427 ], [ 28.112157464822786, -25.913895748176962 ], [ 28.11218030924557, -25.913794913199538 ], [ 28.11223777506784, -25.913487063178167 ], [ 28.112365019712684, -25.913056073202551 ], [ 28.112258297915112, -25.913043758672377 ], [ 28.112167996089106, -25.913043759018528 ], [ 28.112024332221544, -25.913043758769899 ], [ 28.11183069103166, -25.913041760795302 ], [ 28.111868199254197, -25.912839215555433 ], [ 28.111909458702723, -25.912644171641777 ], [ 28.111909459187288, -25.912524145802379 ], [ 28.111886953512169, -25.912452879876287 ], [ 28.111860697871769, -25.912411621404381 ], [ 28.112074496117742, -25.911924011937391 ], [ 28.112625867938846, -25.911875251320009 ], [ 28.112648373197942, -25.911833991619933 ], [ 28.112648373042724, -25.911087576022783 ], [ 28.112989697950372, -25.911113832098462 ], [ 28.113507314328309, -25.911200101025646 ], [ 28.11374361732895, -25.911211353260867 ], [ 28.113931157995687, -25.911252613601754 ], [ 28.11436625633441, -25.911327628740079 ] ] ] } },
{ "type": "Feature", "properties": { "EA_CODE": "79910517", "EA_TYPE": "Vacant_*", "White": null, "Black_African": null, "Coloured": null, "Indian_Asian": null, "Other": null, "area_km2": 0.099135, "sal2023_est": 0.0, "walk_typology": "Demand overcrowding", "walk_dist_k1_km": 0.99148718711795636, "exceeds_walk_k1_3km": false, "econ_status": null, "Ai_walk": 0.046283, "walk_snap_flag": false, "drive_typology": "Well-served", "walk_dist_k3_km": 1.7766051698266392, "PR_NAME": "Gauteng", "MN_NAME": "City of Tshwane", "SP_NAME": "Olievenhoutbos Ext 36" }, "geometry": { "type": "Polygon", "coordinates": [ [ [ 28.094647252723739, -25.899657929774495 ], [ 28.094379591288231, -25.90148789079646 ], [ 28.091381548356704, -25.901084309029574 ], [ 28.090352866301846, -25.900947150954131 ], [ 28.089921801315381, -25.900800196611105 ], [ 28.089231917768849, -25.90051264229934 ], [ 28.089270774955274, -25.900456594726869 ], [ 28.089459125298294, -25.900218711057693 ], [ 28.089652458338207, -25.899984858166178 ], [ 28.089850687192719, -25.899755142324906 ], [ 28.090053723917318, -25.899529662591217 ], [ 28.090261478631582, -25.899308524357217 ], [ 28.090473858363371, -25.899091822203498 ], [ 28.090690768188018, -25.898879655239881 ], [ 28.090911736961743, -25.898643259796231 ], [ 28.091625125326992, -25.899290009346455 ], [ 28.09174244620753, -25.899379521418286 ], [ 28.092031611032642, -25.899582551702615 ], [ 28.092164707938213, -25.899424290045715 ], [ 28.092208601137713, -25.899399417824387 ], [ 28.092255530690053, -25.899380905294695 ], [ 28.092304583494091, -25.899369110558261 ], [ 28.092354800376263, -25.899364266562262 ], [ 28.092405200903396, -25.899366465563407 ], [ 28.092727174570282, -25.899411147412106 ], [ 28.094647252723739, -25.899657929774495 ] ] ] } },
{ "type": "Feature", "properties": { "EA_CODE": "79910020", "EA_TYPE": "Vacant_*", "White": null, "Black_African": null, "Coloured": null, "Indian_Asian": null, "Other": null, "area_km2": 0.166721, "sal2023_est": 0.0, "walk_typology": "Demand overcrowding", "walk_dist_k1_km": 1.2744871615277469, "exceeds_walk_k1_3km": false, "econ_status": null, "Ai_walk": 0.023596, "walk_snap_flag": false, "drive_typology": "Well-served", "walk_dist_k3_km": 2.0837984837073038, "PR_NAME": "Gauteng", "MN_NAME": "City of Tshwane", "SP_NAME": "Olievenhoutbos Ext 4, 19, 22" }, "geometry": { "type": "Polygon", "coordinates": [ [ [ 28.110703318032666, -25.92096802674293 ], [ 28.110670089875786, -25.920974730745563 ], [ 28.108255385540655, -25.921627044800218 ], [ 28.107316970528519, -25.92191124032912 ], [ 28.104597091625351, -25.92269897514273 ], [ 28.10453495185806, -25.922438356066717 ], [ 28.104521249654482, -25.922338790321021 ], [ 28.104513674885986, -25.922238572031656 ], [ 28.104512256014022, -25.922138078391619 ], [ 28.104516996531814, -25.922037685880586 ], [ 28.104527881978559, -25.921937772920067 ], [ 28.10454486991387, -25.921838715435364 ], [ 28.104567895883061, -25.92174088410151 ], [ 28.104596874449495, -25.921644647946923 ], [ 28.104634599865737, -25.921467912835876 ], [ 28.104630648352572, -25.921413853435588 ], [ 28.104581390337451, -25.921338038381972 ], [ 28.104536785734524, -25.921259395199939 ], [ 28.104496995954921, -25.921178209783221 ], [ 28.104462164521756, -25.921094777190532 ], [ 28.104432419041718, -25.92100939892179 ], [ 28.104407866230218, -25.920922384761774 ], [ 28.104388595896602, -25.920834051846782 ], [ 28.104307790622567, -25.920452636987704 ], [ 28.104297660689912, -25.920256135698242 ], [ 28.104297661034565, -25.920106153648693 ], [ 28.104311295679562, -25.919925492182969 ], [ 28.104321521994432, -25.919792551938912 ], [ 28.104323800678852, -25.919764291219746 ], [ 28.10453156883559, -25.919761786987483 ], [ 28.104738654424771, -25.919761786864456 ], [ 28.105108762497778, -25.919722132655529 ], [ 28.105538454645018, -25.919630354137247 ], [ 28.105562587526471, -25.919625198727282 ], [ 28.10627196490773, -25.919488610924756 ], [ 28.10670375871943, -25.919413707850754 ], [ 28.106941687222509, -25.919294744284858 ], [ 28.107073112379428, -25.919263452953892 ], [ 28.107219269421869, -25.919228654089444 ], [ 28.108567525695467, -25.919083252633424 ], [ 28.10906981779592, -25.919003944372321 ], [ 28.109580855824955, -25.918955188068317 ], [ 28.109715483182772, -25.919095199699758 ], [ 28.109855496454795, -25.919299834083724 ], [ 28.110183538004232, -25.919876666836739 ], [ 28.110443679736239, -25.920353598609921 ], [ 28.110608981363445, -25.920689618427829 ], [ 28.110703318032666, -25.92096802674293 ] ] ] } },
{ "type": "Feature", "properties": { "EA_CODE": "79910396", "EA_TYPE": "Informal residential_*", "White": null, "Black_African": null, "Coloured": null, "Indian_Asian": null, "Other": null, "area_km2": 0.02224, "sal2023_est": 0.0, "walk_typology": "Demand overcrowding", "walk_dist_k1_km": 1.4781286592978855, "exceeds_walk_k1_3km": false, "econ_status": null, "Ai_walk": 0.041561, "walk_snap_flag": false, "drive_typology": "Well-served", "walk_dist_k3_km": 1.8911605603991448, "PR_NAME": "Gauteng", "MN_NAME": "City of Tshwane", "SP_NAME": "Olievenhoutbos Ext 4, 19, 22" }, "geometry": { "type": "Polygon", "coordinates": [ [ [ 28.105388152333074, -25.917051044216763 ], [ 28.105024163432617, -25.917337610383086 ], [ 28.104398158825123, -25.917702893846254 ], [ 28.104250711825273, -25.917756559281095 ], [ 28.104101070860771, -25.917803760323071 ], [ 28.10394951769392, -25.917844409947033 ], [ 28.10379634216785, -25.917878430999075 ], [ 28.103641830251366, -25.917905758996476 ], [ 28.10348627701725, -25.917926342028778 ], [ 28.10329284807586, -25.916856713549532 ], [ 28.103743729003277, -25.916806147064534 ], [ 28.104104011764761, -25.916635486761081 ], [ 28.1045422522328, -25.916386869924946 ], [ 28.10481193792636, -25.916195140383515 ], [ 28.104831887813148, -25.916244398182542 ], [ 28.104922620854726, -25.916364824994744 ], [ 28.10499025916857, -25.916448960003137 ], [ 28.105056245817192, -25.91653144534494 ], [ 28.10504964751533, -25.916691464633423 ], [ 28.105079342170434, -25.916724459242534 ], [ 28.105151929093275, -25.916805294285201 ], [ 28.105181623684871, -25.916866331792061 ], [ 28.105388152333074, -25.917051044216763 ] ] ] } },
{ "type": "Feature", "properties": { "EA_CODE": "79910221", "EA_TYPE": "Vacant_*", "White": null, "Black_African": null, "Coloured": null, "Indian_Asian": null, "Other": null, "area_km2": 0.174657, "sal2023_est": 0.0, "walk_typology": "Well-served", "walk_dist_k1_km": 1.502000478995867, "exceeds_walk_k1_3km": false, "econ_status": null, "Ai_walk": 0.053037, "walk_snap_flag": false, "drive_typology": "Well-served", "walk_dist_k3_km": 1.5534191849909955, "PR_NAME": "Gauteng", "MN_NAME": "City of Tshwane", "SP_NAME": "Olievenhoutbos" }, "geometry": { "type": "Polygon", "coordinates": [ [ [ 28.087886443284688, -25.904283512366593 ], [ 28.087204081718887, -25.906674661406971 ], [ 28.087008446527825, -25.907360212374197 ], [ 28.085915323147969, -25.907137093734047 ], [ 28.08542232471007, -25.907017028137517 ], [ 28.085009315103555, -25.907890971726722 ], [ 28.084869202149299, -25.908097804886804 ], [ 28.084772457997033, -25.908277949737119 ], [ 28.084699065664132, -25.908504799113135 ], [ 28.084632345193086, -25.908768343725026 ], [ 28.084535601457912, -25.908991854550354 ], [ 28.084438857166759, -25.909202025018395 ], [ 28.084358791646757, -25.909308778383497 ], [ 28.084302080332527, -25.909385507266649 ], [ 28.084243972729237, -25.909476153889834 ], [ 28.084218679955285, -25.90951561183758 ], [ 28.084145287213587, -25.909732452333245 ], [ 28.084108590530505, -25.909875899995917 ], [ 28.084011846759097, -25.910049372852804 ], [ 28.083678245038374, -25.910729918954242 ], [ 28.083344644001667, -25.911450498752178 ], [ 28.083284399378876, -25.911563456205762 ], [ 28.083157827142028, -25.91180078035061 ], [ 28.082978157586467, -25.912174237144441 ], [ 28.082857286226496, -25.912368645303655 ], [ 28.08282635980391, -25.912356313418353 ], [ 28.081645848159287, -25.911911895170576 ], [ 28.082593918081418, -25.909965514681787 ], [ 28.083951949354901, -25.90712928787455 ], [ 28.084057233416704, -25.906923896077377 ], [ 28.085309982177424, -25.904479980152697 ], [ 28.0853214261384, -25.904260634948194 ], [ 28.08533215708022, -25.903966865648229 ], [ 28.085614106204062, -25.904025399762151 ], [ 28.086039269485223, -25.904044725010433 ], [ 28.086329152491043, -25.904052454578434 ], [ 28.086789098511794, -25.904118161571471 ], [ 28.087276104475333, -25.904210925338578 ], [ 28.087419113453077, -25.904241846106942 ], [ 28.087824947536884, -25.904276632308832 ], [ 28.087886443284688, -25.904283512366593 ] ] ] } },
{ "type": "Feature", "properties": { "EA_CODE": "79910223", "EA_TYPE": "Vacant_*", "White": null, "Black_African": null, "Coloured": null, "Indian_Asian": null, "Other": null, "area_km2": 0.100095, "sal2023_est": 0.0, "walk_typology": "Demand overcrowding", "walk_dist_k1_km": 1.551210444250809, "exceeds_walk_k1_3km": false, "econ_status": null, "Ai_walk": 0.020155, "walk_snap_flag": false, "drive_typology": "Well-served", "walk_dist_k3_km": 2.1375929137627971, "PR_NAME": "Gauteng", "MN_NAME": "City of Tshwane", "SP_NAME": "Olievenhoutbos" }, "geometry": { "type": "Polygon", "coordinates": [ [ [ 28.082857286226496, -25.912368645303655 ], [ 28.082835670496937, -25.912403412092171 ], [ 28.082819173878253, -25.912467743910945 ], [ 28.082791131730676, -25.912563415735811 ], [ 28.082777935991668, -25.912614552340163 ], [ 28.08278123485584, -25.912655790074663 ], [ 28.082804329331353, -25.91271187344293 ], [ 28.082853812725698, -25.912855382183004 ], [ 28.082918145949204, -25.912977448130214 ], [ 28.082972581428262, -25.913083016227066 ], [ 28.083023714657212, -25.913193534272434 ], [ 28.083066603449495, -25.91330570209081 ], [ 28.083129284857836, -25.913445911331365 ], [ 28.083144130776478, -25.913515189797849 ], [ 28.08316392534875, -25.913612513168335 ], [ 28.083190317352297, -25.913642205437085 ], [ 28.083233206142467, -25.913680144272256 ], [ 28.083305784083066, -25.913737876624637 ], [ 28.083366816255687, -25.913820353330284 ], [ 28.083399807429956, -25.913896229947078 ], [ 28.083436095851177, -25.913963861941482 ], [ 28.083455890836746, -25.914079328957143 ], [ 28.083442694222246, -25.914163454738127 ], [ 28.083158976090726, -25.914712747432674 ], [ 28.082946188285366, -25.915204303971962 ], [ 28.082658734340725, -25.915837535206204 ], [ 28.082392761890727, -25.915851968942203 ], [ 28.081945770391137, -25.915881768274307 ], [ 28.081156082293383, -25.915866867927829 ], [ 28.080008801480954, -25.915871834677553 ], [ 28.07972091361745, -25.915839582718945 ], [ 28.080362320553427, -25.914546967424126 ], [ 28.081645848159287, -25.911911895170576 ], [ 28.08282635980391, -25.912356313418353 ], [ 28.082857286226496, -25.912368645303655 ] ] ] } },
{ "type": "Feature", "properties": { "EA_CODE": "79910397", "EA_TYPE": "Informal residential_*", "White": null, "Black_African": null, "Coloured": null, "Indian_Asian": null, "Other": null, "area_km2": 0.040602, "sal2023_est": 0.0, "walk_typology": "Demand overcrowding", "walk_dist_k1_km": 1.3094994564061764, "exceeds_walk_k1_3km": false, "econ_status": null, "Ai_walk": 0.043718, "walk_snap_flag": false, "drive_typology": "Well-served", "walk_dist_k3_km": 1.7225313575074357, "PR_NAME": "Gauteng", "MN_NAME": "City of Tshwane", "SP_NAME": "Olievenhoutbos Ext 4, 19, 22" }, "geometry": { "type": "Polygon", "coordinates": [ [ [ 28.10481193792636, -25.916195140383515 ], [ 28.1045422522328, -25.916386869924946 ], [ 28.104104011764761, -25.916635486761081 ], [ 28.103743729003277, -25.916806147064534 ], [ 28.10329284807586, -25.916856713549532 ], [ 28.10348627701725, -25.917926342028778 ], [ 28.103412179554656, -25.917933739242208 ], [ 28.102712457696956, -25.917959069947823 ], [ 28.102557316531438, -25.917563942789432 ], [ 28.102465201006456, -25.917285173021114 ], [ 28.102414296376747, -25.917040340954578 ], [ 28.102353693971555, -25.916827020426265 ], [ 28.102329453179745, -25.916720360104616 ], [ 28.102314908155353, -25.916434317908035 ], [ 28.102310060053284, -25.916284023173695 ], [ 28.102249457767773, -25.915816176243222 ], [ 28.102862781751416, -25.915790951111894 ], [ 28.102945118430696, -25.915781593634723 ], [ 28.10298441717546, -25.915772237676403 ], [ 28.103021841948809, -25.915746038966095 ], [ 28.103074240389276, -25.915697386025869 ], [ 28.103175289223344, -25.915646862193615 ], [ 28.103444755617421, -25.915588849782555 ], [ 28.104028600790507, -25.915478444095001 ], [ 28.104609852184513, -25.915381346419824 ], [ 28.104660240096301, -25.915765328128195 ], [ 28.10481193792636, -25.916195140383515 ] ] ] } }
]
}
